Date,jp_w_i_delta,uk_w_i_delta,au_w_i_delta,de_w_i_delta,ca_w_i_delta,nz_w_i_delta,usdjpy_w_delta,usdcad_w_delta,nzdusd_w_delta,gbpusd_w_delta,eurusd_w_delta,audusd_w_delta
21-May-17,0.003,0.082,0.074,0.043,0.028,0.035,0.95,-0.005,-0.008,-0.0083,-0.0097,0.0005
14-May-17,0.005,-0.007,0.15,0.018,0.101,0.135,-0.06,0.007,-0.014,0.0231,0.0024,0.0014
7-May-17,-0.023,0.029,0.024,0.021,-0.029,0.075,2.06,0.02,-0.006,-0.0144,-0.0276,-0.0075
30-Apr-17,-0.005,-0.03,-0.075,-0.091,0.007,0.01,-0.62,-0.006,0.005,0.009,0.0067,0.0035
23-Apr-17,0,-0.052,-0.032,-0.071,-0.083,-0.08,-1.17,0,-0.005,-0.003,-0.0101,0.0068
16-Apr-17,-0.001,0.009,-0.086,-0.064,0.027,-0.035,-2.47,-0.015,0.017,-0.0138,-0.0169,0.0054
9-Apr-17,0.035,0.032,0.083,0.039,0.1,0.12,-0.44,-0.017,-0.003,-0.0289,-0.0116,0.0034
2-Apr-17,0.021,0.064,0.168,0.103,0.03,0.13,2.43,0.008,-0.006,-0.0151,-0.0022,-0.0077
26-Mar-17,-0.007,0.059,0.057,0.075,0.017,0.02,0.32,-0.009,0.007,0.0177,0.0062,0.0129
19-Mar-17,0.012,0.046,0.094,0.03,0.119,0.065,-0.05,0.007,0.002,-0.008,0.0147,-0.0006
12-Mar-17,0.014,-0.012,0.114,0.048,0.049,0.125,1.38,-0.003,-0.001,-0.0076,-0.0061,0.0079
5-Mar-17,-0.014,-0.048,-0.159,-0.129,-0.109,-0.09,2.03,0.012,-0.009,-0.0223,-0.0066,-0.016
26-Feb-17,-0.015,-0.106,-0.086,-0.173,-0.097,-0.075,-0.73,-0.009,0.012,0.0124,-0.0049,0.0053
19-Feb-17,0.031,0.134,0.084,0.12,0.108,0.105,-1.83,-0.029,0.016,0.0173,-0.006,0.0079
12-Feb-17,-0.005,0.044,-0.116,0.012,-0.018,-0.135,0.69,0.001,-0.001,-0.0054,0.0051,-0.0003
5-Feb-17,0.011,0.101,0.091,0.098,0.069,0.18,0.34,-0.002,0,0.0077,0.0027,0.0005
29-Jan-17,-0.018,0.111,-0.001,0.051,0.015,0.035,-0.52,-0.006,0.012,-0.0003,0.0143,0.0007
22-Jan-17,-0.014,-0.036,-0.014,-0.04,-0.027,-0.17,2.38,0.013,-0.005,0.0067,-0.0085,-0.0132
15-Jan-17,-0.016,-0.068,-0.069,-0.083,-0.035,-0.125,-0.46,0.017,-0.01,-0.018,0.0004,0.0005
8-Jan-17,0.006,0.017,-0.007,-0.041,0.013,0.055,-0.09,-0.021,-0.004,-0.0196,-0.0059,-0.0054
1-Jan-17,-0.007,-0.142,0.066,-0.091,-0.014,0.2,2.39,0.012,-0.017,0.0108,-0.0111,-0.0204
25-Dec-16,0.006,0.104,0.11,0.014,0.083,0.095,-0.03,0.02,-0.001,0.0051,-0.0017,-0.0082
18-Dec-16,0.025,0.093,0.013,0.093,0.034,-0.065,0.46,0.01,-0.007,-0.0046,-0.006,-0.0033
11-Dec-16,-0.024,0.024,-0.046,0.051,-0.103,-0.135,0.64,-0.02,0.009,0.0205,-0.0005,0.0123
4-Dec-16,-0.016,-0.081,0.022,-0.086,-0.109,-0.015,-2.59,-0.016,0.016,0.0079,0.0111,0.0147
27-Nov-16,-0.003,0.04,-0.081,-0.039,-0.059,-0.07,-1.82,0.011,0,0.0153,0.0111,0.0009
20-Nov-16,0.003,0.038,-0.068,0.031,0.019,-0.1,-0.5,0.024,-0.009,-0.0253,-0.0086,-0.0018
13-Nov-16,-0.072,-0.093,-0.125,0.037,-0.147,-0.045,-2.13,-0.003,-0.003,-0.013,0.0001,-0.0105
6-Nov-16,-0.028,-0.235,-0.238,-0.174,-0.272,-0.28,-4.27,0.004,0.01,0.0256,0.0268,0.0213
30-Oct-16,0.016,0.13,0.023,0.033,0.068,-0.055,-3.54,-0.014,0.021,-0.0083,0.0282,0.0121
23-Oct-16,-0.015,-0.172,-0.084,-0.164,-0.097,-0.115,1.56,-0.001,-0.016,-0.0334,-0.0151,-0.0073
16-Oct-16,0.005,0.009,-0.024,0.055,0.118,-0.105,-0.87,-0.007,0,0.005,-0.0103,0.0007
9-Oct-16,-0.008,-0.118,-0.092,-0.038,-0.079,0.005,0.36,-0.019,-0.008,-0.0048,0.0087,0.0014
2-Oct-16,-0.016,-0.231,-0.211,-0.141,-0.173,-0.22,-1.27,0.016,0.008,0.0247,0.023,-0.0044
25-Sep-16,0.03,-0.016,0.08,0.039,0.045,0.115,-1.58,-0.017,0.013,0.0542,0.004,0.0087
18-Sep-16,0.014,0.143,0.123,0.088,0.148,0.17,-0.34,0.004,-0.005,-0.0002,-0.0015,-0.0043
11-Sep-16,0.021,-0.014,-0.153,0.005,-0.039,-0.235,1.3,0.004,0.003,0.0027,-0.0071,-0.0131
4-Sep-16,-0.007,-0.132,-0.114,-0.054,-0.088,-0.06,0.39,-0.016,0.006,0.0266,0.0078,0.0051
28-Aug-16,-0.048,-0.16,0.021,-0.029,0.029,0.005,1.3,-0.005,-0.003,0.0026,-0.0077,0.0031
21-Aug-16,-0.015,0.05,-0.001,0.037,-0.014,-0.06,-2.16,0,-0.006,-0.0154,0.0042,-0.0008
14-Aug-16,-0.018,-0.1,-0.025,-0.073,-0.073,-0.07,-1.61,-0.013,0.004,-0.0064,0.0128,0.0064
7-Aug-16,0.013,0.154,-0.013,0.04,0.066,0.04,1.09,0.008,-0.008,-0.0152,-0.0165,0.0019
31-Jul-16,-0.079,0.013,-0.019,-0.053,-0.043,0.01,0.5,0.022,-0.005,0.015,-0.0076,-0.0027
24-Jul-16,-0.057,0.113,0.024,0.091,0.071,0.01,0.25,-0.014,0.006,0.0158,0.0089,-0.0023
17-Jul-16,-0.003,0.035,0.102,0.036,-0.017,0.135,4.02,0.01,-0.021,-0.012,-0.0198,-0.0131
10-Jul-16,-0.053,-0.098,-0.108,-0.191,-0.122,-0.085,-1.24,-0.016,0.011,0.0082,0.006,0.0112
3-Jul-16,0.032,0.128,0.083,0.054,0.1,0.08,-4.29,0.007,0.02,-0.0237,0.0019,-0.001
26-Jun-16,0.057,0.224,0.089,0.078,0.103,0.04,1.98,-0.013,-0.013,0.0306,0.0081,-0.007
19-Jun-16,0.043,0.057,0.029,0.072,-0.043,0.085,-0.3,0.009,-0.005,0.0418,-0.0019,-0.0035
12-Jun-16,0.001,0.09,0.027,0.001,0.012,0.11,1.89,-0.011,-0.008,0.0678,0.016,-0.0064
5-Jun-16,0.049,0.044,0.11,0.053,0.046,0.05,2.86,-0.011,0,-0.01,-0.0026,-0.0027
29-May-16,-0.014,0.158,0.04,0.069,0.18,-0.05,-0.45,0.015,-0.01,0.0262,0.0116,-0.0004
22-May-16,0.016,0.015,0.032,0.028,-0.009,0.13,3.7,0.008,-0.026,0.0105,-0.0252,-0.0185
15-May-16,-0.012,-0.074,-0.017,-0.042,-0.073,-0.065,-0.08,0.009,0.007,-0.0124,0.0109,0.0039
8-May-16,-0.002,0.043,0.003,0.017,0.078,-0.02,-1.54,-0.017,0,-0.0139,0.0084,0.0046
1-May-16,0.034,0.177,0.236,0.136,0.16,0.23,-1.49,-0.003,0.007,0.0068,0.0097,0.0101
24-Apr-16,-0.041,0.002,0.107,-0.05,0.002,0.025,-0.76,-0.036,0.014,0.0183,0.0051,0.0234
17-Apr-16,0.012,-0.184,-0.054,-0.099,-0.243,-0.01,5.43,0.012,-0.012,-0.021,-0.0222,0.0105
10-Apr-16,0.027,-0.05,-0.159,-0.036,-0.045,-0.035,-3.02,0.015,0.007,-0.0208,0.0049,0.0016
3-Apr-16,0.015,0.045,0.126,0.048,0.011,0.11,-0.71,0.017,-0.012,-0.0069,0.0118,-0.0169
27-Mar-16,-0.027,0.046,0.058,0.034,0.035,0.115,3.61,0.002,0.009,0.01,-0.0014,0.0115
20-Mar-16,-0.007,-0.005,-0.041,0.039,0.01,-0.06,1.4,0.026,-0.021,-0.0083,-0.0221,-0.0162
13-Mar-16,0.089,0.127,0.114,0.062,0.079,0.005,-1.5,-0.027,0.011,0.0338,0.0104,0.0096
6-Mar-16,-0.021,-0.091,-0.098,-0.041,-0.112,0.06,2.24,0.021,-0.004,-0.0094,-0.0117,-0.0038
28-Feb-16,-0.03,-0.088,-0.175,-0.093,-0.068,-0.085,-0.05,0.011,0.006,-0.016,-0.0149,-0.0123
21-Feb-16,0.071,0.019,0.038,0.059,-0.063,0.09,0.24,0.02,-0.019,-0.0357,-0.007,-0.0313
14-Feb-16,0.064,0.002,-0.039,0.06,0.015,-0.065,-1.43,0.025,0,0.0536,0.0201,0.002
7-Feb-16,-0.037,0.143,0.158,0.036,-0.005,0.155,0.65,0.008,0,0.0101,0.0125,-0.0043
31-Jan-16,0.075,-0.003,0.114,0.033,0.09,0.07,3.68,0.007,0,-0.0004,-0.0101,-0.0036
24-Jan-16,0.121,0.151,0.059,0.151,0.098,0.035,4.16,0.006,-0.015,-0.0256,-0.0322,0.0014
17-Jan-16,-0.005,-0.048,-0.016,-0.012,-0.166,0.065,-2.28,0.014,0.001,0.0018,-0.004,-0.0082
10-Jan-16,0.005,0.108,0.069,0.036,0.147,0.085,-1.72,0.042,-0.003,-0.0007,0.012,-0.0134
3-Jan-16,0.037,0.189,0.107,0.126,0.094,0.185,0.39,-0.037,0.008,0.0262,0.0015,0.0084
27-Dec-15,0.013,-0.038,-0.061,-0.007,-0.014,-0.005,2.88,-0.032,0.03,0.0228,-0.0072,0.0345
20-Dec-15,-0.009,-0.09,-0.061,-0.077,0.022,-0.04,0.09,-0.003,-0.001,0.0185,0.0117,-0.0054
13-Dec-15,0.042,-0.019,0.092,-0.008,0.006,0.01,0.8,0.013,-0.011,-0.0039,-0.0109,-0.0072
6-Dec-15,0.016,0.115,0.093,0.147,0.173,0.015,-0.36,-0.02,0,0.0323,0.0122,0.0016
29-Nov-15,-0.03,-0.114,-0.107,-0.235,-0.012,-0.04,2.31,-0.039,0.002,-0.0105,-0.0104,0.0154
22-Nov-15,0.01,0.056,0.054,0.024,0.057,0.05,-0.33,0.001,-0.021,-0.0075,-0.0293,-0.0148
15-Nov-15,-0.004,0.106,0.061,0.083,0.024,0.01,0.07,-0.003,0.003,0.0155,0.0053,0.0047
8-Nov-15,0.01,0.063,-0.171,0.135,0.065,-0.215,-0.27,-0.002,-0.002,0.0041,0.0133,-0.011
1-Nov-15,-0.016,-0.114,-0.156,-0.174,-0.173,-0.07,0.52,-0.002,-0.002,-0.0183,-0.0038,-0.0083
25-Oct-15,0.003,-0.064,-0.022,-0.015,-0.035,0.01,-2.54,-0.023,0.025,0.0379,0.0264,0.0091
18-Oct-15,0.014,-0.062,-0.01,0.041,-0.04,-0.015,0.85,0.009,-0.002,-0.0115,0.0013,0.0076
11-Oct-15,0.007,0.061,0.085,0.072,0.053,0.145,-2.03,-0.025,0.006,0.0121,0.0328,0.0047
4-Oct-15,-0.001,-0.159,-0.077,-0.105,-0.116,-0.12,0.84,0.003,-0.012,-0.0131,0.0012,0.0073
27-Sep-15,0.001,0.143,0.101,0.135,0.122,0.005,-0.37,0.021,-0.025,-0.0122,-0.0147,-0.0287
20-Sep-15,0.012,0,0.073,0.014,-0.063,0.005,0.67,0.019,-0.006,0,-0.0016,-0.0024
13-Sep-15,0.013,-0.018,-0.042,-0.007,0.011,-0.055,-0.58,-0.011,0.001,0.035,0.011,0.0165
6-Sep-15,0.021,0.001,-0.093,0.006,-0.034,0.015,0.58,0.004,-0.008,-0.0102,0.0035,-0.0098
30-Aug-15,0.012,0.122,0.073,0.062,0.005,-0.035,-1.58,0.002,-0.003,-0.0259,-0.0193,-0.0184
23-Aug-15,-0.028,-0.252,-0.133,-0.154,-0.177,-0.045,2.72,-0.008,0.018,0.0222,0.0032,0.0266
16-Aug-15,0.022,0.181,0.198,0.085,0.125,0.115,0.31,-0.002,0.022,0.0304,0.021,0.0149
9-Aug-15,0.041,-0.031,0.052,0.001,0.028,0.055,2.28,-0.01,-0.015,-0.0051,-0.0283,0.0049
2-Aug-15,-0.009,0.034,-0.073,-0.01,0.021,-0.03,-0.09,0.004,0.008,-0.015,-0.0137,0.0048
26-Jul-15,0.003,0.065,0.035,0.052,0.046,-0.04,-0.28,-0.004,-0.003,0.0128,0.0019,-0.0114
19-Jul-15,0.013,0.132,0.165,0.09,0.08,0.16,-0.12,-0.004,-0.001,-0.011,-0.0004,-0.0022
12-Jul-15,0.01,-0.005,-0.001,0.106,0.118,0.03,0.26,-0.008,-0.007,0.0095,-0.0154,0.0089
5-Jul-15,0.049,-0.075,0.125,-0.102,0.014,0.12,-1.33,-0.031,0.021,-0.0083,0.0334,0.0074
28-Jun-15,-0.013,0.19,-0.026,0.128,0.173,0.09,0.06,-0.008,-0.003,0.0045,-0.005,0.0064
21-Jun-15,-0.05,-0.177,-0.187,-0.16,-0.157,-0.06,1.05,-0.026,0.015,0.0181,0.0052,0.0145
14-Jun-15,0.082,-0.017,0.14,0.09,0.092,0.21,-1.19,-0.005,0.006,0.0132,0.0187,0.0116
7-Jun-15,-0.019,0.082,0.04,-0.003,0.019,0.005,0.72,0.006,0.007,-0.0325,-0.0084,-0.004
31-May-15,-0.091,-0.273,-0.318,-0.363,-0.204,-0.235,2.23,0.012,0.006,-0.0287,-0.0156,-0.0101
24-May-15,0.023,0.115,0.198,0.117,0.149,0.13,-1.48,0.001,0.006,0.0019,-0.0125,0.0011
17-May-15,-0.022,-0.019,-0.001,0.036,-0.057,-0.07,-2.59,-0.017,0.021,0.0199,0.003,0.0189
10-May-15,0.022,-0.023,-0.073,-0.094,-0.013,-0.1,-2.26,-0.027,0.016,0.0233,0.0435,0.0204
3-May-15,-0.055,-0.027,-0.184,-0.181,-0.04,-0.105,0.52,0.006,0.002,-0.0267,-0.0249,-0.0101
26-Apr-15,-0.072,-0.199,-0.117,-0.206,-0.219,-0.1,0.36,0.009,0.005,-0.0315,-0.0003,-0.0081
19-Apr-15,0.017,-0.063,-0.201,-0.079,-0.032,-0.225,-1.19,0.002,0.007,0.0048,-0.0327,-0.0034
12-Apr-15,0.035,-0.003,0.016,0.077,-0.036,0.025,-0.06,0.007,0.007,-0.0227,-0.0067,-0.0042
5-Apr-15,0.014,0.001,-0.07,0.027,-0.06,0.005,1.3,0.031,-0.015,-0.0331,-0.0203,-0.0092
29-Mar-15,0.022,-0.045,0.114,0.026,0.063,0.08,-1.25,-0.008,0.007,0.029,0.0374,-0.0053
22-Mar-15,-0.053,-0.021,-0.037,-0.024,-0.073,-0.035,0.17,0.013,-0.004,-0.0044,-0.0089,0.0121
15-Mar-15,0.091,0.185,0.177,0.074,0.171,0.145,0.89,-0.006,0,0.0074,-0.0067,0.0022
8-Mar-15,-0.03,0.243,0.09,0.141,0.138,-0.025,1.36,0.023,-0.023,-0.0207,-0.0327,-0.0137
1-Mar-15,-0.048,-0.159,-0.165,-0.076,-0.313,-0.065,-0.55,-0.016,0.002,0.0293,0.0349,0.0081
22-Feb-15,0.051,-0.011,0.1,0.048,0.117,0.045,-1.3,-0.011,0.02,0.0397,0.0352,0.0094
15-Feb-15,0.027,-0.1,-0.066,-0.023,0.009,-0.07,-0.51,0.002,-0.004,-0.0034,0.0185,0.0031
8-Feb-15,-0.074,-0.031,-0.072,0.025,0.024,-0.09,-0.28,-0.008,-0.007,-0.0001,0.0004,-0.0074
1-Feb-15,-0.058,-0.306,0.027,-0.061,-0.199,0,0.23,0.008,-0.01,-0.0153,-0.0069,0.0028
25-Jan-15,-0.039,0.137,0.141,0.053,0.197,0.19,-1.53,0.021,-0.01,-0.0177,-0.0028,-0.0028
18-Jan-15,-0.006,0.061,-0.077,0.092,0.092,0,0.33,-0.031,0.02,-0.0079,-0.008,0.0139
11-Jan-15,0.041,0.049,0.192,0.024,0.114,0.215,-0.14,-0.044,0.034,0.0161,0.0361,0.032
4-Jan-15,0.044,0.131,0.143,0.016,0.09,0.07,0.89,-0.012,0.005,0.0009,0.0273,-0.0024
28-Dec-14,0.005,0.163,0.086,0.097,0.169,0.07,1.97,-0.008,-0.013,0.0168,0.0161,-0.0114
21-Dec-14,0.023,-0.031,0.034,-0.001,-0.101,0.04,-0.09,-0.016,0.006,0.0228,0.0173,0.0028
14-Dec-14,0.047,-0.042,-0.083,0.032,-0.055,-0.025,-0.91,-0.003,-0.001,0.0076,0.0052,0.0026
7-Dec-14,0.026,0.209,0.144,0.157,0.201,0.105,-0.7,-0.002,0.003,0.0088,0.0234,0.0101
30-Nov-14,-0.002,-0.091,0.004,-0.081,-0.11,0.06,2.62,-0.014,-0.007,-0.0137,-0.0176,0.0081
23-Nov-14,0.04,0.122,0.234,0.069,0.16,0.155,-2.78,-0.002,0.014,0.0066,0.0166,0.0184
16-Nov-14,0.017,0.09,0.047,0.02,0.026,0.03,-0.83,-0.018,0.003,0.0006,-0.0062,0.016
9-Nov-14,-0.006,0.074,0.024,0.034,-0.007,-0.015,-1.53,0.006,0.002,0.0015,0.0134,0.0077
2-Nov-14,-0.013,0.037,-0.072,0.016,0.021,-0.075,-1.74,0.004,-0.015,0.0204,-0.007,-0.0112
26-Oct-14,0.007,-0.02,-0.01,0.047,-0.034,0.005,-2.21,-0.006,0.003,0.0124,0.0071,0.0163
19-Oct-14,0.004,-0.03,-0.042,-0.023,-0.062,-0.025,-4.17,-0.003,0.006,0.0093,0.0146,-0.0003
12-Oct-14,0.028,0.025,0.103,0.028,0.058,0.11,-1.28,0.005,0.007,0.0004,0.0092,-0.0052
5-Oct-14,0.02,0.17,0.132,0.039,0.085,0.03,0.79,-0.008,-0.011,-0.0017,-0.0135,-0.006
28-Sep-14,-0.001,0.065,0.029,0.036,0.068,0.015,2.1,0.004,-0.005,-0.0114,-0.0111,-0.0008
21-Sep-14,0.043,0.085,0.236,0.076,0.085,0.16,-0.49,-0.009,0.01,0.0283,0.0168,0.009
14-Sep-14,0.012,-0.007,-0.088,0.042,-0.006,-0.025,-0.23,-0.019,0.026,0.0041,0.0144,0.0161
7-Sep-14,-0.034,-0.071,-0.171,-0.152,-0.122,-0.075,-1.72,0.013,0.003,-0.002,0.0136,0.0113
31-Aug-14,-0.045,-0.098,-0.18,-0.046,-0.123,-0.13,-2.23,-0.021,0.018,0.0059,-0.0014,0.034
24-Aug-14,0.017,0.038,0.184,0.099,0.079,0.185,-1.02,0,0.003,0.0272,0.0182,-0.0041
17-Aug-14,-0.007,-0.055,-0.085,-0.019,-0.056,-0.095,-0.14,0.007,0.005,-0.0028,0.011,-0.0023
10-Aug-14,0.006,0.108,-0.075,0.085,0.046,0.005,-1.58,-0.005,0.007,0.0126,0.0156,0.0006
3-Aug-14,0.024,0.103,0.217,0.087,0.053,0.125,-0.3,0.008,-0.002,0.0076,0.0012,-0.0042
27-Jul-14,-0.004,0.002,-0.086,0.006,-0.002,-0.045,0.57,-0.006,0.006,0.0048,0.002,0.0032
20-Jul-14,0.009,0.017,-0.084,0.014,0.049,0.07,-0.79,-0.01,0.004,0.0153,0.0001,0.0084
13-Jul-14,-0.003,0.02,0.057,0.044,0.05,0.12,-0.51,-0.008,0.015,0.0114,0.0092,-0.0005
6-Jul-14,0.029,0.156,0.163,0.062,0.116,0.06,0.05,0,0.011,0.0037,0.0085,0.0002
29-Jun-14,-0.007,-0.114,-0.056,-0.003,-0.081,-0.075,0.74,-0.008,-0.007,0.0035,-0.0013,-0.0028
22-Jun-14,0.027,0.127,0.148,0.086,0.045,0.03,-0.74,0.001,0.004,-0.0125,0.0053,0.006
15-Jun-14,0.018,-0.022,0.112,0.022,0.017,0.04,0.7,0.009,-0.008,-0.0023,-0.005,-0.0036
8-Jun-14,-0.005,-0.089,-0.004,-0.014,0.006,-0.115,-0.01,0.01,-0.003,-0.0047,-0.0057,0.0014
1-Jun-14,-0.024,-0.093,-0.109,0,-0.073,-0.11,0.41,0.008,-0.016,-0.0162,0.01,-0.0069
25-May-14,0.015,0.07,0.131,0.055,0.061,0.075,-0.7,-0.009,0,-0.0051,-0.0011,-0.0022
18-May-14,-0.004,-0.07,-0.09,-0.076,-0.043,-0.055,0.19,0.002,0.004,0.008,0.0003,-0.008
11-May-14,0.02,0.123,0.103,0.123,0.1,-0.02,-0.45,0,0.009,-0.0016,0.0061,0.0133
4-May-14,0.004,-0.045,0.087,-0.007,-0.012,0.145,0.34,0.004,-0.001,0.0035,0.0065,0
27-Apr-14,0.013,-0.007,0.058,0.031,0.057,0.095,0.33,0.008,0.006,0.0015,0.011,-0.0088
20-Apr-14,-0.021,0.035,-0.016,0.032,0.036,0.02,-0.02,0.007,-0.009,-0.0061,-0.0037,-0.0001
13-Apr-14,0.004,-0.061,0.067,-0.009,-0.044,0.075,0.25,-0.002,0.001,0.0002,-0.0018,0.0057
6-Apr-14,0.04,0.075,0.142,0.051,0.092,0.06,-0.81,-0.004,0.01,-0.0074,0.007,0.0065
30-Mar-14,-0.016,0.04,-0.082,-0.006,-0.049,-0.07,1.67,0,-0.009,-0.0153,-0.0182,-0.0105
23-Mar-14,-0.03,0.021,0.074,0.082,0.041,0.045,-0.47,0.008,0.006,0.0058,0.005,-0.0044
16-Mar-14,0.026,-0.084,-0.089,-0.086,-0.09,-0.1,-0.54,0.016,-0.013,-0.0152,0.0041,-0.0166
9-Mar-14,0.001,0.129,0.116,0.106,0.127,0.105,-0.91,-0.012,0,0.016,0.0121,-0.0053
2-Mar-14,-0.041,-0.07,-0.15,-0.026,-0.098,-0.07,1.92,-0.002,-0.007,0.0066,-0.0037,0.0044
23-Feb-14,0.015,0.066,0.175,0.04,-0.013,0.03,-1.47,-0.002,-0.008,0.0033,-0.0076,-0.0145
16-Feb-14,-0.005,0.011,-0.064,0.02,0.056,0.01,0.72,0.005,-0.011,-0.0128,-0.0062,0.0049
9-Feb-14,0.025,-0.085,-0.01,-0.026,-0.061,-0.03,-0.73,-0.013,0.009,0.0129,-0.0047,0.0056
2-Feb-14,0.004,-0.004,-0.098,-0.002,-0.069,0,0.54,0.005,-0.008,-0.0334,-0.0058,-0.0075
26-Jan-14,0.008,0.067,0.068,-0.004,0.063,0.02,-0.31,0.01,-0.021,0.0024,-0.0148,-0.0202
19-Jan-14,0.046,0.056,0.009,0.1,0.108,0.02,0.27,-0.004,0.012,0.0047,0.0191,-0.0073
12-Jan-14,0.023,0.046,0.161,0.091,0.052,0.105,2.01,-0.013,0.005,-0.0059,-0.0137,0.0099
5-Jan-14,0.033,0.149,0.07,0.098,0.19,0.02,-0.16,-0.007,0.004,0.0058,0.0129,0.0214
29-Dec-13,-0.024,0.043,-0.063,0.007,0.038,-0.005,0.71,-0.026,-0.003,-0.0065,-0.0082,-0.0049
22-Dec-13,-0.023,-0.132,0.003,-0.085,-0.114,0.01,0.31,0.007,-0.013,0.0064,0.0154,-0.0078
15-Dec-13,0,-0.041,0.055,-0.038,-0.01,0.11,-1.09,-0.007,0.006,-0.0145,-0.007,0.0052
8-Dec-13,-0.015,-0.007,0.105,0.009,0.028,-0.055,-0.86,-0.005,0.006,-0.0037,0.0071,0.0041
1-Dec-13,-0.063,-0.122,-0.205,-0.147,-0.142,-0.015,-0.31,0.005,0.002,0.005,-0.0038,0.0141
24-Nov-13,0.024,0.024,0.12,0.059,0.024,-0.005,-0.47,-0.002,-0.016,0.0018,-0.0114,0.0009
17-Nov-13,0,-0.043,-0.148,-0.04,-0.014,-0.06,-1.16,-0.01,0.007,-0.0141,-0.0033,0.0059
10-Nov-13,-0.039,0.017,-0.075,0.054,0.049,-0.035,-1.09,-0.007,0.015,-0.0105,-0.0062,0.0199
3-Nov-13,0.001,-0.114,-0.06,-0.07,-0.113,-0.135,-1.11,0.004,-0.009,-0.0103,-0.0124,0.0015
27-Oct-13,0.02,-0.035,-0.088,0.061,-0.074,-0.025,-0.39,-0.006,0.002,-0.0092,0.0115,0.0052
20-Oct-13,0.004,0.104,0.144,0.082,0.107,0.185,-1.27,0.003,0.001,0.024,0.0318,0.0147
13-Oct-13,0.036,0.012,0.024,0.026,0.063,0.09,0.31,-0.016,0.022,0.0001,-0.0121,0.0093
6-Oct-13,-0.004,-0.003,-0.09,-0.029,-0.008,-0.15,0.85,0.006,-0.018,-0.0211,-0.0142,-0.021
29-Sep-13,0.03,-0.019,-0.09,-0.053,-0.025,-0.03,-1.11,-0.005,-0.001,0.0054,0.0016,-0.0033
22-Sep-13,0.012,0.215,0.07,0.173,0.133,0.115,0.79,0.001,-0.003,0.0129,-0.0036,-0.0118
15-Sep-13,0.032,-0.016,0.064,0.022,0.073,0.065,1.05,0,0.008,-0.0133,0.0002,0.0078
8-Sep-13,0.069,0.023,0.051,-0.028,0.006,-0.05,0.05,0.005,-0.024,-0.0131,-0.023,-0.0149
1-Sep-13,-0.077,-0.158,-0.248,-0.092,-0.151,-0.19,-0.25,0.005,-0.013,-0.0244,-0.0114,-0.0059
25-Aug-13,0.049,-0.066,0.145,0.077,0.073,0.135,-0.94,0.013,-0.027,-0.0121,0.0042,-0.0286
18-Aug-13,-0.005,-0.015,-0.072,-0.055,0.021,-0.105,0.58,-0.004,0.008,0.0058,0.016,0.0125
11-Aug-13,-0.006,-0.233,-0.262,-0.195,-0.234,-0.24,-1.22,-0.016,0.03,0.0062,-0.0052,0.016
4-Aug-13,0.056,-0.033,0.051,-0.024,0.007,-0.115,-1.31,-0.005,-0.007,-0.013,0.0013,0.0008
28-Jul-13,-0.022,-0.095,0.021,0.008,-0.035,-0.015,2.75,0.01,-0.021,-0.0211,-0.0061,-0.0291
21-Jul-13,0.016,-0.048,-0.109,-0.141,-0.091,-0.07,-0.69,-0.011,0.025,0.0092,-0.0003,0.0361
14-Jul-13,0.014,0.035,0.066,0.029,0.074,0.14,2.37,0.008,-0.015,-0.0113,-0.0137,-0.009
7-Jul-13,0.041,0.171,0.088,0.169,0.121,0.04,-1.43,0.003,-0.015,-0.016,-0.0074,-0.0125
30-Jun-13,-0.019,-0.055,-0.071,0.007,-0.114,-0.185,1.98,0.018,-0.007,-0.0219,-0.0236,0.0019
23-Jun-13,0.04,-0.015,-0.036,0.01,0.004,-0.04,-2.06,-0.006,0.003,0.0323,0.0178,0.0071
16-Jun-13,-0.061,-0.36,-0.328,-0.227,-0.322,-0.37,-1.24,-0.006,0.001,0.0206,0.0113,0.0081
9-Jun-13,0.024,0.006,-0.146,0.033,0.025,-0.18,-3.82,-0.029,0.029,0.0287,0.0224,0.0349
2-Jun-13,0.02,-0.062,0.116,-0.035,-0.081,0.035,3.47,0.003,-0.016,-0.0147,-0.0124,-0.0073
26-May-13,-0.029,-0.116,-0.058,-0.08,-0.115,-0.105,2.93,0.018,0.005,-0.0359,-0.0224,0.0077
19-May-13,-0.029,-0.013,-0.144,-0.115,-0.026,-0.125,0.81,-0.006,0.016,-0.0072,-0.0067,0.0075
12-May-13,-0.113,0.014,0.066,0.07,-0.041,0.005,1.92,-0.004,-0.003,0.0044,-0.0093,0.0081
5-May-13,-0.13,-0.16,-0.19,-0.141,-0.114,-0.2,-1.6,-0.018,0.024,0.0194,0.0154,0.0295
28-Apr-13,0.027,-0.047,0.121,-0.036,-0.067,0.065,-2.58,-0.002,0.023,0.0208,0.0122,0.0296
21-Apr-13,-0.008,-0.019,0.029,0.043,0.007,0.035,-0.98,0.009,-0.005,-0.0094,-0.0086,-0.0039
14-Apr-13,0.034,0.065,0.109,0.007,0.028,0.1,1.47,0.01,-0.006,-0.0247,0.0023,-0.0005
7-Apr-13,-0.084,-0.098,0.009,-0.049,0.012,0.088,-1.12,-0.013,0.017,0.011,0.006,0.0232
31-Mar-13,0.021,0.129,0.107,0.072,0.123,0.055,-0.87,0.004,-0.016,-0.0007,-0.0121,-0.0131
24-Mar-13,0.011,0.088,0.147,0.096,-0.057,0.164,-3.31,0,-0.006,-0.0132,-0.0171,0.0043
17-Mar-13,0.055,0.088,0.06,0.074,0.079,0.118,0.3,0.006,-0.002,0.0028,0.0168,0.0025
10-Mar-13,0.04,0.123,-0.072,0.074,0.038,0.017,0.76,-0.004,-0.008,-0.0115,0.0088,-0.0035
3-Mar-13,-0.003,-0.18,-0.21,-0.113,-0.135,-0.092,0.75,0.009,-0.006,-0.0199,-0.007,-0.0176
24-Feb-13,0.072,0.228,0.183,0.155,0.144,0.162,-2.44,-0.002,0.003,0.0121,0.0015,-0.0031
17-Feb-13,0.024,0.086,0.024,0.091,0.073,0.025,-0.18,-0.005,0.013,0.0125,0.017,0.0118
10-Feb-13,0.01,-0.101,-0.082,-0.049,-0.062,-0.152,0.11,-0.015,0.007,0.0355,0.0172,-0.0015
3-Feb-13,0.007,-0.009,0.035,0.055,0.087,0.005,-0.83,-0.004,-0.009,0.028,0.0002,0.0015
27-Jan-13,-0.042,-0.029,-0.182,-0.027,-0.09,-0.172,0.03,-0.006,0.009,-0.0105,0.0275,0.0086
20-Jan-13,0.026,-0.039,0.087,-0.08,-0.031,-0.073,-1.8,0.009,-0.008,0.011,-0.0179,0.0017
13-Jan-13,0.066,0.065,0.07,0.026,0.023,0.018,-0.84,-0.014,0,0.0065,-0.0142,0.0088
6-Jan-13,0.011,0.046,-0.035,-0.039,-0.007,0.11,-0.9,-0.007,-0.001,0.0265,0.0025,0.0025
30-Dec-12,-0.031,-0.311,-0.112,-0.239,-0.167,-0.095,-1.03,0.002,-0.005,-0.0061,-0.0275,-0.0056
23-Dec-12,-0.037,0.073,-0.008,0.074,0.037,0.01,-2.13,0.01,-0.012,0.0099,0.0147,-0.0107
16-Dec-12,-0.032,-0.025,0.02,-0.025,-0.017,0.047,-1.79,-0.004,0.004,0.0002,-0.0028,0.0029
9-Dec-12,-0.027,-0.119,-0.218,-0.059,-0.08,-0.012,-0.75,-0.008,0.022,-0.0006,-0.0025,0.016
2-Dec-12,0.006,0.027,0.036,0.087,-0.009,-0.07,-1,0.003,-0.014,-0.0129,-0.0236,-0.0074
25-Nov-12,0.03,0.072,0.135,0.055,0.085,-0.005,0,0.006,-0.012,-0.0025,0.0059,-0.0061
18-Nov-12,-0.005,-0.127,-0.266,-0.12,-0.09,-0.115,-0.06,-0.001,0.004,0.002,-0.001,0.0034
11-Nov-12,0.002,0.012,0.075,0.026,0.019,0.065,-1.12,0.008,-0.011,-0.0147,-0.0232,-0.0119
4-Nov-12,0.044,0.133,0.07,0.108,0.055,0.065,-1.8,0,0.002,0.0011,-0.0035,0.0041
28-Oct-12,-0.015,0.01,0.083,0.092,0.066,0.052,0.97,-0.006,0.011,0.0128,0.0128,-0.0047
21-Oct-12,0.016,0.017,-0.058,0.058,0.01,0.033,-0.82,0.001,-0.002,0.008,0.0104,0.0038
14-Oct-12,-0.016,-0.162,-0.157,-0.143,-0.045,-0.1,-0.33,-0.003,-0.007,-0.01,0.0081,-0.0044
7-Oct-12,0.01,0.051,0.007,0.069,0.006,-0.013,-0.88,-0.014,0.001,0.0067,-0.0071,-0.0098
30-Sep-12,-0.005,-0.064,-0.014,-0.094,-0.079,-0.045,0.23,-0.001,0.001,0.0065,0.0083,-0.0046
23-Sep-12,0.029,0.123,0.27,0.164,0.121,0.168,-0.75,0.005,0.012,0.0029,-0.0176,0.0193
16-Sep-12,0,0.128,-0.116,0.112,0.119,0.042,0.25,-0.007,-0.001,0.0062,0.0121,0.0079
9-Sep-12,0.02,-0.279,-0.095,-0.188,-0.114,-0.012,0.22,-0.005,0,-0.0011,0.0148,0.0093
2-Sep-12,-0.024,-0.213,-0.059,-0.182,-0.078,-0.168,-0.12,0.007,-0.016,-0.0211,-0.0311,-0.0166
26-Aug-12,0.013,0.065,0.152,0.027,0.054,0.208,0.12,0.008,-0.009,-0.014,-0.0239,-0.0063
19-Aug-12,0.026,0.128,0.183,0.122,0.116,0.1,0.28,0.006,0.008,-0.0054,-0.0065,0.0082
12-Aug-12,-0.035,-0.129,-0.228,-0.106,-0.164,-0.143,0.89,-0.003,-0.004,-0.0112,-0.0178,0.0015
5-Aug-12,-0.063,0.012,-0.107,0.025,-0.011,-0.112,-1.28,0.002,0.006,-0.0009,-0.0045,0.0158
29-Jul-12,0.009,-0.015,-0.185,-0.012,-0.024,-0.135,0.2,0.01,0.005,-0.0048,0.0098,-0.0007
22-Jul-12,-0.003,-0.051,-0.01,-0.229,-0.134,-0.058,-0.06,0.002,-0.01,0.0106,-0.0069,-0.0086
15-Jul-12,0.032,0.063,-0.053,0.092,0.024,-0.03,0.07,0.009,-0.01,-0.0128,-0.0161,-0.0106
8-Jul-12,0.032,0.051,0.22,0.071,0.052,0.208,0.73,0.002,-0.004,-0.0046,0.0094,-0.0148
1-Jul-12,0.03,0.133,0.073,0.249,0.048,-0.055,0.45,0.005,0.002,-0.0085,0.0037,-0.0017
24-Jun-12,-0.007,-0.009,-0.02,0.002,0.072,-0.025,0.14,-0.003,0.004,0.0219,0.0372,0.0027
17-Jun-12,0.02,-0.057,-0.068,-0.133,-0.086,-0.03,0.61,0.008,-0.011,-0.0119,-0.009,-0.0175
10-Jun-12,0.008,-0.025,0.068,-0.111,0.088,0.007,-1.7,-0.003,-0.003,0.0127,0.0068,0.0017
3-Jun-12,-0.043,-0.114,-0.21,-0.164,-0.187,-0.117,0.77,0.005,-0.018,-0.0243,-0.0121,-0.0166
27-May-12,0.074,0.233,0.3,0.198,0.177,0.262,-1.47,0.014,-0.015,-0.0111,-0.0083,-0.0211
20-May-12,-0.059,0.068,-0.056,0.052,0.096,-0.057,1.66,-0.011,-0.001,0.0298,0.0083,0.0056
13-May-12,0.026,0.135,0.24,0.094,0.071,0.295,-0.65,-0.007,0.003,0.0156,0.0266,0.0083
6-May-12,0.036,0.042,0.203,0.066,0.057,0.015,0.93,-0.021,0.026,0.0256,0.0134,0.0177
29-Apr-12,0.004,0.122,0.125,0.121,0.067,-0.028,-0.11,-0.005,0.013,0.0083,0.0166,0.0158
22-Apr-12,0.044,0.046,0.152,0.007,-0.029,0.185,0.42,-0.015,0.027,0.0111,0.0172,0.0292
15-Apr-12,0.011,-0.135,0.053,0.018,-0.077,0.055,1.29,0.011,-0.003,-0.0141,-0.0032,-0.0092
8-Apr-12,0.042,0.12,0.18,0.008,0.142,0.09,-0.63,0.008,0.004,-0.0278,-0.0146,-0.0004
1-Apr-12,-0.002,0.045,0.027,0.061,-0.019,-0.045,0.71,-0.002,-0.004,0.0038,0.0019,-0.007
25-Mar-12,0.04,0.075,0.208,0.074,0.075,0.155,1.17,0.001,-0.001,0.0127,0.0248,0.004
18-Mar-12,0.018,0.168,0.028,0.18,0.06,-0.02,-0.47,0,0.001,-0.0145,-0.0071,0.0119
11-Mar-12,-0.055,-0.292,-0.233,-0.256,-0.235,-0.11,1.11,-0.006,0.005,-0.0023,-0.0098,0.013
4-Mar-12,-0.002,-0.013,0.097,0.005,-0.05,0.085,-1,-0.001,-0.004,-0.0169,-0.0061,-0.0022
26-Feb-12,-0.012,-0.065,0.018,0.084,0.064,-0.015,-0.65,-0.002,0.009,0.0161,0.0089,0.0163
19-Feb-12,-0.028,0.113,-0.07,0.044,0.036,-0.14,-0.82,0.011,0.007,0.0051,0.0254,-0.0036
12-Feb-12,0.032,-0.06,0.02,-0.001,-0.005,-0.065,-1.47,-0.004,-0.002,-0.0051,-0.0305,0.0012
5-Feb-12,-0.029,0.062,-0.322,0.011,-0.041,-0.175,-1.85,0.006,-0.007,-0.0098,0.0023,-0.0048
29-Jan-12,0.017,-0.125,0.137,-0.078,-0.022,0.14,-1.1,-0.009,0.009,0.0074,-0.0032,0.0113
22-Jan-12,0.013,0.044,-0.025,0.065,0.071,-0.075,0.11,0.008,-0.012,-0.0079,0.0084,-0.0123
15-Jan-12,-0.033,-0.135,-0.02,-0.155,-0.136,-0.005,0.3,0.012,-0.018,-0.0163,-0.029,-0.0167
8-Jan-12,0.03,0.052,0.012,0.083,0.012,-0.035,-0.03,0.01,-0.013,-0.0252,-0.026,-0.0172
1-Jan-12,0.004,-0.049,-0.132,-0.029,0.006,0.02,0.05,0.005,-0.013,0.0115,0.0043,-0.0085
25-Dec-11,-0.011,0.061,0.07,0.128,0.069,0.025,-0.03,-0.008,-0.002,0.0103,0.0228,-0.0002
18-Dec-11,0.007,0.019,-0.087,-0.088,-0.146,-0.04,1.11,0,-0.004,0.0054,0.0094,-0.0078
11-Dec-11,0.035,0.106,0.052,0.28,0.197,0.1,-0.29,0.018,-0.014,-0.0071,-0.0007,-0.0179
4-Dec-11,0.051,0.132,0.202,-0.01,0.052,0.165,-0.25,-0.019,0.015,0.014,0.034,0.0247
27-Nov-11,-0.043,0.006,-0.159,0.136,-0.004,-0.105,0.49,0,0.001,-0.0066,0.0028,-0.0002
20-Nov-11,-0.08,-0.048,0.162,-0.302,0.02,-0.06,-0.28,0.031,-0.038,-0.0145,-0.0169,-0.0509
13-Nov-11,0.025,0.035,0.095,-0.091,0.008,0.27,-0.79,-0.022,0.017,0.0342,0.0277,0.0294
6-Nov-11,0.019,0.028,0.18,-0.048,0.023,0.175,0.17,-0.015,0.03,0.0279,0.0242,0.0277
30-Oct-11,0.055,0.311,0.26,0.369,0.291,0.19,1.11,0.006,0.008,-0.0038,0.0043,0.0098
23-Oct-11,-0.034,-0.086,-0.098,-0.082,-0.083,0.08,-2.41,-0.027,0.029,0.0089,0.0352,0.0327
16-Oct-11,0.007,0.067,-0.027,0.09,0.032,-0.05,0.47,0.015,-0.019,-0.0167,-0.0252,-0.0329
9-Oct-11,-0.031,-0.144,-0.185,-0.202,-0.163,-0.11,0.93,0.003,0.002,-0.0134,-0.0019,-0.0028
2-Oct-11,0.044,-0.044,-0.015,-0.117,-0.083,-0.035,-0.49,0.03,-0.036,-0.026,-0.05,-0.0574
25-Sep-11,-0.046,-0.049,-0.235,-0.138,-0.08,-0.185,0.33,0.011,-0.009,0.0024,0.0009,-0.0107
18-Sep-11,0.023,0.114,0.21,0.11,0.224,0.23,-0.45,-0.022,0.016,-0.0117,0.0112,0.0115
11-Sep-11,-0.001,-0.218,0.033,-0.083,-0.182,0.04,0.19,-0.05,0.053,0.0322,0.0302,0.0583
4-Sep-11,0.056,0.179,0.149,0.236,0.184,0.065,0.78,0.019,-0.007,0.0093,-0.0147,0.0113
28-Aug-11,-0.021,0.054,-0.007,0.139,0.094,-0.065,-0.78,-0.011,0.026,0.0336,0.0552,0.0171
21-Aug-11,-0.054,-0.119,-0.17,-0.04,-0.096,-0.09,-0.17,-0.004,-0.007,0.0155,0.0294,-0.0073
14-Aug-11,0.057,0.158,0.177,0.222,0.169,0.03,-0.08,0.008,-0.023,0.0089,-0.0101,-0.0171
7-Aug-11,-0.037,0.173,0.143,0.026,0.168,0.115,0.14,-0.003,0.014,-0.0184,-0.0149,-0.0046
31-Jul-11,0.07,0.154,0.285,0.185,0.149,0.365,1.71,-0.005,0.011,0.0114,0.0033,0.0086
24-Jul-11,0.018,0.246,0.165,0.275,0.143,0.19,-1.65,-0.026,0.036,0.0029,0.0114,0.0553
17-Jul-11,-0.012,-0.033,-0.045,-0.119,-0.044,-0.14,1.78,-0.007,-0.014,-0.0118,-0.004,-0.0149
10-Jul-11,0.092,0.108,0.272,0.123,0.079,0.14,0.59,0.005,-0.019,-0.0166,-0.0203,-0.02
3-Jul-11,-0.03,0.22,0.046,0.229,0.161,0.03,1.52,0.008,-0.008,-0.0078,0.0117,0.011
26-Jun-11,-0.036,-0.274,-0.171,-0.212,-0.26,-0.16,0.19,-0.003,-0.01,0.0018,0.0255,0.0022
19-Jun-11,0.008,0.066,0.013,0.113,0.08,-0.02,-0.4,0.03,-0.017,-0.0117,-0.0332,-0.028
12-Jun-11,0.015,0.025,0.087,0.01,0.064,0.09,-0.37,-0.009,0.002,0.0237,0.0118,0.0134
5-Jun-11,0.001,0.06,0.06,0.094,-0.014,0.035,0.27,0,0.008,0.0039,0.0037,-0.0097
29-May-11,-0.014,0.007,0,-0.069,0.067,-0.005,-0.05,-0.002,-0.006,0.0193,0.0289,0.0181
22-May-11,0.007,0.059,0.065,0.073,0.084,0.05,0.52,-0.002,0.004,0.0079,-0.0313,-0.0015
15-May-11,-0.006,0.018,0.038,0.02,0.048,0.095,0.91,-0.002,-0.023,-0.0279,-0.0169,-0.0042
8-May-11,0.013,0.016,0.047,0.098,0,0.005,-0.92,-0.006,-0.01,-0.0031,-0.0034,-0.0085
1-May-11,0.071,0.1,0.033,0.056,0.018,0.195,-0.16,-0.003,0.005,0.0172,0.0189,0.0114
24-Apr-11,0.011,0.05,0.083,0.033,0.078,0.21,0.6,-0.021,0.019,0.0334,0.0492,0.028
17-Apr-11,0.068,0.07,0.089,0.11,0.015,0.115,0.61,0.01,-0.008,-0.0194,-0.0246,-0.0227
10-Apr-11,0.038,0.212,0.025,0.108,0.138,-0.02,1.29,0.005,-0.003,-0.0188,-0.0124,-0.0173
3-Apr-11,-0.038,-0.082,-0.105,-0.102,-0.077,-0.07,1.59,-0.004,-0.017,0.0062,0.0049,-0.0004
27-Mar-11,-0.068,-0.131,-0.094,-0.112,-0.115,-0.09,-0.66,0.008,-0.015,-0.027,-0.025,-0.0173
20-Mar-11,-0.007,-0.089,-0.06,-0.079,-0.082,-0.075,-2.73,0.017,-0.014,-0.0076,-0.0147,-0.013
13-Mar-11,0.073,0.117,0.069,0.012,0.106,0.075,-0.72,0.004,-0.022,0.02,0.0095,-0.0294
6-Mar-11,0.017,0.088,0.123,0.078,0.059,0.03,1.31,-0.013,0.013,-0.0157,-0.027,0.0178
27-Feb-11,-0.053,-0.015,-0.043,-0.139,-0.042,-0.095,0.36,0,-0.005,0.0194,0.0076,0.0001
20-Feb-11,0.063,0.103,0.09,0.107,0.176,0.095,-0.59,0.006,0.012,-0.0156,-0.0234,0.0029
13-Feb-11,-0.004,0.058,0.053,0.037,0.009,0.015,1.37,0.008,0.011,0.0124,-0.0054,-0.0028
6-Feb-11,-0.024,-0.048,-0.005,-0.028,-0.02,-0.115,0.38,0.001,-0.001,-0.0238,-0.0148,-0.0122
30-Jan-11,-0.064,-0.16,-0.198,-0.096,-0.212,-0.01,-1.26,0.001,0.008,0.0096,0.0037,0.0109
23-Jan-11,-0.007,0.044,0.161,0.012,0.112,0.08,-0.06,0.012,0.004,-0.0239,0.0028,-0.02
16-Jan-11,-0.01,-0.085,-0.125,-0.142,-0.083,-0.06,0.47,-0.006,-0.015,0.014,0.0004,-0.0042
9-Jan-11,0.003,-0.113,0.072,-0.176,-0.09,0.24,0.36,-0.004,0.008,-0.014,-0.0241,0.0003
2-Jan-11,-0.088,-0.108,-0.065,0.09,-0.068,0.11,0.09,0.002,-0.006,-0.0304,-0.0458,0.007
26-Dec-10,0.042,0.115,0.14,0.032,0.049,-0.01,-1.87,0.006,0.019,0.0043,0.046,0.0252
19-Dec-10,0.046,0.049,-0.085,0.042,0.024,0.01,1.72,0.011,-0.031,-0.0158,-0.0261,-0.0169
12-Dec-10,-0.004,-0.042,0.027,-0.077,0.118,-0.11,1.08,0.006,-0.012,0.0092,0.0064,-0.0159
5-Dec-10,0.01,-0.101,-0.142,-0.073,-0.118,-0.04,-0.03,-0.004,0.012,0.0282,0.0052,-0.0033
28-Nov-10,-0.015,-0.072,0.03,-0.136,-0.07,-0.065,-1.3,-0.006,0.019,-0.0039,0.0181,0.007
21-Nov-10,-0.107,0.046,0.025,-0.026,0.018,0.005,1.47,0.017,-0.017,-0.0184,-0.0172,-0.0279
14-Nov-10,-0.085,-0.186,-0.158,-0.208,-0.112,-0.24,-0.64,-0.002,0.028,0.0392,0.0443,0.0218
7-Nov-10,-0.072,-0.226,-0.112,-0.082,-0.17,-0.12,-0.96,-0.009,-0.004,0.015,0.0008,0.0002
31-Oct-10,0.004,0.094,-0.042,0.103,-0.051,-0.07,-1.24,-0.009,0.023,0.0043,0.034,0.0295
24-Oct-10,-0.055,-0.119,-0.03,-0.048,-0.065,-0.135,-0.88,0.018,-0.031,-0.0139,-0.0084,-0.0325
17-Oct-10,0,-0.01,-0.073,-0.117,0.053,-0.045,0.98,0.007,-0.02,-0.0354,0.0002,-0.0009
10-Oct-10,-0.02,-0.069,-0.055,-0.104,-0.1,0.06,0.08,-0.016,0.009,0.0307,0.0027,0.008
3-Oct-10,0.105,0.09,0.01,0.038,0.102,-0.09,0.47,0.001,0,-0.0028,-0.0036,-0.0059
26-Sep-10,0.045,0.084,0.025,0.05,0.068,0.11,1.3,0.009,-0.011,-0.0148,-0.0151,-0.0131
19-Sep-10,0.072,0.072,0.035,0.107,0.075,0.15,0.98,0.004,-0.011,0.0004,-0.0301,-0.0128
12-Sep-10,0.083,0.006,-0.133,-0.041,0.036,0.12,1.66,0.009,-0.008,-0.0192,-0.0443,-0.0227
5-Sep-10,-0.019,-0.122,-0.112,-0.063,-0.028,-0.12,-1.69,0.004,0.003,-0.0278,-0.0368,-0.0097
29-Aug-10,-0.136,-0.1,-0.06,-0.179,-0.072,-0.155,0.14,0.002,-0.007,0.0097,0.0216,-0.01
22-Aug-10,-0.08,0.067,0.095,0.111,0.053,0.015,0.91,0.012,-0.01,0.0074,-0.0131,-0.0175
15-Aug-10,0.055,0.152,0.135,0.113,0.057,0.08,0.4,-0.004,-0.004,0.0012,-0.0057,-0.0049
8-Aug-10,0.081,0.105,0.13,0.134,0.093,0.12,0.57,-0.005,-0.001,0.0064,0.0044,-0.0013
1-Aug-10,-0.004,0.104,0.04,0.147,0.036,-0.02,-0.68,-0.015,0.028,0.0349,0.0533,0.0254
25-Jul-10,0.013,0.099,-0.01,0.025,0.118,0.075,0.96,0.002,-0.007,-0.0263,-0.0237,-0.0141
18-Jul-10,0.021,-0.099,-0.078,-0.074,-0.074,-0.01,1,0.006,0.001,-0.0248,-0.0141,-0.0086
11-Jul-10,0.073,0.003,0.013,0.008,0.072,0.045,-0.86,0.022,-0.017,-0.0145,0.0026,-0.0266
4-Jul-10,-0.061,0.021,-0.02,-0.051,-0.125,-0.03,2,-0.025,0.001,-0.0226,-0.0296,0.0086
27-Jun-10,0.042,0.022,0.135,0.021,0.088,0.075,-0.84,0.03,-0.023,0.0136,-0.0074,-0.0359
20-Jun-10,0.06,0.164,0.115,0.132,0.134,0.035,1.45,-0.027,0.026,-0.0135,-0.0186,0.0332
13-Jun-10,0.026,-0.071,0.027,-0.15,0.078,-0.005,1.48,-0.014,-0.007,-0.0237,0.001,-0.0028
6-Jun-10,0.036,0.028,0.045,0.002,-0.114,0.095,0.94,0.011,-0.017,-0.0284,-0.0274,-0.0218
30-May-10,-0.012,0.089,0.006,0.1,0.011,-0.05,0.28,0.03,-0.019,-0.0082,-0.0137,-0.0269
23-May-10,-0.014,-0.04,-0.02,-0.021,0.064,0.07,-0.85,-0.009,0.009,0.0003,0.0294,0.0242
16-May-10,0.05,0.217,0.102,0.198,0.076,0.175,-1.04,0.005,-0.001,0.0002,0.0303,-0.0151
9-May-10,-0.007,0.058,-0.048,-0.097,0.077,-0.005,2.45,-0.024,0.029,0.0072,-0.021,0.0533
2-May-10,0.001,0.092,0.243,0.2,0.132,0.12,-0.89,0.007,0.007,0.0263,0.0399,0.0023
25-Apr-10,0.035,0.13,0.08,0.103,0.045,0.01,2.24,-0.025,0.013,0.0468,0.0536,0.0365
18-Apr-10,0.025,-0.059,0.03,0.025,-0.017,0.01,0.1,-0.018,-0.01,0.0108,0.0088,0.0031
11-Apr-10,0.045,0.062,-0.01,0.065,-0.028,0.06,-1.76,0.013,-0.009,-0.0019,0.0113,-0.0032
4-Apr-10,-0.032,-0.123,-0.048,-0.059,-0.096,-0.025,1.01,-0.01,0.007,0.0015,0,0.0086
28-Mar-10,0.022,0.111,-0.029,0.057,0.007,0.025,1.43,0.008,-0.01,-0.0166,0.0005,-0.0137
21-Mar-10,-0.018,-0.086,-0.088,-0.047,-0.07,-0.1,-2.11,0.016,-0.003,-0.0306,-0.0091,-0.0153
14-Mar-10,-0.017,0.149,0.02,0.069,0.052,-0.04,-1.96,-0.01,0.005,0.0109,0.0121,0.0113
7-Mar-10,-0.036,-0.029,-0.215,-0.019,-0.071,-0.12,-0.07,0.001,-0.007,0.0173,0.0228,-0.0001
28-Feb-10,-0.005,-0.031,0.045,-0.052,-0.083,0.035,-0.16,0.012,-0.005,-0.0049,-0.014,-0.0081
21-Feb-10,0.031,0.24,0.13,0.168,0.108,0.1,-1.44,0.023,0.001,0.0114,0.0004,-0.0121
14-Feb-10,-0.007,-0.242,-0.067,-0.089,-0.039,-0.015,2.74,-0.013,0.002,0.0224,-0.001,0.0035
7-Feb-10,0.031,-0.144,-0.1,-0.071,-0.099,0.005,-1.58,0.011,-0.003,0.0215,0.0002,-0.0112
31-Jan-10,-0.034,0.013,-0.013,0.085,-0.008,0.07,-0.69,0.018,-0.009,-0.0054,0.0046,-0.0197
24-Jan-10,0.005,0.013,0.04,0.019,0.022,0.02,0.97,0.001,0.014,0.0368,0.0199,0.0169
17-Jan-10,-0.005,0.025,0.138,0.048,0.121,0.035,-0.4,-0.012,0.009,0.0107,0.0275,0.0162
10-Jan-10,0.039,0.125,0.117,0.114,0.106,0.065,0.88,-0.029,0.028,0.0153,0.0247,0.0224
3-Jan-10,-0.078,-0.057,-0.02,0.02,0.011,0.05,1.85,0.001,-0.001,-0.0235,0.0028,0.0014
27-Dec-09,-0.014,-0.017,-0.068,-0.105,-0.01,-0.045,0.39,0.022,-0.011,0.0143,-0.0087,-0.0274
20-Dec-09,-0.04,-0.219,-0.217,-0.157,-0.181,-0.05,-1.84,-0.002,-0.02,-0.0207,0.0071,-0.0123
13-Dec-09,0.049,0.074,0.13,0.081,-0.031,0.07,-0.88,0.016,0.005,0.018,-0.0054,0.0059
6-Dec-09,0.004,-0.146,-0.135,0.009,-0.069,-0.125,-1.25,-0.006,0.014,0.0107,0.028,0.0214
29-Nov-09,-0.04,-0.158,-0.21,-0.047,-0.093,-0.045,1.38,-0.002,-0.009,0.0199,0.0227,0.0037
22-Nov-09,0.065,0.086,0.23,0.079,0.157,0.075,-4.01,0.004,-0.006,0.0017,0.0117,-0.009
15-Nov-09,0.035,0.167,0.158,0.133,0.087,0.105,2.51,0.008,0.014,0.0042,-0.0105,0.0087
8-Nov-09,0.1,0.079,0.064,-0.039,0.049,-0.34,0.78,-0.019,0.02,0.0181,0.0055,0.0179
1-Nov-09,-0.035,-0.263,-0.052,-0.114,-0.098,-0.02,0.2,0.024,-0.018,-0.0069,-0.0068,-0.0147
25-Oct-09,-0.05,0.054,0.195,0.096,0.086,0.12,0.18,0.01,-0.008,-0.0173,-0.0131,-0.0195
18-Oct-09,-0.035,-0.069,-0.12,-0.064,0.013,-0.11,1.96,-0.031,0.036,-0.0141,0.0285,0.0231
11-Oct-09,-0.04,-0.153,-0.402,-0.061,-0.006,-0.21,-1.17,-0.017,-0.013,0.005,-0.0097,-0.0059
4-Oct-09,-0.035,-0.009,-0.091,-0.081,-0.252,-0.01,-1.11,0.006,-0.007,-0.052,-0.0176,-0.0126
27-Sep-09,0.05,0.168,0.108,0.137,0.098,0.08,0.03,0.037,-0.018,0.0103,-0.0158,-0.0387
20-Sep-09,0.04,0.134,0.077,0.102,0.034,0.04,-0.16,0.012,0.003,0.0015,0.0116,0.003
13-Sep-09,-0.035,-0.133,0.008,-0.13,-0.076,-0.08,1.64,-0.022,-0.01,0.0316,0.0022,-0.0006
6-Sep-09,0.02,0.003,0.13,-0.006,0.058,0.08,-0.57,0.008,-0.002,0.0392,-0.014,-0.0039
30-Aug-09,-0.015,-0.047,-0.085,0.024,0.018,0.06,2.3,0.011,-0.02,-0.0269,-0.0277,-0.0129
23-Aug-09,0,0.068,0.015,0.057,0.092,0.06,0.62,0.003,-0.003,-0.0125,0.0006,-0.0087
16-Aug-09,0.06,0.034,0.258,0.001,-0.011,0.145,0.74,-0.011,-0.001,0.0238,0.0024,-0.0073
9-Aug-09,0.062,0.136,0.015,0.188,0.139,-0.045,0.56,0.017,-0.005,0.0034,-0.0118,-0.0021
2-Aug-09,-0.017,0.002,-0.028,-0.2,-0.156,-0.105,2.63,-0.017,-0.006,0.0142,-0.0017,0.0045
26-Jul-09,-0.04,0.158,0.093,0.171,0.093,0.02,-2.89,-0.003,-0.01,0.0038,0.0062,-0.0018
19-Jul-09,-0.055,-0.155,-0.243,-0.069,-0.059,-0.055,0.12,0.009,-0.006,-0.0291,-0.0045,-0.018
12-Jul-09,-0.04,-0.076,-0.145,-0.148,-0.215,-0.09,-0.61,0.027,-0.011,-0.01,-0.0106,-0.015
5-Jul-09,0.04,0.006,0.135,0.079,0.077,0.17,-1.65,0.05,-0.017,-0.013,-0.0166,-0.0236
28-Jun-09,0.08,-0.053,0.145,0.059,0.044,0.23,3.5,-0.003,0.002,0.014,0.0031,0.0183
21-Jun-09,0.04,0.119,0.213,0.116,0.122,0.04,-0.79,-0.008,0.016,0.0182,0.009,0.0103
14-Jun-09,0.07,0.178,-0.195,0.121,-0.011,-0.05,1.02,-0.017,-0.003,-0.0016,-0.0111,-0.0011
7-Jun-09,-0.01,-0.078,0.032,0.104,-0.07,-0.07,2.14,-0.017,0.001,-0.0062,0.0081,0.006
31-May-09,-0.01,-0.166,-0.235,-0.125,-0.02,-0.2,0.25,0,-0.017,-0.0465,-0.0049,-0.019
24-May-09,-0.06,-0.012,-0.092,-0.078,-0.153,-0.02,-3.34,-0.028,0.015,0.0205,0.0179,0.0079
17-May-09,0.02,-0.194,-0.368,-0.17,-0.165,-0.33,-0.54,0.029,-0.02,-0.0248,-0.016,-0.0184
10-May-09,0,0.199,0.065,0.068,0.064,0.28,0.43,0.058,-0.035,-0.0772,-0.0498,-0.034
3-May-09,-0.055,-0.182,-0.327,-0.249,-0.062,-0.34,3.37,-0.028,0.018,0.0083,0.015,0.0209
26-Apr-09,0.025,-0.061,-0.085,0.021,-0.088,-0.05,0.53,0.035,-0.033,-0.0327,-0.038,-0.039
19-Apr-09,0.03,-0.131,0.035,0.071,0.005,-0.04,-1.94,0.024,0.002,-0.0242,-0.0011,-0.0075
12-Apr-09,-0.005,-0.059,0.052,-0.018,-0.099,0.16,1.97,0.004,-0.005,0.0116,-0.0214,-0.0017
5-Apr-09,-0.02,0.128,-0.16,-0.061,0.007,-0.17,1.11,0.012,0.016,-0.0122,0.0148,-0.0019
29-Mar-09,-0.1,-0.145,0.13,-0.11,0.002,-0.005,0.08,0.003,0.003,0.016,0.0294,-0.0046
22-Mar-09,-0.06,-0.254,-0.375,-0.099,-0.184,-0.505,-2.46,0.013,-0.016,-0.0507,-0.0182,-0.0213
15-Mar-09,0.055,-0.088,0.14,0.067,0.121,0.04,-1.94,-0.001,-0.011,0.0143,0.0282,-0.007
8-Mar-09,-0.03,0.11,-0.08,-0.136,0.077,-0.25,2.04,0.031,-0.034,-0.0464,-0.0658,-0.0279
1-Mar-09,-0.03,0.593,-0.037,0.173,0.187,-0.025,0.42,0.016,-0.022,0.0075,-0.0283,-0.0181
22-Feb-09,0.01,-0.227,-0.238,-0.073,-0.258,0.085,-0.84,-0.014,-0.003,0.0231,0.0027,-0.0008
15-Feb-09,-0.01,0.138,0.07,0.098,0.074,-0.02,-4.39,-0.022,0.012,0.0131,0.0174,0.0061
8-Feb-09,0.075,0.193,0.208,0.249,0.097,-0.015,-1.19,-0.016,0.011,-0.0054,0.0019,0.011
1-Feb-09,-0.05,-0.042,-0.34,-0.069,0.019,-0.215,0.04,-0.009,0.009,0.0417,0.0071,0.019
25-Jan-09,-0.06,-0.03,-0.003,-0.073,-0.242,-0.05,-2.02,0.001,-0.025,-0.0298,-0.0151,-0.0409
18-Jan-09,-0.005,-0.389,-0.127,-0.288,-0.2,0.185,-1.16,0.004,0.023,-0.0693,0.021,0.0204
11-Jan-09,0.08,-0.15,0.147,0.084,0.188,0.265,1.87,0.017,0.016,0.0933,0.0312,0.0173
4-Jan-09,-0.13,-0.09,-0.165,-0.068,0.019,-0.1,-0.36,-0.06,0.043,0.0425,0.0136,0.0305
28-Dec-08,0,0.004,0.133,-0.006,-0.022,0.26,1.9,0.027,-0.005,-0.0645,0.0439,0.0072
21-Dec-08,0.06,0.128,-0.065,0.065,-0.007,0.05,-1.52,0.007,-0.007,0.0122,0.0184,-0.0243
14-Dec-08,0.16,0.405,0.275,0.284,0.29,0.005,-1.57,0.002,-0.002,0.028,-0.0144,-0.0034
7-Dec-08,-0.04,-0.167,-0.018,-0.274,0.008,-0.14,1.98,0.025,-0.031,0.003,-0.0546,-0.0206
30-Nov-08,0.045,0.36,0.3,0.245,0.224,0.285,1.76,0.021,-0.011,-0.0194,-0.0637,-0.0149
23-Nov-08,0.01,0.086,0.045,0.113,0.144,0.32,2.61,-0.034,0.016,0.0631,-0.0038,0.0078
16-Nov-08,0.09,0.204,0.418,0.303,0.17,0.52,0.38,0.039,-0.015,-0.0502,-0.0117,-0.0245
9-Nov-08,0.015,0.128,0.134,-0.014,0.081,0.01,1.06,-0.047,0.018,-0.0137,0.0053,0.0182
2-Nov-08,-0.025,0.319,-0.017,0.236,0.037,0.09,1.35,-0.039,0.037,0.0921,0.0105,0.027
26-Oct-08,-0.02,-0.136,-0.21,-0.138,-0.115,-0.13,0.18,0.024,-0.008,0.0394,-0.0006,-0.0079
19-Oct-08,0.1,0.287,0.388,0.273,0.086,0.01,-4.17,0.065,-0.025,-0.0145,-0.0109,-0.0445
12-Oct-08,-0.03,-0.184,-0.21,-0.058,0.068,-0.28,7.38,-0.095,0.055,0.1362,0.0785,0.0655
5-Oct-08,-0.09,-0.08,0.15,-0.062,-0.211,0.06,-1.01,-0.009,-0.018,-0.0245,0.0005,-0.0457
28-Sep-08,-0.005,0.159,0.344,0.238,0.103,0.005,4.65,-0.091,0.066,0.0674,0.0357,0.1309
21-Sep-08,0.035,0.04,-0.045,0.075,0.007,-0.005,0.68,-0.049,0.025,0.073,0.0844,0.0571
14-Sep-08,0.015,0.007,0.121,-0.057,-0.092,0.15,1.45,0.013,0.002,-0.013,-0.0149,0.0027
7-Sep-08,-0.06,-0.221,-0.068,-0.14,-0.12,0.09,0.49,0.013,-0.02,-0.0369,-0.0238,-0.0103
31-Aug-08,-0.015,0.097,0.123,0.14,0.054,0.06,-0.17,0.002,0.001,-0.0288,0.0041,-0.0074
24-Aug-08,0.05,0.135,0.042,0.045,0.078,0.12,1.04,0.002,0.033,0.0554,0.0405,0.042
17-Aug-08,-0.005,-0.034,0.057,-0.074,-0.04,0.1,1.22,-0.017,0.007,0.0309,0.0119,0.0068
10-Aug-08,0.005,0.102,0.075,0.115,0.039,-0.03,0.47,0.012,-0.003,0.0145,-0.0104,0.0012
3-Aug-08,0.04,0.165,0.198,0.071,0.052,-0.07,-0.32,0.008,-0.002,0.0536,0.0317,0.0225
27-Jul-08,0.065,0.144,0.142,0.291,0.18,0,-2.49,-0.04,0.023,0.055,0.056,0.0405
20-Jul-08,0.045,0.05,0.1,-0.036,-0.041,-0.07,0.18,-0.007,0.014,0.0154,0.0144,0.0272
13-Jul-08,-0.025,-0.143,0,-0.13,-0.023,0.08,-0.9,-0.014,0.021,0.0075,0.0138,0.0144
6-Jul-08,0.05,0.07,0.065,0.04,-0.072,0.215,-0.74,0.004,-0.002,-0.008,0.0094,-0.0036
29-Jun-08,-0.02,0.067,0.028,0.029,-0.009,0.035,0.61,0.01,-0.001,-0.0074,-0.0236,-0.0039
22-Jun-08,0.13,0.117,0.21,0.101,0.135,0.08,-0.71,-0.009,0.001,0.0119,0.0089,-0.0024
15-Jun-08,0.11,0.112,0.06,0.029,0.06,-0.02,1.18,0.006,0.001,-0.0188,-0.019,-0.007
8-Jun-08,-0.085,-0.266,-0.09,-0.232,-0.242,0,0.86,0.013,-0.011,-0.0294,-0.0225,-0.0144
1-Jun-08,-0.02,-0.023,-0.103,0.031,0.059,0.04,-3.24,-0.01,0.017,0.0235,0.0397,0.0232
25-May-08,-0.065,-0.048,-0.009,-0.19,-0.078,0.15,0.59,-0.026,0.015,0.0122,-0.0223,-0.0068
18-May-08,-0.02,-0.15,-0.2,-0.086,-0.057,-0.24,-2.2,-0.004,0.002,-0.0025,0.0212,0.0037
11-May-08,-0.06,-0.192,-0.113,-0.187,0.011,-0.04,0.73,0.009,-0.01,-0.0232,-0.0189,-0.0042
4-May-08,0.02,0.163,0.035,0.207,0.022,0.18,-1.2,0.006,-0.005,-0.0031,-0.0094,-0.0131
27-Apr-08,-0.025,0.03,0.065,-0.018,0.149,-0.02,2.51,0.014,0.011,0.0177,-0.0054,-0.0062
20-Apr-08,-0.205,-0.038,-0.093,-0.041,-0.071,-0.06,-0.93,-0.006,0,0.0141,0.0196,-0.0023
13-Apr-08,-0.039,-0.244,-0.14,-0.153,-0.133,0.04,-0.75,-0.009,0.009,0.0122,0.019,-0.0002
6-Apr-08,-0.033,-0.039,0.051,-0.001,-0.024,0.015,-2.71,0.019,0.003,-0.0268,-0.0008,-0.0058
30-Mar-08,-0.052,0.039,-0.11,-0.07,-0.081,-0.095,0.56,-0.015,-0.004,0.0222,-0.007,-0.0047
23-Mar-08,0,-0.19,-0.031,-0.192,-0.009,0.035,-2.38,0.014,0.007,0.0019,0.0065,-0.0052
16-Mar-08,-0.005,0.055,0.158,0.037,0.073,-0.075,0.44,0.001,-0.004,-0.0123,-0.037,-0.0158
9-Mar-08,0.067,0.034,0.097,0.037,0.045,-0.04,-0.59,-0.034,0.022,0.0362,0.0243,0.0356
2-Mar-08,0.024,0.208,0.191,0.192,0.151,0.06,3.76,0.001,-0.019,-0.004,-0.0324,-0.0103
24-Feb-08,0.123,0.145,-0.091,0.005,0.155,0.035,1.11,-0.005,0.005,-0.0276,-0.017,0.0041
17-Feb-08,-0.033,-0.051,0.013,0.014,0.022,-0.005,3.38,0.028,0.01,-0.0201,-0.0349,-0.0073
10-Feb-08,-0.018,-0.221,-0.17,-0.113,-0.028,-0.025,0.53,-0.005,-0.018,-0.006,-0.0152,-0.016
3-Feb-08,-0.01,0.056,-0.105,0.038,0.02,-0.125,-0.42,-0.007,-0.003,-0.0152,-0.017,-0.0124
27-Jan-08,0.057,0.05,-0.003,0.078,0.068,0.04,-0.74,-0.007,0.006,0.0195,0.029,0.0084
20-Jan-08,-0.081,-0.132,-0.062,-0.063,-0.173,-0.04,0.11,0.014,-0.024,0.0169,-0.0128,-0.0247
13-Jan-08,0.038,0,0.1,0.139,0.098,0.05,0.04,0.021,-0.009,-0.0281,-0.0061,0.0001
6-Jan-08,0.033,0.066,0.013,0.106,0.056,0.03,2.21,-0.007,0.023,0.0027,0.0166,0.0116
30-Dec-07,0.033,0.188,0.282,0.175,0.161,0.02,-0.44,-0.016,-0.018,0.0146,-0.0032,-0.0201
23-Dec-07,0.047,-0.068,-0.165,-0.1,-0.088,0.015,4.02,-0.023,0.009,0.0217,-0.0028,0.0038
16-Dec-07,-0.004,0.191,0.035,0.036,0.149,0.065,1.6,0.011,-0.011,-0.0093,-0.035,-0.0075
9-Dec-07,0.014,-0.23,-0.26,-0.199,-0.183,0,-0.75,0.026,0.003,0.0318,0.0052,-0.006
2-Dec-07,-0.073,0.026,-0.115,-0.015,0.007,-0.13,-1.74,-0.012,0.009,0.016,0.0238,0.0161
25-Nov-07,-0.062,-0.046,-0.02,-0.065,0.017,-0.07,-0.48,-0.005,-0.012,0.0256,-0.0025,0.0067
18-Nov-07,0.057,0.109,0.165,0.113,0.129,0.14,-2.85,-0.011,-0.005,0.0033,0.0205,-0.007
11-Nov-07,0.057,0.121,-0.055,-0.007,0.145,0.03,2.6,-0.016,-0.003,-0.0075,-0.0178,0.015
4-Nov-07,0.047,0.159,0.2,0.055,-0.007,0.1,-0.15,-0.03,0.007,0.0374,0.0017,0.0204
28-Oct-07,0.038,-0.068,-0.14,-0.025,0.064,-0.12,4.06,-0.009,0.001,-0.0005,-0.0168,0.0108
21-Oct-07,-0.024,0.112,0.138,0.163,0.058,-0.04,-0.67,0.027,0.001,-0.0369,-0.0111,-0.005
14-Oct-07,0.104,0.045,0.04,0.045,0.056,0.11,0.35,0.005,-0.018,-0.0008,-0.0092,-0.0278
7-Oct-07,-0.005,-0.095,-0.076,-0.083,-0.119,-0.195,3.08,0.005,0.029,-0.0149,-0.0126,0.0136
30-Sep-07,-0.028,0.117,0.018,0.074,0.081,0.005,-0.63,0.01,-0.015,0.0053,-0.0043,-0.0068
23-Sep-07,0.005,-0.023,-0.095,-0.012,0.088,0.105,-2.16,0.011,-0.004,0.0045,0.0136,-0.0101
16-Sep-07,-0.127,-0.134,-0.165,-0.181,-0.127,-0.225,0.67,0.01,-0.015,-0.0275,-0.0181,-0.0204
9-Sep-07,0.042,0.092,0.025,0.047,-0.002,-0.08,-0.12,0.029,-0.029,-0.0108,-0.0216,-0.0256
2-Sep-07,0.026,-0.003,-0.027,0.002,0.008,0.09,-1.99,0.025,-0.022,0.021,-0.0107,-0.0151
26-Aug-07,-0.014,0.029,0.037,0.053,0.034,0.285,2.39,0,0.012,-0.0132,-0.0138,-0.0085
19-Aug-07,-0.014,-0.022,-0.14,-0.031,0.043,-0.175,0.64,-0.003,0.018,-0.0017,0.0051,0.0097
12-Aug-07,0.127,0.24,0.153,0.158,0.086,0.185,-2.05,0.008,-0.025,-0.0343,-0.0205,-0.0291
5-Aug-07,0.047,0.001,-0.015,-0.037,-0.027,-0.035,4.03,-0.007,0.049,0.0432,0.0217,0.0457
29-Jul-07,0.024,-0.05,0.11,-0.065,0.027,0.26,-0.34,0.004,0.014,0.0158,0.0081,0.0106
22-Jul-07,0.093,0.232,0.085,0.251,0.084,0.21,0.56,0.007,0.005,-0.0152,-0.014,-0.0033
15-Jul-07,0.041,0.059,0.054,0.095,0.056,-0.06,2.67,-0.016,0.033,0.0316,0.0193,0.0285
8-Jul-07,0.01,0.036,0.008,0.014,-0.025,-0.08,0.65,-0.002,-0.012,-0.0217,-0.0043,-0.0087
1-Jul-07,-0.077,-0.087,0.052,-0.099,-0.013,-0.03,1.41,0.002,-0.003,-0.0237,-0.0156,-0.0129
24-Jun-07,0.037,0.048,-0.004,0.095,0.049,0.05,-0.17,0.016,-0.01,-0.0013,-0.0086,-0.0094
17-Jun-07,0.037,-0.033,0.02,-0.015,0.016,0.075,0.7,0.004,-0.007,-0.0101,-0.0073,-0.0011
10-Jun-07,-0.041,-0.11,-0.138,-0.089,-0.077,-0.005,-0.43,-0.002,-0.011,-0.0232,-0.0081,-0.0051
3-Jun-07,-0.119,-0.121,-0.13,-0.134,-0.128,-0.44,-1.72,-0.007,0.01,-0.0059,-0.0014,0.0026
27-May-07,-0.056,-0.044,-0.015,-0.116,-0.08,-0.11,0.34,0,-0.019,0.012,0.0075,-0.0125
20-May-07,-0.07,-0.052,-0.075,0.024,-0.104,-0.095,-0.29,0.02,-0.019,0.0015,-0.0008,-0.014
13-May-07,-0.005,-0.063,0.005,-0.121,-0.112,-0.135,-0.66,0.008,0.005,-0.0091,0.0068,0.0039
6-May-07,-0.005,0.039,-0.105,0.033,0.029,0.02,-0.84,0.022,0.004,0.0063,0.002,0.0101
29-Apr-07,-0.004,-0.026,0.1,-0.018,-0.027,0.04,-0.09,-0.003,0.001,0.0112,0.0061,-0.0097
22-Apr-07,0.051,-0.031,0.02,-0.009,-0.005,0.1,-0.57,0.01,0.006,0.0061,0.0063,0.0068
15-Apr-07,-0.014,-0.014,-0.015,-0.006,0.004,-0.155,-0.89,0.007,0.005,0.0044,-0.0062,0.0077
8-Apr-07,0.005,-0.058,-0.05,-0.117,-0.082,-0.16,0.54,0.014,-0.011,-0.0157,-0.0062,-0.0041
1-Apr-07,-0.014,-0.047,0.04,-0.021,0.006,0.02,0.02,0.013,-0.016,-0.0215,-0.015,-0.017
25-Mar-07,-0.042,-0.087,-0.125,-0.097,-0.005,0.01,-1.49,0.002,-0.005,0.0027,-0.0021,-0.0079
18-Mar-07,-0.028,-0.101,-0.085,-0.06,-0.093,-0.025,0.3,0.008,-0.006,-0.0059,-0.0073,-0.0042
11-Mar-07,0.029,0,-0.035,0.021,-0.04,-0.085,-1.4,0.015,-0.013,-0.0208,0.0029,-0.0086
4-Mar-07,0.056,0.004,-0.01,0.03,0.048,0.015,1.56,-0.004,-0.007,-0.0097,-0.02,-0.0159
25-Feb-07,0.005,0.186,0.135,0.14,0.11,0.11,-1.36,0.005,-0.004,0.0118,0.008,0.002
18-Feb-07,0.028,-0.077,0.005,-0.047,-0.021,0.06,4.16,-0.018,0.02,0.02,-0.0027,0.0101
11-Feb-07,-0.01,0.058,0.01,0.001,-0.009,-0.02,-1.69,0.004,-0.009,-0.0129,-0.0026,-0.0048
4-Feb-07,0.028,0.082,0.095,0.045,0.092,0.055,2.31,0.009,-0.015,-0.0002,-0.0136,-0.01
28-Jan-07,-0.07,-0.036,-0.06,-0.027,0.01,-0.005,-0.54,0.013,-0.001,0.0166,-0.0036,-0.002
21-Jan-07,0.052,-0.069,0.03,-0.023,-0.075,-0.09,0.43,-0.005,0.014,-0.0069,-0.0054,-0.0014
14-Jan-07,0.032,-0.04,0.01,-0.016,-0.024,-0.015,-0.29,-0.008,0,0.0139,0.0051,0.0163
7-Jan-07,-0.024,-0.08,-0.05,-0.093,-0.112,-0.01,-0.98,-0.002,-0.006,-0.0151,-0.0049,-0.0067
31-Dec-06,-0.028,0.015,0.055,0.011,0.083,0.035,-1.68,0.003,-0.003,-0.0287,0.0086,-0.0041
24-Dec-06,-0.084,-0.061,-0.082,-0.083,-0.108,-0.09,0.41,-0.007,0.017,0.0289,0.0196,0.0101
17-Dec-06,0.065,-0.041,-0.051,-0.078,0.014,-0.045,-0.25,-0.008,-0.004,0.0008,-0.0055,-0.0054
10-Dec-06,0.029,-0.148,-0.157,-0.073,-0.09,-0.05,-0.63,0,-0.01,-0.0076,-0.0061,-0.0024
3-Dec-06,-0.078,-0.031,-0.015,-0.02,0.004,-0.015,-1.72,-0.009,-0.003,0.0015,0.0118,0.0042
26-Nov-06,0.052,0.063,-0.04,0.049,0.084,-0.025,-0.98,-0.004,0,0.0259,0.0135,0.0031
19-Nov-06,0.052,0.001,0.093,0.02,0.052,0.06,0.44,-0.01,-0.015,-0.0478,-0.0243,-0.01
12-Nov-06,-0.029,-0.029,-0.018,-0.017,-0.007,-0.055,1.79,0.012,-0.007,-0.0362,-0.0265,-0.0098
5-Nov-06,0.017,0.011,-0.01,-0.001,-0.006,0.04,-0.06,-0.015,0.002,0.0158,0.0016,-0.0014
29-Oct-06,0.024,0.111,0.115,0.112,0.092,0.07,0.41,-0.002,0.003,-0.0103,-0.0126,0.0024
22-Oct-06,0.06,-0.001,-0.01,-0.019,0.067,0.04,-0.42,-0.01,-0.007,-0.0021,0.0023,-0.0018
15-Oct-06,-0.033,-0.044,0.005,-0.025,-0.038,-0.025,1.12,0.006,0.006,-0.015,-0.0127,-0.0097
8-Oct-06,-0.06,-0.098,-0.24,-0.094,-0.133,-0.075,0.9,0.012,-0.011,-0.028,-0.0099,-0.0074
1-Oct-06,-0.028,-0.03,0.035,-0.036,-0.018,-0.065,-0.6,-0.012,0.002,0.0141,0.0085,-0.0083
24-Sep-06,-0.042,0.055,0.1,0.036,0.028,-0.025,-0.84,-0.007,-0.006,0.0022,0.0072,0.0037
17-Sep-06,0.037,0.028,0.04,0.089,0.107,0.21,-1.6,0,0.009,0.0275,0.0108,0.0034
10-Sep-06,0.06,-0.012,0.005,0.003,0.009,-0.03,1.02,0.001,0,-0.0198,-0.0133,0.0029
3-Sep-06,-0.065,-0.049,-0.04,-0.054,-0.032,-0.095,-0.66,0.002,-0.025,-0.0143,0.0026,0.0012
27-Aug-06,0.069,0.037,0.095,0.056,0.096,0.04,0.16,-0.017,0.018,0.0415,0.0163,0.013
20-Aug-06,0.128,0.105,0.085,0.101,0.058,0.065,0.21,0.006,-0.021,-0.0206,-0.0086,-0.0095
13-Aug-06,-0.009,0.041,0.045,0.02,0.077,-0.03,-1.5,0.016,0.005,-0.0036,0.0076,0.001
6-Aug-06,0.028,0.035,-0.055,0.033,-0.002,-0.045,0.5,0,-0.006,0.0072,-0.0104,0.0076
30-Jul-06,0.056,-0.119,0.08,-0.017,0.047,0.085,-1.87,0.002,-0.007,0.0176,0.0152,0.0004
23-Jul-06,-0.107,0.014,-0.045,0.018,0.041,0.01,0.21,0.004,-0.008,-0.0433,-0.011,0.001
16-Jul-06,0.023,0.008,0.045,0.054,0.031,-0.015,1.5,0.007,0.005,-0.0053,-0.0067,-0.015
9-Jul-06,0.107,0.049,-0.025,0.095,0.142,-0.02,-0.04,-0.01,-0.002,-0.0204,-0.0046,0.0009
2-Jul-06,-0.04,0.029,-0.02,-0.061,-0.006,-0.04,-2.05,-0.014,-0.01,0.0116,0.0159,-0.0028
25-Jun-06,-0.041,0.018,0.015,0.005,-0.029,0.07,0.38,0.004,-0.004,-0.0026,-0.0021,-0.0083
18-Jun-06,-0.061,-0.11,-0.16,-0.104,-0.17,-0.045,2.09,0.005,0.002,-0.0294,-0.0277,-0.0104
11-Jun-06,0.033,-0.012,0.025,-0.025,-0.07,-0.03,-1.34,0,0.008,0.0322,0.0133,0.0071
4-Jun-06,0.065,0.023,0.06,0.061,0.074,-0.01,-1.21,-0.015,0.017,-0.0093,-0.0001,0.0093
28-May-06,-0.05,-0.092,-0.05,-0.119,-0.097,-0.035,-2.25,-0.006,-0.005,0.0407,0.0274,0.0034
21-May-06,0.052,0.034,0.1,0.135,0.02,0.065,0.93,0.006,0.005,-0.0227,-0.0183,0.006
14-May-06,0.078,0.156,-0.005,0.054,0.146,0.005,-0.97,0.012,-0.015,0.0187,0.0039,0.0006
7-May-06,-0.084,-0.014,-0.005,-0.044,0.011,-0.05,-1.66,-0.01,0.01,0.0155,0.0158,0.0142
30-Apr-06,0.005,-0.077,-0.08,-0.047,0.029,0.005,2.55,-0.003,0.013,-0.0342,-0.0207,-0.0006
23-Apr-06,-0.009,-0.12,-0.085,-0.045,-0.02,-0.1,1.27,0.012,-0.005,-0.0337,-0.0088,-0.0142
16-Apr-06,0.05,-0.055,-0.08,-0.048,-0.082,0.06,2.75,0.021,-0.003,-0.0438,-0.0296,-0.0161
9-Apr-06,-0.082,-0.032,-0.045,0.001,-0.059,-0.02,2.1,0.013,-0.017,-0.0306,-0.0231,-0.0138
2-Apr-06,-0.112,-0.042,-0.13,-0.087,-0.067,-0.04,-0.4,-0.002,-0.008,-0.0077,-0.002,-0.002
26-Mar-06,-0.037,-0.071,-0.06,-0.114,-0.087,0.02,-0.62,0.019,0.007,-0.0053,0.0029,-0.0095
19-Mar-06,-0.014,-0.039,0.04,-0.043,-0.075,0.01,-0.22,0,-0.007,0.0045,-0.0083,-0.0066
12-Mar-06,-0.05,0.035,0.03,-0.005,0.102,0.03,-1.59,-0.011,0.026,0.0139,0.0154,0.018
5-Mar-06,-0.042,-0.089,-0.085,-0.057,-0.03,-0.065,3.07,0.003,0.007,-0.0298,-0.0275,0.0041
26-Feb-06,-0.014,-0.094,-0.09,-0.091,-0.053,-0.035,-2.46,-0.027,0.024,0.0278,0.0124,0.0133
19-Feb-06,-0.08,0.037,0.065,0.001,0.06,-0.06,0.38,0.015,-0.003,-0.0096,-0.0166,-0.0055
12-Feb-06,0.075,-0.008,-0.025,-0.028,0.015,0.08,1.3,0.001,0.005,-0.0032,0.0061,-0.0006
5-Feb-06,-0.014,0.052,0.14,0.05,-0.022,0.13,-0.25,0.003,0.01,0.0024,-0.0034,-0.0017
29-Jan-06,-0.05,-0.037,-0.05,-0.033,-0.045,-0.01,0.95,-0.008,0.009,0.0182,0.0124,0.0119
22-Jan-06,-0.065,-0.138,-0.21,-0.138,-0.141,-0.13,-1.61,0.004,-0.006,0.0053,0.0076,0.0004
15-Jan-06,-0.023,0.042,0.08,-0.081,0.029,0.115,-1.97,0.003,-0.002,0.0031,0.0038,-0.0016
8-Jan-06,0.001,-0.012,-0.035,0.005,-0.079,-0.08,-1.06,0.007,0.019,0.0048,0,0.007
1-Jan-06,0.028,0.048,0.025,0.038,0.011,-0.025,0.2,0.005,-0.007,-0.0056,0.0011,-0.0009
25-Dec-05,0.08,0.063,0.095,0.032,0.045,0.095,3.54,-0.003,-0.009,-0.0486,-0.0306,-0.0206
18-Dec-05,-0.024,0.096,0.02,0.031,0.063,0.025,-1.74,0.003,-0.009,0.0132,0.0032,-0.005
11-Dec-05,0.028,-0.037,0.13,0.013,-0.024,0.09,-0.52,-0.006,0.017,0.0377,0.0138,0.0163
4-Dec-05,-0.051,-0.069,-0.07,0.022,0.017,-0.035,4.99,-0.003,0.013,-0.0171,-0.0201,0.0057
27-Nov-05,-0.061,0.011,0.02,0.005,-0.051,-0.03,-0.14,0.005,0.011,-0.0216,-0.0095,-0.0018
20-Nov-05,0.014,0.055,-0.055,0.033,0.064,0.035,-0.93,0.007,-0.017,-0.0192,0.0007,-0.0129
13-Nov-05,0.104,0.191,0.145,0.088,0.085,0.145,-0.49,0.02,-0.009,0.0029,0.0044,-0.0022
6-Nov-05,0.037,0.018,0.065,-0.06,0.023,0.07,-1.25,0.001,0,0.0245,-0.0044,-0.0007
30-Oct-05,-0.1,-0.044,-0.085,-0.048,-0.036,-0.18,0.37,-0.007,-0.005,0.0087,0.0098,0.0001
23-Oct-05,0.006,0,-0.055,-0.123,-0.088,-0.055,-2.53,-0.005,0.02,0.0226,0.024,0.0164
16-Oct-05,0.057,0.004,-0.015,0.001,-0.011,-0.005,0.22,0.01,-0.003,-0.0044,-0.0113,-0.0003
9-Oct-05,-0.047,-0.148,-0.08,-0.095,-0.116,0.04,-1.83,-0.001,-0.003,-0.0001,0.0128,0.0035
2-Oct-05,-0.039,0.003,0.005,-0.04,0.042,-0.005,-0.28,-0.011,0,-0.0082,0.0042,0.0042
25-Sep-05,-0.104,-0.079,-0.185,-0.144,-0.118,-0.2,-0.33,-0.012,-0.003,0.0035,-0.0089,0.0044
18-Sep-05,-0.009,0.009,0.04,0.116,0.013,0.055,-0.98,0.008,-0.006,0.0118,0.0009,-0.0032
11-Sep-05,-0.015,-0.009,-0.03,-0.053,-0.014,-0.04,-1.19,0.008,0.017,0.0324,0.0197,0.0088
4-Sep-05,-0.028,-0.067,-0.14,-0.007,-0.113,-0.125,-1.63,-0.001,0.003,0.0313,0.0173,0.0082
28-Aug-05,0.078,0.096,0.135,0.072,0.1,0.125,0.24,0.012,-0.001,0.0028,0.0116,-0.0093
21-Aug-05,0.009,0.04,0.04,0.045,0.076,0.035,0.18,0.011,-0.012,-0.0424,-0.0242,-0.0092
14-Aug-05,0.023,0.151,0.205,0.166,0.115,0.135,0.38,0.011,0.002,-0.0048,-0.0129,-0.0049
7-Aug-05,-0.06,-0.045,-0.085,-0.006,-0.1,-0.015,-1.13,-0.015,0.011,0.0191,0.0283,0.0204
31-Jul-05,-0.071,-0.052,-0.125,-0.125,-0.079,-0.145,2.53,0.019,-0.017,-0.0353,-0.0074,-0.0033
24-Jul-05,-0.071,0.053,0.045,0.055,0.11,0.13,0.65,0.006,-0.011,-0.0217,-0.0233,-0.0119
17-Jul-05,0.038,-0.017,-0.005,0.024,-0.039,-0.14,-1.17,-0.005,0.006,-0.0168,-0.0063,0.0104
10-Jul-05,-0.057,-0.14,-0.04,-0.115,-0.034,0.065,0.84,0.003,-0.012,0.0112,-0.0032,-0.0185
3-Jul-05,-0.028,-0.029,-0.07,-0.048,-0.082,-0.05,0.03,-0.001,-0.001,-0.0129,-0.0064,-0.0057
26-Jun-05,0.029,0.085,0.005,0.02,-0.043,0.005,-0.5,0.024,0.012,0.0299,-0.0012,0.0089
19-Jun-05,0.095,0.159,0.155,0.145,0.131,0.08,-2.69,-0.009,0.02,0.0555,0.0138,0.0182
12-Jun-05,-0.086,-0.178,-0.175,-0.177,-0.088,-0.14,-0.53,-0.004,0.01,0.0072,0.0192,0.0077
5-Jun-05,0.019,-0.002,0.005,0.1,0.005,-0.005,0.14,0.022,-0.006,-0.0202,-0.0166,-0.0165
29-May-05,0.009,0.117,0.12,0.097,0.204,0.13,-1.04,-0.004,-0.006,0.0042,0.0112,-0.0057
22-May-05,0.019,0.013,0.06,0.032,0.072,0.06,0.39,0.007,0.011,0.0099,0.034,0.0078
15-May-05,0.01,0.042,0.06,-0.009,0.002,-0.045,0.14,0.011,-0.006,0.0023,-0.0016,-0.0072
8-May-05,-0.067,0.115,-0.035,0.04,0.037,0.06,-0.84,-0.001,0.003,0.0215,0.0059,0.0035
1-May-05,0.033,0.014,0.06,0.007,-0.032,0,-2.26,-0.023,0.021,0.0414,0.0219,0.0153
24-Apr-05,0.048,0.046,0,0.104,0.078,0.125,-0.39,0.017,0,0.0181,0.0036,0.006
17-Apr-05,0.014,0.07,0.08,0.038,0.007,0.02,1.35,-0.024,-0.001,0.0074,0.0195,0.0001
10-Apr-05,0.052,-0.004,0.135,0.029,0.133,0.125,1.81,0.012,-0.016,-0.0225,-0.0151,-0.0125
3-Apr-05,-0.013,0.042,0.085,0.07,0.001,0.05,0.39,-0.018,0.001,-0.0076,0.0021,0.0039
27-Mar-05,0.029,0.118,0.08,0.076,0.128,0.075,-0.62,-0.014,-0.008,-0.0045,-0.003,-0.0014
20-Mar-05,0.057,-0.007,-0.105,-0.019,-0.091,-0.045,-1.19,0.004,0.006,-0.0113,0.005,0.0006
13-Mar-05,0.052,0.073,0.01,0.084,-0.008,0.025,-1.66,-0.017,0.03,0.0514,0.036,0.0232
6-Mar-05,0.042,-0.049,-0.07,-0.004,-0.06,-0.09,-0.75,0.003,-0.005,0.0036,0.0136,-0.0026
27-Feb-05,-0.105,-0.035,-0.115,-0.038,0.021,-0.055,0.73,0.026,-0.007,-0.0011,-0.0213,-0.0017
20-Feb-05,-0.009,-0.167,-0.045,-0.151,-0.11,-0.08,0.5,0.007,-0.01,-0.005,0.0002,-0.0039
13-Feb-05,-0.015,-0.129,-0.14,-0.146,-0.029,0,0.4,-0.006,0,-0.0242,-0.0171,0.0016
6-Feb-05,-0.07,0.111,0.06,0.127,0.096,-0.01,0.08,0.005,-0.009,-0.0273,-0.0206,-0.0025
30-Jan-05,-0.009,0.029,0.055,0.034,-0.028,0.09,-1.61,0.011,-0.003,0.0083,0.0006,-0.0156
23-Jan-05,0.024,-0.025,-0.06,-0.025,-0.006,-0.055,-0.74,-0.008,0.001,0.0125,0.0172,0.0046
16-Jan-05,0.033,-0.121,-0.11,-0.003,0.007,-0.12,-0.64,-0.018,0.002,-0.0095,0.0006,-0.0051
9-Jan-05,0.023,0.03,0.2,0.05,0.074,0.145,-0.69,-0.006,-0.015,-0.008,0.0056,-0.0109
2-Jan-05,0.03,0.056,-0.105,0.065,0.023,-0.075,2.77,0.016,-0.005,-0.0007,-0.0052,-0.0014
26-Dec-04,-0.076,-0.123,-0.06,-0.079,-0.015,-0.02,-2.33,-0.028,0.024,0.0487,0.0504,0.0248
19-Dec-04,0.043,0.02,-0.135,-0.033,-0.035,-0.055,1.22,0.027,-0.001,0.0056,-0.0027,-0.0133
12-Dec-04,-0.01,0.055,0.06,0.046,0.039,0.1,0.49,-0.003,-0.002,0.0178,-0.0222,-0.0048
5-Dec-04,0.052,0.156,0.095,0.209,0.138,-0.025,0.98,-0.002,-0.01,-0.0268,-0.0084,-0.0125
28-Nov-04,-0.009,-0.112,-0.005,-0.047,-0.077,0.01,-3.08,-0.035,0.017,0.0283,0.0231,0.0302
21-Nov-04,0,0.135,0.145,0.03,0.081,0.05,0.48,-0.015,-0.004,-0.0491,-0.0163,0.009
14-Nov-04,0.043,-0.005,0.13,0.013,0.085,0.085,0.52,0.018,-0.008,-0.0371,-0.0273,-0.0074
7-Nov-04,0.028,0.04,-0.165,0.029,-0.073,-0.08,2.48,-0.001,-0.016,-0.0006,-0.0044,-0.0139
31-Oct-04,-0.014,0.008,-0.01,0.012,0.011,-0.01,0.05,0.006,0.002,-0.0009,-0.0009,-0.0064
24-Oct-04,-0.005,-0.049,-0.04,0.004,-0.009,0.045,0.18,0.02,-0.011,-0.0179,-0.0182,-0.0144
17-Oct-04,-0.038,0.03,-0.035,0.016,0.042,-0.04,1.41,0.016,0.012,-0.0115,-0.0098,-0.0094
10-Oct-04,0.113,0.132,0.225,0.137,0.188,0.112,2.15,0.019,-0.01,-0.0221,-0.0221,-0.0102
3-Oct-04,-0.083,-0.029,-0.06,-0.027,-0.085,-0.019,0.18,-0.002,-0.001,-0.0097,-0.0059,0.0058
26-Sep-04,-0.008,-0.022,-0.065,-0.047,-0.061,0.062,1,0.009,-0.008,0.0046,0.0007,-0.0084
19-Sep-04,0.05,0.124,-0.115,0.094,0.006,-0.055,0.28,0.013,-0.008,0.0055,-0.0136,-0.0123
12-Sep-04,0.025,-0.007,0.155,0.042,0.115,0.035,-1.21,0.024,-0.007,-0.012,-0.0079,-0.0155
5-Sep-04,-0.005,0.036,0.045,-0.002,-0.04,-0.035,0,-0.007,-0.006,0.0053,0.0063,-0.0034
29-Aug-04,0.06,-0.005,0.095,-0.014,0.019,0.025,0.84,0.009,-0.008,-0.0223,-0.021,-0.0038
22-Aug-04,-0.015,-0.027,0.02,0.006,-0.022,0.025,-0.85,0.012,0.006,0.0156,-0.0044,0.0125
15-Aug-04,0.06,0.01,-0.035,-0.008,-0.061,-0.03,-0.45,-0.015,0.02,0.0285,0.0304,0.0201
8-Aug-04,0.08,0.056,0.105,0.091,0.103,0.04,1.58,0.011,-0.006,0.0264,0.0064,-0.0074
1-Aug-04,0.095,0.173,0.175,0.118,0.131,0.15,-0.15,0.004,-0.014,-0.0057,-0.0097,-0.003
25-Jul-04,-0.045,-0.067,-0.17,-0.019,-0.065,-0.265,0.89,0.019,-0.016,-0.0204,-0.0259,-0.0111
18-Jul-04,0.025,-0.007,0.02,0.003,0.027,0.085,-1.29,-0.01,0,0.0126,0.0074,0.0066
11-Jul-04,-0.045,-0.065,-0.04,-0.023,-0.049,-0.027,-1.44,-0.011,0.023,0.0398,0.0359,0.0223
4-Jul-04,0.105,0.06,0.205,0.077,0.125,0.147,-0.53,0.008,-0.002,-0.0129,-0.0038,-0.0094
27-Jun-04,0.045,0.002,-0.04,-0.009,0.024,0,0.08,0.005,-0.011,-0.0288,-0.0089,-0.0082
20-Jun-04,-0.005,0.078,-0.035,0.077,0.088,-0.021,-0.65,0.027,-0.01,-0.0042,-0.0152,-0.0135
13-Jun-04,-0.14,0.035,0.125,0.025,0,0.111,1.12,0.014,-0.009,0.0112,-0.0032,-0.0115
6-Jun-04,-0.18,-0.001,-0.14,-0.024,-0.106,-0.18,1.41,0.002,0.002,-0.0204,-0.0133,0.0046
30-May-04,-0.12,-0.114,0.045,-0.101,-0.146,-0.01,1.13,-0.015,-0.007,0.0216,0.0257,0.0024
23-May-04,0.005,0.058,0.15,0.049,0.11,0.098,-1.29,0.011,0.01,-0.0065,-0.0052,0.0184
16-May-04,0.03,-0.063,0.09,0.022,0.072,0.092,2.45,0.011,-0.023,-0.0438,-0.0217,-0.0147
9-May-04,-0.01,-0.063,-0.075,-0.121,-0.248,-0.185,1.65,0.013,-0.005,-0.0303,-0.0116,-0.008
2-May-04,0.04,-0.038,-0.055,-0.014,0.082,-0.005,-1.8,-0.004,0.014,0.0288,0.0004,0.0101
25-Apr-04,0.01,-0.023,-0.06,-0.055,-0.09,-0.11,-1.89,-0.013,0.01,-0.0081,0.0097,0.0191
18-Apr-04,-0.03,0.01,0.035,-0.019,0.04,0.03,-1.22,-0.009,0.001,-0.0083,-0.0136,0.0139
11-Apr-04,-0.015,-0.083,-0.185,-0.086,-0.181,-0.15,-1.37,-0.017,0.011,0.0261,0.0155,0.0093
4-Apr-04,-0.07,-0.113,-0.28,-0.091,-0.154,-0.15,-1.42,-0.017,0.021,0.0339,0.0085,0.0199
28-Mar-04,-0.115,-0.108,-0.12,-0.126,-0.153,-0.14,-1.88,-0.011,-0.001,0.0009,0.0052,-0.0057
21-Mar-04,0.025,0.006,0.055,0.049,0.018,0.065,1.41,0.003,-0.008,-0.016,-0.0005,-0.0112
14-Mar-04,-0.04,-0.019,-0.07,0.032,0.032,-0.09,0.82,0.014,0.004,0.017,0.0139,0.0017
7-Mar-04,0.12,0.085,0.33,0.165,0.143,0.3,4.13,0.002,-0.012,-0.0292,-0.0055,-0.0163
29-Feb-04,-0.205,0.021,-0.09,0.003,0.036,-0.065,1.17,-0.014,0.031,0.0428,0.0159,0.0282
22-Feb-04,0.005,0.075,0.04,0.02,0.072,0.025,-2.99,0.013,0.013,0.0216,0.0114,0.0134
15-Feb-04,0.02,-0.067,-0.04,0.014,-0.063,-0.045,-0.04,0.002,-0.004,-0.0077,0.0042,-0.0045
8-Feb-04,0.035,0.06,0.15,0.026,0.122,0.105,-3.52,-0.02,0.017,0.0255,0.0208,0.0198
1-Feb-04,0.06,0.075,0.135,0.099,0.052,0.09,0.12,0.009,-0.006,-0.0388,-0.0036,-0.0188
25-Jan-04,-0.015,-0.14,-0.18,-0.127,-0.214,-0.205,0.13,-0.001,-0.02,-0.0233,-0.0235,-0.0067
18-Jan-04,-0.035,-0.058,-0.09,0.045,0.135,-0.015,0.98,-0.011,-0.002,0.0024,0.0119,0.0079
11-Jan-04,0.1,-0.037,0.225,-0.02,0.201,0.225,-0.08,-0.014,-0.007,-0.0279,-0.0201,-0.0076
4-Jan-04,-0.025,0.165,-0.175,0.188,-0.061,-0.135,-0.04,-0.028,0.017,0.051,0.0444,0.0126
28-Dec-03,-0.08,-0.087,0.015,-0.083,0.021,0.045,0.45,0.018,-0.023,-0.0567,-0.0244,-0.0181
21-Dec-03,0.08,0.027,0.045,0.036,-0.06,-0.05,0.43,0.018,-0.012,-0.021,-0.0157,-0.0177
14-Dec-03,-0.025,0.052,0.19,0.021,0.127,0.115,0.32,0.029,-0.003,-0.0056,-0.0055,-0.0038
7-Dec-03,0.115,0.068,0.085,0.035,0.108,0.14,-0.06,-0.02,0.003,-0.0191,-0.0087,0.0053
30-Nov-03,-0.115,0.141,0.015,0.114,-0.045,0.09,-0.06,-0.011,-0.003,-0.0179,-0.0124,-0.0059
23-Nov-03,0.005,-0.057,-0.1,-0.132,-0.078,-0.1,1.94,-0.005,-0.006,-0.0064,-0.017,-0.0122
16-Nov-03,0.02,-0.01,0.05,0.043,0.098,0.065,-0.86,0.003,0.003,-0.0191,-0.0081,-0.0007
9-Nov-03,0.185,0.112,0.02,0.132,0.185,0.02,-0.43,-0.001,-0.011,-0.0156,-0.0133,-0.0033
2-Nov-03,-0.075,-0.072,-0.17,-0.17,-0.171,-0.07,1,0.02,-0.015,-0.0133,-0.0245,-0.0116
26-Oct-03,-0.1,-0.039,-0.11,-0.067,-0.059,-0.08,0.58,-0.003,-0.003,0.0213,0.0049,-0.0004
19-Oct-03,0.065,-0.061,0.13,0.065,0.135,0.06,-0.77,-0.013,-0.004,-0.0004,0.0199,-0.0092
12-Oct-03,-0.075,-0.173,-0.15,-0.121,-0.107,-0.1,0.17,0.008,-0.013,-0.0167,-0.0099,-0.0069
5-Oct-03,0.04,0.005,-0.3,0.016,-0.071,-0.27,-0.66,0.006,0.004,-0.0138,0.0115,-0.0007
28-Sep-03,0.01,-0.214,0.04,-0.186,-0.174,0.02,2.25,0.023,-0.008,-0.0009,-0.022,-0.0122
21-Sep-03,-0.01,0.095,0.15,0.126,0.188,0.11,0.7,0.009,-0.003,-0.0052,-0.0105,-0.0056
14-Sep-03,0.14,-0.071,0.08,-0.005,0.033,0.12,2.49,-0.005,0.002,-0.0226,-0.0093,-0.0016
7-Sep-03,-0.095,0.143,0,0.157,0.026,0.06,3.21,0.016,-0.009,-0.0332,-0.009,-0.0086
31-Aug-03,0.02,-0.09,-0.11,-0.122,0.055,-0.14,-0.53,0.006,-0.007,-0.0143,-0.0184,-0.0158
24-Aug-03,-0.105,-0.012,0.07,-0.004,0.02,0,0.13,0.016,0.002,-0.0111,-0.0127,-0.0001
17-Aug-03,-0.255,-0.031,0.03,-0.022,0.104,0,0.58,0.014,0.007,-0.0028,-0.0093,0.0046
10-Aug-03,-0.225,-0.212,-0.19,-0.151,-0.192,-0.15,1.69,-0.014,0.005,0.0223,0.0372,0.0078
3-Aug-03,0.09,0.187,0.14,0.181,0.036,0.06,-0.03,0.005,-0.009,0.006,0.0049,-0.0068
27-Jul-03,0,-0.178,-0.15,-0.179,-0.128,-0.21,0.98,0.007,0.003,0.0079,-0.0034,-0.0016
20-Jul-03,-0.005,0.007,-0.09,0.024,-0.028,-0.07,-1.42,-0.018,0.004,0.009,0.0238,0.0119
13-Jul-03,0.025,-0.147,-0.25,-0.127,-0.044,-0.19,-0.18,0.026,-0.015,-0.0286,-0.0242,-0.0163
6-Jul-03,0.07,0.056,0.07,0.019,-0.109,0.05,-0.64,-0.03,0.019,0.0396,0.0018,0.0131
29-Jun-03,-0.325,-0.065,-0.09,-0.074,-0.034,-0.07,0.12,-0.038,0.004,0.0366,0.0205,0.0178
22-Jun-03,-0.135,-0.149,-0.21,-0.188,-0.158,-0.17,1.61,0.009,-0.013,-0.0181,-0.0056,-0.0104
15-Jun-03,-0.145,-0.205,-0.21,-0.21,-0.311,-0.15,-1.31,0.012,0.001,0.0149,0.0173,0.0004
8-Jun-03,0.06,0.195,0.19,0.2,0.27,0.26,-0.9,-0.027,-0.003,0.0079,0.0253,0.0004
1-Jun-03,0.025,0.012,0.07,0.018,0.108,0.06,1.25,0.025,-0.003,-0.0099,-0.0163,-0.0101
25-May-03,0.04,-0.084,0,-0.048,0.035,0.05,0.63,0.008,0,-0.0259,0.0087,-0.0042
18-May-03,0.005,0.15,0.23,0.185,0.25,0.2,-2.41,0.007,0.007,-0.0007,0.0051,0.0061
11-May-03,0.005,0.102,0,0.104,0.145,0.1,-0.78,-0.008,-0.003,-0.0141,-0.0246,-0.0067
4-May-03,0.03,0.114,0.11,0.143,0.115,0.09,1.29,0.028,-0.005,-0.0164,-0.0105,-0.0089
27-Apr-03,0.01,0,0.11,0.03,-0.022,0.09,1.65,0.027,-0.012,-0.0015,-0.0256,-0.013
20-Apr-03,0.01,0.065,-0.03,0.092,0.126,0.03,1.17,0.027,-0.01,-0.0124,-0.0197,-0.0154
13-Apr-03,0.05,0.047,0,-0.012,0.035,0.04,-0.37,0.004,0.002,-0.0208,-0.016,-0.0019
6-Apr-03,0.02,-0.022,0.14,0.009,0.069,0.1,0.7,0.002,-0.011,0.0015,-0.0127,-0.0092
30-Mar-03,0.045,-0.061,-0.02,-0.065,-0.046,0.02,-0.56,0.02,-0.005,-0.011,-0.0017,-0.0043
23-Mar-03,0,0.128,0.16,0.151,0.108,0.1,-0.18,0,0.01,0.0123,0.0052,-0.0001
16-Mar-03,0,-0.248,-0.24,-0.287,-0.3,-0.25,1.66,0.023,-0.001,-0.0103,-0.0248,-0.0101
9-Mar-03,0.005,-0.202,-0.19,-0.143,-0.069,-0.21,-3.21,-0.021,0.002,0.0205,0.0207,0.0081
2-Mar-03,0.03,0.111,-0.07,0.062,0.087,0.01,-1.17,-0.008,0.01,0.0193,0.0267,0.0145
23-Feb-03,0.05,0.017,0.06,0.007,0.101,0.11,1.05,0.017,-0.002,-0.0291,-0.021,-0.0045
16-Feb-03,0.005,0.013,0.03,0.06,-0.001,0.03,0.59,0.021,-0.002,0.0058,-0.003,-0.0116
9-Feb-03,0.005,0.008,-0.04,0.027,-0.001,-0.02,1.59,0.018,-0.005,0.0348,0.0023,-0.005
2-Feb-03,-0.04,0.074,0.06,0.068,-0.02,0.13,0.01,-0.002,-0.003,0.0171,0.0034,-0.002
26-Jan-03,0.005,-0.045,-0.01,-0.052,-0.08,0.03,-0.44,0.001,-0.004,0.0164,-0.0056,-0.0027
19-Jan-03,0.025,0.122,0.15,0.168,-0.004,0.15,-2.07,-0.002,0.004,-0.015,0.0052,0.0045
12-Jan-03,0.04,0.073,0.07,0.084,0.054,0.04,-0.06,0.017,0.003,-0.0189,-0.0152,-0.0001
5-Jan-03,0.03,0.053,-0.01,0.048,-0.031,0,1.53,0.009,-0.014,-0.006,-0.0093,-0.0078
29-Dec-02,0.01,-0.085,-0.23,-0.107,-0.155,-0.04,0.45,0.019,-0.01,0.0015,-0.0153,-0.0166
22-Dec-02,0.03,0.092,0.06,0.093,0.109,0,0.18,0.005,-0.009,-0.0055,0.0015,-0.006
15-Dec-02,0.06,0.032,0.16,0.03,0.096,0.16,0.5,-0.019,-0.003,-0.0014,-0.0169,0.0017
8-Dec-02,0.01,0.056,0.16,0.091,0.034,0.02,0.06,0.01,-0.002,-0.0131,-0.0035,0.0026
1-Dec-02,-0.015,0.098,0.17,0.075,0.094,0.08,3.05,0.005,-0.011,-0.013,-0.0135,-0.0047
24-Nov-02,0.03,-0.042,-0.1,0.023,0.014,-0.03,-0.97,0,-0.005,-0.0193,-0.0153,-0.0005
17-Nov-02,-0.02,-0.08,-0.16,-0.054,-0.062,-0.16,0.29,0.013,0.006,0.0231,0.0024,0.0031
10-Nov-02,-0.01,-0.014,0.04,0.001,-0.079,-0.01,-2.34,0.006,-0.004,0,0.0125,-0.0001
3-Nov-02,-0.02,0.061,-0.01,0.098,0.06,-0.01,-0.72,-0.02,-0.004,0.0114,0.0035,0.0011
27-Oct-02,0.095,0.058,0.35,0.036,0.186,0.25,2.38,-0.006,-0.005,-0.0278,-0.0161,-0.0056
20-Oct-02,0.015,0.015,0.08,0.008,-0.001,0.03,2.2,0.011,-0.005,-0.0131,-0.0211,-0.0036
13-Oct-02,0.01,-0.141,-0.38,-0.157,-0.208,-0.29,1.15,0.005,-0.006,-0.0048,-0.0039,-0.0055
6-Oct-02,0.06,-0.036,-0.04,-0.083,-0.055,-0.03,-1.44,0.013,0,0.0158,0.0157,-0.0011
29-Sep-02,0.06,-0.053,-0.03,-0.02,-0.088,-0.06,-0.82,0.006,-0.003,0.0039,-0.0082,-0.0021
22-Sep-02,0.075,-0.024,-0.05,0.016,-0.056,0.01,-0.75,-0.014,-0.008,-0.0048,0.0014,-0.0034
15-Sep-02,-0.26,0.072,0.04,0.062,0.02,0.08,0.87,-0.006,0,-0.0062,0.0016,0.0025
8-Sep-02,0.095,-0.042,-0.12,-0.008,0.074,-0.09,-1.71,0.007,0.004,-0.0037,-0.0111,0.0043
1-Sep-02,0.05,0.171,0.37,0.153,0.137,0.18,-3.13,-0.021,-0.004,0.0092,0.0098,-0.0025
25-Aug-02,0.085,0.093,0.07,0.089,0.082,0.12,-0.06,0,-0.001,-0.0102,0.0009,0.0032
18-Aug-02,0.019,-0.045,-0.17,-0.084,0.071,-0.08,1.17,-0.002,-0.003,-0.0293,-0.0095,-0.0077
11-Aug-02,-0.024,-0.023,0.04,-0.006,-0.158,-0.01,-2.03,0.003,0.002,0.0184,0.0119,0.0027
4-Aug-02,0.04,0.117,0.04,0.068,0.036,0.01,2.54,0.013,-0.01,-0.0145,-0.0145,-0.0101
28-Jul-02,0.035,0.084,0,0.095,0.056,0.06,-1.34,0.012,0.006,0.0453,0.0172,0.0032
21-Jul-02,-0.07,0.059,0.13,0.114,0.05,0.17,-0.01,0.002,-0.001,-0.004,-0.0012,-0.0028
14-Jul-02,0.025,0.021,0.08,0.03,0.061,0.01,-2.91,-0.043,0.026,0.0111,0.0257,0.0208
7-Jul-02,0.03,0.17,0.14,0.152,0.196,0.04,0.99,-0.01,-0.003,-0.0233,-0.0205,0.0027
30-Jun-02,-0.005,-0.088,-0.03,-0.077,-0.041,0.03,3.49,-0.011,0.001,-0.0313,-0.0188,-0.002
23-Jun-02,0.01,0.014,-0.09,0.02,-0.092,-0.08,-0.78,-0.004,0.001,0.0112,0.0195,0.0058
16-Jun-02,0.045,-0.004,0.01,0.009,0.011,0.03,1.53,0.002,0.011,-0.0362,-0.021,0.0109
9-Jun-02,-0.005,0.203,0.18,0.158,0.171,0.11,2.99,0.026,-0.015,-0.0202,-0.0247,-0.014
2-Jun-02,0.025,0.042,0.11,0.042,-0.02,0.03,0.25,-0.015,0.004,-0.0175,-0.0023,0.0111
26-May-02,0.03,-0.011,0.02,-0.011,0.072,0.04,-0.23,0.001,-0.007,-0.0055,-0.0099,-0.0041
19-May-02,-0.06,0.088,0.09,0.095,0.145,0.11,0.62,0,-0.01,0.0039,-0.0136,-0.0106
12-May-02,0,-0.081,-0.04,-0.065,-0.13,0.02,1.23,0.011,-0.006,-0.0005,0.0002,-0.004
5-May-02,0.015,-0.09,-0.15,-0.089,-0.028,-0.12,1.65,0.014,-0.011,0.0063,-0.0065,-0.0084
28-Apr-02,0.045,-0.031,0.07,-0.013,0.057,-0.01,-0.61,0.008,-0.004,0.0052,0.0033,-0.0047
21-Apr-02,-0.025,0.13,0.15,0.113,0.045,0.09,0.81,-0.004,0.002,-0.0105,-0.0155,0.0042
14-Apr-02,-0.011,-0.095,-0.01,-0.057,-0.051,0.09,2.51,0.01,-0.003,-0.011,-0.0096,-0.0035
7-Apr-02,-0.004,0.031,-0.01,-0.016,0.039,-0.12,1.62,0.013,-0.006,-0.0102,-0.012,-0.0061
31-Mar-02,0.015,0.093,0,0.109,0.132,0.03,-0.27,0.004,-0.005,-0.0044,-0.0012,-0.004
24-Mar-02,0.04,0.009,0.05,0.016,0.019,0.12,1.09,0.006,0.003,-0.0071,-0.0072,0.0032
17-Mar-02,0.03,-0.053,0.06,-0.029,-0.091,-0.04,0.08,-0.018,-0.003,-0.0003,0.0052,-0.0027
10-Mar-02,0.005,-0.037,-0.06,-0.048,-0.01,-0.06,-3.67,0.006,-0.001,-0.001,0.0054,-0.0053
3-Mar-02,0.05,-0.171,-0.37,-0.167,-0.272,-0.17,-0.67,0.003,-0.006,-0.0034,-0.0085,-0.0024
24-Feb-02,0.01,-0.111,-0.11,-0.093,-0.16,-0.05,4.88,0.005,-0.007,-0.003,-0.009,-0.0034
17-Feb-02,-0.03,-0.011,0.12,0,0.035,0.13,0.61,0.004,-0.006,0.0145,0.0108,-0.0072
10-Feb-02,0.01,0.024,-0.12,-0.008,-0.012,-0.15,-1.4,-0.006,0.005,-0.0012,-0.0023,0.0052
3-Feb-02,-0.005,-0.078,0.13,-0.038,0.111,0.04,2.03,0.008,-0.005,-0.0161,0.0001,-0.0071
27-Jan-02,-0.03,0.144,-0.05,0.114,0.065,-0.09,-1.57,-0.008,0,0.0024,-0.0114,-0.0014
20-Jan-02,-0.05,-0.16,-0.2,-0.162,-0.186,-0.12,1.3,0.02,0.007,-0.0081,0.004,0.0071
13-Jan-02,-0.025,0.05,-0.01,-0.011,-0.104,0.06,-1.82,0.004,-0.001,0.0277,0.0182,-0.0018
6-Jan-02,0.005,0.084,0.25,0.122,0.256,0.22,-0.47,-0.018,0,0.0118,0.0083,0.0057
30-Dec-01,-0.035,0.041,-0.01,0.063,0,0.01,-1.16,-0.002,0.006,-0.0032,0.0024,0.0001
23-Dec-01,-0.05,-0.138,-0.14,-0.116,-0.029,-0.08,0.19,-0.004,-0.014,0.0042,-0.0114,-0.0086
16-Dec-01,0.02,-0.077,-0.02,-0.128,0.149,-0.05,-1.6,-0.006,0.001,-0.0122,0.0044,-0.004
9-Dec-01,0.025,0.157,-0.11,0.106,-0.018,-0.09,-2.15,-0.024,0.001,0.0153,0.0148,0.0117
2-Dec-01,-0.005,-0.315,-0.12,-0.303,-0.325,-0.11,-1.82,0.014,-0.004,-0.0198,-0.0132,-0.0053
25-Nov-01,0,0.047,0.29,0.053,0.257,0.16,-2.13,-0.002,0.003,-0.0092,0.0069,0.0077
18-Nov-01,0.005,-0.025,-0.27,0.003,-0.078,-0.21,0.88,0.026,-0.007,-0.0139,-0.0184,-0.004
11-Nov-01,-0.04,-0.283,-0.51,-0.291,-0.525,-0.36,-1.36,-0.01,0.005,0.0169,0.0061,0.0047
4-Nov-01,-0.015,0.107,-0.01,0.015,0.153,0.06,-2.54,0.014,0.004,0.0292,0.01,-0.0083
28-Oct-01,0.02,0.191,0.25,0.153,0.123,0.22,1.31,-0.012,-0.004,0.0058,0.0081,-0.0057
21-Oct-01,0.034,0.099,0.07,0.137,0.147,0.1,1,-0.015,-0.003,-0.0255,-0.0091,-0.0058
14-Oct-01,0.021,0.067,0.08,0.052,0.108,0.15,-1.48,-0.002,0.004,-0.0034,0.006,0.0064
7-Oct-01,0.005,-0.108,-0.13,-0.033,-0.16,-0.13,-0.09,-0.012,-0.002,0.0197,0.0124,-0.0034
30-Sep-01,0.025,0.126,0.14,0.154,0.1,0.02,-0.6,-0.001,-0.001,0.0314,0.0069,0.0013
23-Sep-01,-0.02,0.021,0.06,0.092,-0.001,0.16,-0.97,0.017,-0.008,-0.0099,-0.0068,-0.0158
16-Sep-01,0.02,-0.105,-0.09,-0.12,-0.202,-0.19,-2.96,-0.008,-0.004,-0.0175,0.0032,-0.0065
9-Sep-01,0,0.107,0.24,0.042,0.155,0.21,0.78,-0.007,0.022,0.0153,0.0059,0.0303
2-Sep-01,-0.035,-0.056,-0.19,-0.029,0.078,-0.16,2.67,0.001,0.011,-0.0112,-0.0134,0.0043
26-Aug-01,0.015,0.06,0.14,0.09,0.111,0.12,-1.27,-0.014,0.005,-0.0072,0.005,0.0101
19-Aug-01,-0.065,-0.092,0.08,-0.118,-0.003,0.03,1.26,-0.012,0.002,-0.0108,0.0026,0.005
12-Aug-01,-0.01,0,-0.07,0.039,0.081,-0.15,0.22,0.004,-0.002,0.0024,0.0032,0.0013
5-Aug-01,0.055,0.228,0.34,0.1,0.194,0.19,1.76,-0.004,-0.014,-0.0222,-0.0249,-0.0226
29-Jul-01,-0.055,-0.005,0.07,0.004,-0.096,0.07,1.66,-0.01,-0.007,0.0062,-0.0089,0.0038
22-Jul-01,0.065,0.029,-0.21,0.057,0.067,-0.09,-0.17,0.002,-0.006,-0.0057,-0.0067,-0.0084
15-Jul-01,-0.075,0.093,0.27,0.119,0.147,0.16,-0.53,0.012,-0.003,0.004,-0.0066,-0.0029
8-Jul-01,-0.065,0.004,0.03,0.005,0.012,0,1.98,-0.007,-0.003,-0.0237,-0.0162,0.0025
1-Jul-01,-0.05,0.13,-0.15,0.02,0.021,-0.06,0.92,-0.014,-0.002,0.0078,-0.0074,0.001
24-Jun-01,-0.01,-0.18,-0.2,-0.185,-0.32,-0.14,-1.16,-0.008,0.001,0.004,0.0025,0.0023
17-Jun-01,0.01,0.01,-0.01,0.091,0.071,-0.03,-0.25,0.008,0.007,-0.0028,0.0073,0.0044
10-Jun-01,0.055,0.042,0.2,0.06,0.101,0.13,-1.55,0.002,0.003,-0.0098,0.0042,0.008
3-Jun-01,0,-0.029,-0.07,0.002,0.022,0.01,-1.95,-0.007,0.004,-0.0246,-0.0107,0.0013
27-May-01,0.03,0.106,0.13,0.129,0.17,0.07,-1.68,0.019,-0.011,0.04,-0.0031,-0.0164
20-May-01,-0.027,-0.125,-0.04,-0.131,-0.037,-0.13,1.36,0.009,0.015,0.0038,0.0135,0.0119
13-May-01,-0.006,-0.075,-0.27,-0.038,-0.035,-0.2,2.87,-0.012,0.004,0.0171,0.0202,0.0096
6-May-01,0.092,-0.042,-0.01,-0.069,-0.218,-0.01,-1,0.017,-0.006,-0.0206,-0.0061,-0.0085
29-Apr-01,-0.05,0.061,-0.08,0.015,0.064,0,-1.16,-0.015,-0.001,0.0203,0.0174,-0.0025
22-Apr-01,0.169,0.01,0.13,-0.006,-0.029,0.09,2.66,0.007,-0.009,0.0012,-0.0005,-0.0098
15-Apr-01,-0.033,-0.114,-0.2,-0.111,-0.124,-0.26,-1.47,0.003,-0.001,0.0008,0.01,0.0056
8-Apr-01,-0.15,-0.151,-0.16,-0.152,-0.183,-0.12,1.67,0.016,-0.005,-0.0023,-0.014,-0.0059
1-Apr-01,0,0.051,-0.18,-0.019,0.014,-0.15,-0.44,0.003,-0.001,0.001,0.016,-0.0107
25-Mar-01,-0.085,-0.175,-0.12,-0.07,-0.147,-0.03,2.47,0.012,-0.004,-0.0239,-0.0264,-0.013
18-Mar-01,-0.055,-0.033,-0.17,0.048,-0.063,-0.08,-3.57,-0.012,0.013,0.0084,0.0122,0.0112
11-Mar-01,0.09,0.198,0.1,0.054,0.097,0.03,0.29,0.004,0,0.0056,0.0076,-0.0017
4-Mar-01,0.01,-0.008,0.18,0.014,0.058,0.06,-3.43,-0.022,0.005,0.0396,0.0353,0.0142
25-Feb-01,0.205,0.141,0.1,0.097,0.104,0.12,-0.45,-0.003,0.015,0.0014,0.0018,0.0204
18-Feb-01,-0.035,-0.029,0.06,-0.013,0.009,0.01,-3.25,-0.007,-0.001,-0.0174,-0.0171,-0.0032
11-Feb-01,0.035,-0.109,-0.07,-0.048,-0.082,-0.05,-0.1,0.003,-0.006,-0.0092,-0.0045,0.0019
4-Feb-01,0.09,0.017,-0.08,0.016,0.056,-0.06,1.83,-0.029,0.007,-0.0013,0.0116,0.0084
28-Jan-01,-0.115,0.042,0.12,0.045,0.031,0.06,-1.92,-0.015,0.009,0.0273,0.0117,0.0162
21-Jan-01,0.055,0.035,-0.02,0.01,-0.03,-0.03,1.67,0.009,-0.009,-0.0095,-0.0122,-0.0085
14-Jan-01,0.045,-0.006,0.01,-0.022,0.024,-0.03,-0.17,0.008,0.01,0.0021,0.0098,0.0128
7-Jan-01,0.105,-0.137,0.02,-0.13,-0.134,-0.05,1.32,-0.012,-0.001,0.014,0.018,-0.0002
31-Dec-00,0.024,0.08,0.05,0.17,0.082,0.08,-1.88,-0.001,0.006,0.0258,0.006,0.0155
24-Dec-00,-0.089,0.062,-0.05,0.008,-0.093,-0.03,-2.27,-0.001,-0.009,-0.007,-0.0156,-0.0136
17-Dec-00,0.09,-0.037,0.05,0.003,0.105,0.1,-1.41,0.019,-0.002,-0.0176,-0.018,-0.0018
10-Dec-00,-0.06,0.018,0.1,0.074,-0.014,0.09,-0.32,0.003,-0.017,-0.0036,-0.0288,-0.0126
3-Dec-00,0.05,-0.043,0.19,0.041,0.137,0.15,-1.58,-0.004,0.004,-0.0278,-0.0093,0.0033
26-Nov-00,0.04,0.065,0.14,0.134,0.108,0.16,0.29,0.03,-0.011,-0.0037,-0.0076,-0.0099
19-Nov-00,0.09,0.153,-0.02,0.055,0.08,0.04,0.04,-0.008,-0.016,-0.0438,-0.0401,-0.0146
12-Nov-00,0.045,0.039,0.21,0.055,0.079,0.1,-2.49,0.019,0,0.0249,0.0103,-0.004
5-Nov-00,0.015,0.013,0.05,-0.02,0.044,0,-0.89,-0.015,-0.006,0.0012,0.0115,0
29-Oct-00,0.03,0.057,-0.01,0.021,-0.059,0,-0.9,-0.01,0.004,0.0232,0.0063,0.007
22-Oct-00,-0.016,-0.078,-0.04,-0.039,-0.129,0.06,1.6,-0.004,0.005,0.0065,-0.0271,-0.0028
15-Oct-00,0.006,-0.023,-0.01,0.016,0.031,-0.01,0.19,-0.018,-0.002,-0.0037,0.0025,0.0058
8-Oct-00,-0.03,0.109,0.1,0.051,0.041,0.08,-1.02,-0.004,-0.003,-0.001,0.0142,-0.0008
1-Oct-00,0.03,-0.009,0.03,-0.028,0.006,-0.02,1.01,-0.003,0.003,-0.0046,0.0122,0.005
24-Sep-00,0.02,0.086,-0.03,0.011,0.03,0.04,-0.74,0,0.006,0.0304,0.0154,0.0094
17-Sep-00,0,0.093,-0.1,0.022,0.004,-0.06,-0.15,-0.015,0.004,-0.0234,-0.0078,0.0015
10-Sep-00,-0.01,-0.051,0.03,-0.01,-0.083,-0.01,-0.83,-0.006,0.005,-0.0562,-0.0225,0.0005
3-Sep-00,0.075,-0.082,0.02,-0.075,-0.044,-0.03,-0.99,-0.006,0.002,0.0173,0.0126,0.0107
27-Aug-00,-0.06,0.025,0.11,0.043,0.117,-0.02,-0.13,-0.004,0.011,0.0501,0.0336,0.021
20-Aug-00,-0.095,0.012,0.06,-0.011,-0.007,-0.01,0.85,0.01,0.006,0.0054,0.0024,-0.0024
13-Aug-00,-0.065,-0.095,-0.12,-0.054,0.033,-0.01,1.56,-0.006,0.014,0.0205,0.0043,0.0166
6-Aug-00,-0.05,0.056,0.02,0.025,-0.065,0.02,0.12,0.008,-0.001,0.0122,-0.004,-0.0124
30-Jul-00,0,-0.016,0.01,0.021,0.165,0.04,0.09,0.005,0.007,0.002,0.0056,0.008
23-Jul-00,0.047,-0.077,-0.08,0.043,-0.036,-0.03,0.9,-0.012,0.001,-0.0012,0.0153,0.0017
16-Jul-00,-0.002,0.087,-0.01,0.068,0.035,0.03,-0.6,-0.007,0.004,0.014,0.0136,-0.0017
9-Jul-00,0.055,-0.117,0.06,-0.027,-0.075,0.05,-1.07,0.013,-0.001,-0.0162,0.0013,-0.0026
2-Jul-00,0,0.041,-0.01,-0.062,0.023,0.01,0.03,-0.004,0.001,0.013,0.0101,0.008
25-Jun-00,-0.07,0.11,0.08,0.01,0.174,0.13,-1.88,0.001,0.008,0.0034,0.0042,0.005
18-Jun-00,-0.065,-0.209,-0.08,-0.146,-0.201,-0.05,-1.22,0.003,0.002,-0.0166,-0.0166,-0.002
11-Jun-00,0.03,0.059,-0.07,0.066,0.136,-0.04,1.63,-0.017,0.007,0.0151,0.0288,0.0115
