EURUSD_date,DEbond_date,USbond_date,EUR_open,EUR_close,EUR_delta,USbond_open,USbond_close,USbond_delta,DEbond_open,DEbond_close,DEbond_delta
12/2/2005,12/9/2005,12/9/2005,1.17,1.17,0.00,4.55,4.53,0.02,3.39,3.45,-0.05
12/9/2005,12/16/2005,12/16/2005,1.17,1.18,-0.01,4.52,4.44,0.08,3.45,3.35,0.10
12/16/2005,12/23/2005,12/23/2005,1.18,1.20,-0.02,4.45,4.38,0.07,3.35,3.33,0.02
12/23/2005,12/30/2005,12/30/2005,1.20,1.19,0.02,4.38,4.39,-0.01,3.33,3.31,0.02
12/30/2005,1/6/2006,1/6/2006,1.19,1.18,0.00,4.42,4.37,0.05,3.30,3.26,0.04
1/6/2006,1/13/2006,1/13/2006,1.18,1.22,-0.03,4.36,4.35,0.01,3.26,3.26,0.00
1/13/2006,1/20/2006,1/20/2006,1.21,1.21,0.00,4.34,4.36,-0.02,3.27,3.38,-0.11
1/20/2006,1/27/2006,1/27/2006,1.22,1.21,0.00,4.38,4.50,-0.12,3.37,3.48,-0.11
1/27/2006,2/3/2006,2/3/2006,1.21,1.21,0.00,4.54,4.53,0.01,3.49,3.49,0.00
2/3/2006,2/10/2006,2/10/2006,1.21,1.20,0.01,4.53,4.58,-0.05,3.49,3.48,0.01
2/10/2006,2/17/2006,2/17/2006,1.20,1.19,0.01,4.59,4.54,0.05,3.46,3.45,0.01
2/17/2006,2/24/2006,2/24/2006,1.19,1.19,0.00,4.53,4.56,-0.03,3.46,3.49,-0.03
2/24/2006,3/3/2006,3/3/2006,1.19,1.19,0.00,4.56,4.68,-0.12,3.49,3.59,-0.10
3/3/2006,3/10/2006,3/10/2006,1.19,1.20,-0.02,4.71,4.75,-0.04,3.59,3.69,-0.09
3/10/2006,3/17/2006,3/17/2006,1.21,1.19,0.01,4.78,4.67,0.11,3.69,3.69,0.00
3/17/2006,3/24/2006,3/24/2006,1.19,1.22,-0.03,4.67,4.67,0.00,3.69,3.63,0.06
3/24/2006,3/31/2006,3/31/2006,1.22,1.20,0.01,4.67,4.85,-0.18,3.64,3.77,-0.13
3/31/2006,4/7/2006,4/7/2006,1.20,1.21,-0.01,4.88,4.96,-0.08,3.77,3.90,-0.13
4/7/2006,4/14/2006,4/14/2006,1.21,1.21,0.00,4.96,5.03,-0.07,3.89,3.96,-0.07
4/14/2006,4/21/2006,4/21/2006,1.21,1.21,0.00,5.03,5.01,0.02,3.95,3.95,0.00
4/21/2006,4/28/2006,4/28/2006,1.21,1.23,-0.02,5.00,5.06,-0.06,3.95,3.95,0.00
4/28/2006,5/5/2006,5/5/2006,1.24,1.26,-0.03,5.05,5.10,-0.05,3.95,4.00,-0.05
5/5/2006,5/12/2006,5/12/2006,1.26,1.27,-0.01,5.10,5.18,-0.08,4.00,4.08,-0.08
5/12/2006,5/19/2006,5/19/2006,1.27,1.29,-0.02,5.17,5.05,0.12,4.09,3.99,0.10
5/19/2006,5/26/2006,5/26/2006,1.29,1.28,0.02,5.01,5.05,-0.04,3.98,3.88,0.10
5/26/2006,6/2/2006,6/2/2006,1.28,1.27,0.00,5.05,4.99,0.06,3.89,3.93,-0.04
6/2/2006,6/9/2006,6/9/2006,1.27,1.29,-0.02,4.99,4.98,0.01,3.94,3.93,0.00
6/9/2006,6/16/2006,6/16/2006,1.29,1.26,0.03,4.99,5.12,-0.13,3.94,3.94,0.00
6/16/2006,6/23/2006,6/23/2006,1.26,1.26,0.00,5.14,5.22,-0.08,3.94,4.08,-0.15
6/23/2006,6/30/2006,6/30/2006,1.26,1.25,0.01,5.22,5.13,0.09,4.08,4.07,0.01
6/30/2006,7/7/2006,7/7/2006,1.25,1.28,-0.03,5.15,5.13,0.02,4.07,4.07,0.01
7/7/2006,7/14/2006,7/14/2006,1.28,1.28,0.00,5.14,5.05,0.09,4.06,3.98,0.08
7/14/2006,7/21/2006,7/21/2006,1.28,1.27,0.02,5.07,5.05,0.02,3.98,3.96,0.03
7/21/2006,7/28/2006,7/28/2006,1.26,1.27,-0.01,5.06,4.99,0.07,3.95,3.92,0.03
7/28/2006,8/4/2006,8/4/2006,1.27,1.28,-0.01,5.00,4.90,0.10,3.92,3.91,0.02
8/4/2006,8/11/2006,8/11/2006,1.28,1.29,-0.01,4.91,4.97,-0.06,3.91,3.98,-0.07
8/11/2006,8/18/2006,8/18/2006,1.29,1.27,0.02,4.99,4.84,0.16,3.98,3.90,0.08
8/18/2006,8/25/2006,8/25/2006,1.27,1.28,-0.01,4.83,4.79,0.04,3.90,3.79,0.11
8/25/2006,9/1/2006,9/1/2006,1.28,1.28,0.01,4.80,4.73,0.08,3.79,3.75,0.04
9/1/2006,9/8/2006,9/8/2006,1.28,1.28,-0.01,4.75,4.77,-0.02,3.74,3.79,-0.05
9/8/2006,9/15/2006,9/15/2006,1.28,1.27,0.02,4.78,4.80,-0.02,3.79,3.78,0.01
9/15/2006,9/22/2006,9/22/2006,1.27,1.27,0.00,4.80,4.60,0.20,3.77,3.69,0.08
9/22/2006,9/29/2006,9/29/2006,1.26,1.28,-0.01,4.58,4.63,-0.05,3.69,3.71,-0.02
9/29/2006,10/6/2006,10/6/2006,1.28,1.27,0.01,4.65,4.70,-0.04,3.71,3.75,-0.04
10/6/2006,10/13/2006,10/13/2006,1.27,1.26,0.01,4.72,4.81,-0.08,3.75,3.83,-0.09
10/13/2006,10/20/2006,10/20/2006,1.26,1.25,0.01,4.79,4.78,0.01,3.83,3.84,-0.01
10/20/2006,10/27/2006,10/27/2006,1.25,1.26,-0.01,4.82,4.68,0.14,3.84,3.81,0.03
10/27/2006,11/3/2006,11/3/2006,1.26,1.27,-0.01,4.66,4.72,-0.05,3.81,3.77,0.03
11/3/2006,11/10/2006,11/10/2006,1.27,1.27,0.00,4.73,4.59,0.14,3.77,3.71,0.06
11/10/2006,11/17/2006,11/17/2006,1.27,1.28,-0.01,4.59,4.61,-0.02,3.71,3.73,-0.02
11/17/2006,11/24/2006,11/24/2006,1.28,1.28,0.00,4.59,4.55,0.04,3.72,3.70,0.02
11/24/2006,12/1/2006,12/1/2006,1.28,1.31,-0.03,4.57,4.43,0.14,3.71,3.66,0.04
12/1/2006,12/8/2006,12/8/2006,1.32,1.33,-0.02,4.45,4.55,-0.11,3.66,3.73,-0.07
12/8/2006,12/15/2006,12/15/2006,1.34,1.32,0.02,4.55,4.60,-0.05,3.75,3.80,-0.05
12/15/2006,12/22/2006,12/22/2006,1.32,1.31,0.01,4.60,4.62,-0.03,3.80,3.88,-0.08
12/22/2006,12/29/2006,12/29/2006,1.31,1.31,0.00,4.62,4.71,-0.09,3.89,3.95,-0.06
12/29/2006,1/5/2007,1/5/2007,1.31,1.32,-0.01,4.66,4.65,0.01,3.93,3.98,-0.06
1/5/2007,1/12/2007,1/12/2007,1.32,1.30,0.02,4.67,4.77,-0.10,3.98,4.06,-0.08
1/12/2007,1/19/2007,1/19/2007,1.30,1.29,0.01,4.76,4.77,-0.02,4.07,4.05,0.02
1/19/2007,1/26/2007,1/26/2007,1.29,1.30,0.00,4.78,4.88,-0.10,4.05,4.09,-0.04
1/26/2007,2/2/2007,2/2/2007,1.30,1.29,0.00,4.87,4.83,0.04,4.09,4.06,0.03
2/2/2007,2/9/2007,2/9/2007,1.29,1.30,0.00,4.81,4.78,0.03,4.06,4.09,-0.03
2/9/2007,2/16/2007,2/16/2007,1.30,1.30,-0.01,4.78,4.69,0.09,4.09,4.05,0.04
2/16/2007,2/23/2007,2/23/2007,1.30,1.31,-0.01,4.71,4.68,0.03,4.05,4.05,0.00
2/23/2007,3/2/2007,3/2/2007,1.32,1.32,0.00,4.65,4.52,0.14,4.05,3.94,0.11
3/2/2007,3/9/2007,3/9/2007,1.32,1.32,0.00,4.49,4.59,-0.10,3.94,3.96,-0.02
3/9/2007,3/16/2007,3/16/2007,1.32,1.31,0.01,4.58,4.55,0.04,3.95,3.91,0.05
3/16/2007,3/23/2007,3/23/2007,1.31,1.33,-0.02,4.56,4.61,-0.05,3.91,4.00,-0.09
3/23/2007,3/30/2007,3/30/2007,1.33,1.33,0.00,4.63,4.65,-0.02,4.00,4.06,-0.06
3/30/2007,4/6/2007,4/6/2007,1.33,1.34,-0.01,4.64,4.67,-0.04,4.07,4.10,-0.03
4/6/2007,4/13/2007,4/13/2007,1.34,1.34,0.00,4.74,4.76,-0.02,4.10,4.23,-0.13
4/13/2007,4/20/2007,4/20/2007,1.34,1.35,-0.02,4.77,4.67,0.10,4.24,4.20,0.04
4/20/2007,4/27/2007,4/27/2007,1.36,1.36,0.00,4.67,4.70,-0.03,4.20,4.22,-0.02
4/27/2007,5/4/2007,5/4/2007,1.36,1.36,0.00,4.68,4.64,0.04,4.22,4.20,0.02
5/4/2007,5/11/2007,5/11/2007,1.36,1.36,0.00,4.65,4.67,-0.02,4.20,4.22,-0.02
5/11/2007,5/18/2007,5/18/2007,1.36,1.35,0.01,4.67,4.80,-0.13,4.23,4.31,-0.08
5/18/2007,5/25/2007,5/25/2007,1.35,1.35,0.00,4.81,4.86,-0.05,4.32,4.39,-0.06
5/25/2007,6/1/2007,6/1/2007,1.35,1.34,0.01,4.86,4.96,-0.10,4.40,4.46,-0.06
6/1/2007,6/8/2007,6/8/2007,1.34,1.34,0.00,4.95,5.12,-0.17,4.47,4.57,-0.11
6/8/2007,6/15/2007,6/15/2007,1.34,1.34,0.01,5.13,5.17,-0.04,4.58,4.66,-0.08
6/15/2007,6/22/2007,6/22/2007,1.34,1.34,0.00,5.14,5.14,0.00,4.65,4.65,0.00
6/22/2007,6/29/2007,6/29/2007,1.34,1.35,-0.01,5.11,5.03,0.08,4.65,4.57,0.08
6/29/2007,7/6/2007,7/6/2007,1.35,1.35,-0.01,5.03,5.20,-0.16,4.55,4.68,-0.13
7/6/2007,7/13/2007,7/13/2007,1.35,1.36,-0.01,5.17,5.11,0.06,4.69,4.62,0.07
7/13/2007,7/20/2007,7/20/2007,1.36,1.38,-0.02,5.09,4.96,0.13,4.61,4.44,0.18
7/20/2007,7/27/2007,7/27/2007,1.38,1.38,0.00,4.95,4.79,0.16,4.43,4.32,0.11
7/27/2007,8/3/2007,8/3/2007,1.38,1.36,0.02,4.76,4.70,0.06,4.32,4.32,0.01
8/3/2007,8/10/2007,8/10/2007,1.36,1.38,-0.02,4.68,4.78,-0.09,4.30,4.35,-0.06
8/10/2007,8/17/2007,8/17/2007,1.38,1.37,0.01,4.82,4.67,0.15,4.35,4.29,0.07
8/17/2007,8/24/2007,8/24/2007,1.37,1.35,0.02,4.69,4.63,0.05,4.29,4.26,0.03
8/24/2007,8/31/2007,8/31/2007,1.35,1.37,-0.02,4.64,4.54,0.10,4.26,4.24,0.02
8/31/2007,9/7/2007,9/7/2007,1.37,1.36,0.00,4.51,4.37,0.15,4.25,4.12,0.13
9/7/2007,9/14/2007,9/14/2007,1.36,1.38,-0.01,4.38,4.46,-0.09,4.12,4.17,-0.05
9/14/2007,9/21/2007,9/21/2007,1.38,1.39,-0.01,4.47,4.63,-0.16,4.18,4.36,-0.18
9/21/2007,9/28/2007,9/28/2007,1.39,1.41,-0.02,4.66,4.58,0.08,4.36,4.33,0.03
9/28/2007,10/5/2007,10/5/2007,1.41,1.43,-0.02,4.58,4.64,-0.06,4.33,4.35,-0.02
10/5/2007,10/12/2007,10/12/2007,1.43,1.41,0.01,4.63,4.69,-0.06,4.35,4.42,-0.07
10/12/2007,10/19/2007,10/19/2007,1.41,1.42,0.00,4.69,4.40,0.29,4.44,4.23,0.22
10/19/2007,10/26/2007,10/26/2007,1.42,1.43,-0.01,4.38,4.39,-0.01,4.20,4.17,0.02
10/26/2007,11/2/2007,11/2/2007,1.43,1.44,-0.01,4.42,4.29,0.13,4.18,4.18,0.01
11/2/2007,11/9/2007,11/9/2007,1.44,1.45,-0.01,4.31,4.23,0.08,4.18,4.09,0.10
11/9/2007,11/16/2007,11/16/2007,1.45,1.47,-0.02,4.23,4.15,0.08,4.08,4.10,-0.02
11/16/2007,11/23/2007,11/23/2007,1.46,1.47,0.00,4.14,4.01,0.13,4.11,4.02,0.09
11/23/2007,11/30/2007,11/30/2007,1.47,1.48,-0.02,4.04,3.97,0.07,4.06,4.13,-0.06
11/30/2007,12/7/2007,12/7/2007,1.48,1.46,0.02,3.94,4.12,-0.18,4.11,4.20,-0.08
12/7/2007,12/14/2007,12/14/2007,1.46,1.47,0.00,4.12,4.23,-0.12,4.18,4.31,-0.13
12/14/2007,12/21/2007,12/21/2007,1.47,1.44,0.02,4.21,4.17,0.04,4.30,4.30,0.00
12/21/2007,12/28/2007,12/28/2007,1.44,1.44,0.00,4.18,4.10,0.08,4.32,4.31,0.00
12/28/2007,1/4/2008,1/4/2008,1.44,1.47,-0.04,4.04,3.85,0.19,4.30,4.14,0.16
1/4/2008,1/11/2008,1/11/2008,1.47,1.47,0.00,3.89,3.81,0.08,4.13,4.09,0.05
1/11/2008,1/18/2008,1/18/2008,1.47,1.48,0.00,3.81,3.65,0.16,4.09,3.97,0.11
1/18/2008,1/25/2008,1/25/2008,1.48,1.46,0.02,3.52,3.58,-0.07,3.97,3.98,0.00
1/25/2008,2/1/2008,2/1/2008,1.46,1.47,-0.01,3.56,3.60,-0.04,3.92,3.92,0.00
2/1/2008,2/8/2008,2/8/2008,1.47,1.48,-0.01,3.63,3.65,-0.03,3.93,3.86,0.07
2/8/2008,2/15/2008,2/15/2008,1.48,1.45,0.03,3.67,3.78,-0.11,3.88,3.96,-0.08
2/15/2008,2/22/2008,2/22/2008,1.45,1.47,-0.02,3.85,3.79,0.06,3.96,4.00,-0.04
2/22/2008,2/29/2008,2/29/2008,1.47,1.48,-0.02,3.83,3.53,0.30,4.00,3.89,0.10
2/29/2008,3/7/2008,3/7/2008,1.48,1.52,-0.03,3.56,3.54,0.02,3.86,3.79,0.07
3/7/2008,3/14/2008,3/14/2008,1.52,1.54,-0.02,3.52,3.42,0.10,3.78,3.73,0.04
3/14/2008,3/21/2008,3/21/2008,1.54,1.57,-0.03,3.37,3.33,0.05,3.73,3.76,-0.03
3/21/2008,3/28/2008,3/28/2008,1.57,1.54,0.03,3.40,3.47,-0.07,3.75,3.94,-0.18
3/28/2008,4/4/2008,4/4/2008,1.54,1.58,-0.04,3.43,3.48,-0.05,3.93,3.95,-0.02
4/4/2008,4/11/2008,4/11/2008,1.58,1.57,0.01,3.53,3.47,0.06,3.96,3.91,0.05
4/11/2008,4/18/2008,4/18/2008,1.57,1.58,-0.01,3.43,3.74,-0.31,3.92,4.13,-0.22
4/18/2008,4/25/2008,4/25/2008,1.57,1.58,-0.01,3.74,3.87,-0.13,4.11,4.18,-0.07
4/25/2008,5/2/2008,5/2/2008,1.58,1.56,0.02,3.89,3.85,0.04,4.18,4.20,-0.02
5/2/2008,5/9/2008,5/9/2008,1.56,1.54,0.02,3.85,3.77,0.09,4.19,4.00,0.20
5/9/2008,5/16/2008,5/16/2008,1.54,1.55,-0.01,3.79,3.85,-0.06,4.00,4.17,-0.18
5/16/2008,5/23/2008,5/23/2008,1.55,1.56,-0.01,3.85,3.83,0.02,4.19,4.27,-0.08
5/23/2008,5/30/2008,5/30/2008,1.56,1.58,-0.02,3.88,4.05,-0.17,4.26,4.41,-0.15
5/30/2008,6/6/2008,6/6/2008,1.58,1.56,0.02,4.03,3.94,0.09,4.40,4.42,-0.02
6/6/2008,6/13/2008,6/13/2008,1.56,1.58,-0.02,3.93,4.26,-0.33,4.42,4.64,-0.22
6/13/2008,6/20/2008,6/20/2008,1.58,1.54,0.04,4.23,4.14,0.09,4.66,4.63,0.03
6/20/2008,6/27/2008,6/27/2008,1.54,1.56,-0.02,4.16,3.99,0.17,4.64,4.52,0.12
6/27/2008,7/4/2008,7/4/2008,1.56,1.58,-0.02,3.99,3.97,0.02,4.52,4.50,0.02
7/4/2008,7/11/2008,7/11/2008,1.58,1.57,0.01,3.98,3.94,0.04,4.50,4.43,0.08
7/11/2008,7/18/2008,7/18/2008,1.57,1.59,-0.02,3.99,4.08,-0.09,4.49,4.57,-0.08
7/18/2008,7/25/2008,7/25/2008,1.60,1.58,0.01,4.09,4.11,-0.03,4.58,4.60,-0.02
7/25/2008,8/1/2008,8/1/2008,1.58,1.57,0.01,4.09,3.95,0.14,4.61,4.35,0.26
8/1/2008,8/8/2008,8/8/2008,1.57,1.56,0.01,3.95,3.95,0.00,4.35,4.26,0.08
8/8/2008,8/15/2008,8/15/2008,1.56,1.50,0.06,3.94,3.85,0.09,4.26,4.17,0.09
8/15/2008,8/22/2008,8/22/2008,1.49,1.47,0.03,3.85,3.87,-0.02,4.16,4.22,-0.06
8/22/2008,8/29/2008,8/29/2008,1.47,1.48,-0.01,3.84,3.81,0.02,4.21,4.18,0.03
8/29/2008,9/5/2008,9/5/2008,1.48,1.47,0.01,3.85,3.66,0.19,4.17,4.00,0.17
9/5/2008,9/12/2008,9/12/2008,1.47,1.43,0.04,3.79,3.73,0.06,3.99,4.19,-0.19
9/12/2008,9/19/2008,9/19/2008,1.44,1.42,0.01,3.53,3.77,-0.24,4.18,4.21,-0.03
9/19/2008,9/26/2008,9/26/2008,1.43,1.45,-0.02,3.85,3.83,0.02,4.20,4.16,0.03
9/26/2008,10/3/2008,10/3/2008,1.45,1.46,-0.01,3.82,3.64,0.17,4.18,3.92,0.26
10/3/2008,10/10/2008,10/10/2008,1.45,1.38,0.07,3.53,3.86,-0.33,3.93,4.00,-0.07
10/10/2008,10/17/2008,10/17/2008,1.36,1.34,0.02,4.03,3.94,0.09,3.96,4.01,-0.05
10/17/2008,10/24/2008,10/24/2008,1.36,1.34,0.02,3.96,3.70,0.26,4.01,3.75,0.26
10/24/2008,10/31/2008,10/31/2008,1.34,1.26,0.08,3.65,3.97,-0.32,3.76,3.90,-0.14
10/31/2008,11/7/2008,11/7/2008,1.26,1.27,-0.02,3.94,3.78,0.16,3.91,3.68,0.23
11/7/2008,11/14/2008,11/14/2008,1.28,1.27,0.00,3.83,3.75,0.08,3.69,3.67,0.02
11/14/2008,11/21/2008,11/21/2008,1.28,1.26,0.02,3.71,3.17,0.55,3.66,3.39,0.27
11/21/2008,11/28/2008,11/28/2008,1.25,1.26,0.00,3.23,2.96,0.28,3.40,3.26,0.14
11/28/2008,12/5/2008,12/5/2008,1.26,1.27,-0.01,2.88,2.66,0.23,3.27,3.03,0.24
12/5/2008,12/12/2008,12/12/2008,1.27,1.27,0.00,2.75,2.59,0.16,3.09,3.30,-0.21
12/12/2008,12/19/2008,12/19/2008,1.27,1.34,-0.06,2.58,2.13,0.45,3.29,3.00,0.29
12/19/2008,12/26/2008,12/26/2008,1.34,1.39,-0.05,2.13,2.14,-0.01,3.01,2.94,0.06
12/26/2008,1/2/2009,1/2/2009,1.39,1.40,-0.01,2.14,2.42,-0.28,2.95,2.96,-0.01
1/2/2009,1/9/2009,1/9/2009,1.41,1.39,0.02,2.49,2.41,0.08,2.99,3.02,-0.02
1/9/2009,1/16/2009,1/16/2009,1.39,1.35,0.04,2.42,2.30,0.12,3.02,2.93,0.09
1/16/2009,1/23/2009,1/23/2009,1.35,1.33,0.02,2.39,2.62,-0.24,2.95,3.24,-0.29
1/23/2009,1/30/2009,1/30/2009,1.34,1.30,0.04,2.66,2.84,-0.18,3.24,3.30,-0.05
1/30/2009,2/6/2009,2/6/2009,1.29,1.28,0.01,2.83,2.98,-0.15,3.29,3.37,-0.08
2/6/2009,2/13/2009,2/13/2009,1.28,1.29,-0.02,2.99,2.88,0.11,3.37,3.11,0.26
2/13/2009,2/20/2009,2/20/2009,1.30,1.29,0.01,2.76,2.77,-0.01,3.11,3.01,0.09
2/20/2009,2/27/2009,2/27/2009,1.28,1.28,0.00,2.86,3.04,-0.19,3.01,3.11,-0.10
2/27/2009,3/6/2009,3/6/2009,1.28,1.27,0.01,2.96,2.83,0.14,3.10,2.93,0.18
3/6/2009,3/13/2009,3/13/2009,1.26,1.27,0.00,2.87,2.89,-0.02,2.92,3.06,-0.14
3/13/2009,3/20/2009,3/20/2009,1.27,1.29,-0.03,2.97,2.63,0.35,3.07,2.97,0.10
3/20/2009,3/27/2009,3/27/2009,1.28,1.36,-0.07,2.65,2.76,-0.11,2.97,3.09,-0.11
3/27/2009,4/3/2009,4/3/2009,1.37,1.33,0.04,2.70,2.91,-0.21,3.11,3.22,-0.11
4/3/2009,4/10/2009,4/10/2009,1.32,1.35,-0.03,2.89,2.93,-0.04,3.26,3.25,0.01
4/10/2009,4/17/2009,4/17/2009,1.35,1.32,0.03,2.93,2.93,0.00,3.21,3.27,-0.06
4/17/2009,4/24/2009,4/24/2009,1.32,1.30,0.01,2.88,3.00,-0.12,3.27,3.19,0.08
4/24/2009,5/1/2009,5/1/2009,1.30,1.32,-0.02,2.95,3.17,-0.23,3.19,3.17,0.02
5/1/2009,5/8/2009,5/8/2009,1.32,1.33,0.00,3.16,3.29,-0.13,3.18,3.45,-0.26
5/8/2009,5/15/2009,5/15/2009,1.33,1.36,-0.04,3.23,3.12,0.10,3.45,3.37,0.08
5/15/2009,5/22/2009,5/22/2009,1.37,1.35,0.02,3.10,3.45,-0.35,3.37,3.55,-0.18
5/22/2009,5/29/2009,5/29/2009,1.35,1.40,-0.05,3.42,3.47,-0.05,3.54,3.59,-0.05
5/29/2009,6/5/2009,6/5/2009,1.40,1.42,-0.01,3.51,3.86,-0.36,3.60,3.72,-0.12
6/5/2009,6/12/2009,6/12/2009,1.41,1.40,0.02,3.82,3.79,0.03,3.74,3.63,0.11
6/12/2009,6/19/2009,6/19/2009,1.39,1.40,-0.01,3.76,3.79,-0.03,3.63,3.50,0.13
6/19/2009,6/26/2009,6/26/2009,1.40,1.39,0.00,3.72,3.51,0.22,3.50,3.39,0.11
6/26/2009,7/3/2009,7/3/2009,1.39,1.41,-0.01,3.48,3.50,-0.01,3.39,3.34,0.05
7/3/2009,7/10/2009,7/10/2009,1.41,1.40,0.01,3.50,3.30,0.20,3.34,3.26,0.08
7/10/2009,7/17/2009,7/17/2009,1.40,1.39,0.00,3.30,3.65,-0.36,3.26,3.40,-0.14
7/17/2009,7/24/2009,7/24/2009,1.39,1.41,-0.02,3.69,3.67,0.02,3.40,3.48,-0.08
7/24/2009,7/31/2009,7/31/2009,1.41,1.42,-0.01,3.71,3.50,0.21,3.49,3.30,0.19
7/31/2009,8/7/2009,8/7/2009,1.42,1.43,0.00,3.57,3.85,-0.29,3.28,3.51,-0.23
8/7/2009,8/14/2009,8/14/2009,1.43,1.42,0.01,3.86,3.56,0.30,3.50,3.32,0.19
8/14/2009,8/21/2009,8/21/2009,1.42,1.42,0.00,3.48,3.56,-0.08,3.31,3.31,0.00
8/21/2009,8/28/2009,8/28/2009,1.42,1.43,-0.01,3.58,3.45,0.13,3.32,3.25,0.07
8/28/2009,9/4/2009,9/4/2009,1.43,1.43,0.00,3.42,3.44,-0.02,3.23,3.24,-0.02
9/4/2009,9/11/2009,9/11/2009,1.43,1.43,0.00,3.45,3.34,0.11,3.23,3.24,-0.01
9/11/2009,9/18/2009,9/18/2009,1.43,1.46,-0.03,3.36,3.47,-0.11,3.24,3.38,-0.13
9/18/2009,9/25/2009,9/25/2009,1.46,1.47,-0.01,3.46,3.33,0.13,3.37,3.26,0.12
9/25/2009,10/2/2009,10/2/2009,1.47,1.47,0.00,3.33,3.22,0.11,3.23,3.12,0.11
10/2/2009,10/9/2009,10/9/2009,1.47,1.46,0.01,3.20,3.38,-0.18,3.13,3.20,-0.08
10/9/2009,10/16/2009,10/16/2009,1.46,1.47,-0.01,3.34,3.42,-0.08,3.20,3.29,-0.08
10/16/2009,10/23/2009,10/23/2009,1.47,1.49,-0.02,3.42,3.48,-0.06,3.29,3.35,-0.06
10/23/2009,10/30/2009,10/30/2009,1.49,1.50,-0.01,3.50,3.39,0.10,3.36,3.23,0.13
10/30/2009,11/6/2009,11/6/2009,1.50,1.47,0.03,3.40,3.50,-0.10,3.22,3.36,-0.14
11/6/2009,11/13/2009,11/13/2009,1.47,1.48,-0.01,3.52,3.43,0.09,3.37,3.38,-0.01
11/13/2009,11/20/2009,11/20/2009,1.49,1.49,0.00,3.40,3.36,0.04,3.38,3.25,0.13
11/20/2009,11/27/2009,11/27/2009,1.49,1.49,0.01,3.39,3.21,0.18,3.26,3.17,0.09
11/27/2009,12/4/2009,12/4/2009,1.48,1.50,-0.01,3.24,3.48,-0.25,3.17,3.24,-0.07
12/4/2009,12/11/2009,12/11/2009,1.50,1.49,0.02,3.45,3.54,-0.09,3.23,3.21,0.02
12/11/2009,12/18/2009,12/18/2009,1.49,1.46,0.03,3.54,3.55,-0.01,3.20,3.14,0.06
12/18/2009,12/25/2009,12/25/2009,1.46,1.43,0.03,3.59,3.81,-0.22,3.14,3.32,-0.18
12/25/2009,1/1/2010,1/1/2010,1.43,1.44,-0.01,3.85,3.84,0.01,3.32,3.39,-0.06
1/1/2010,1/8/2010,1/8/2010,1.44,1.43,0.00,3.86,3.81,0.05,3.41,3.39,0.03
1/8/2010,1/15/2010,1/15/2010,1.43,1.44,-0.01,3.85,3.68,0.17,3.38,3.26,0.12
1/15/2010,1/22/2010,1/22/2010,1.44,1.44,0.00,3.69,3.60,0.09,3.26,3.22,0.04
1/22/2010,1/29/2010,1/29/2010,1.43,1.41,0.02,3.64,3.61,0.03,3.22,3.20,0.02
1/29/2010,2/5/2010,2/5/2010,1.42,1.39,0.03,3.63,3.55,0.09,3.18,3.12,0.05
2/5/2010,2/12/2010,2/12/2010,1.39,1.37,0.02,3.58,3.69,-0.12,3.11,3.19,-0.08
2/12/2010,2/19/2010,2/19/2010,1.37,1.36,0.00,3.72,3.78,-0.07,3.21,3.29,-0.08
2/19/2010,2/26/2010,2/26/2010,1.36,1.36,0.00,3.79,3.60,0.19,3.28,3.10,0.18
2/26/2010,3/5/2010,3/5/2010,1.36,1.36,0.00,3.62,3.68,-0.06,3.11,3.16,-0.04
3/5/2010,3/12/2010,3/12/2010,1.36,1.36,0.00,3.72,3.71,0.01,3.15,3.17,-0.02
3/12/2010,3/19/2010,3/19/2010,1.36,1.38,-0.01,3.70,3.69,0.01,3.17,3.11,0.06
3/19/2010,3/26/2010,3/26/2010,1.38,1.35,0.02,3.69,3.86,-0.17,3.11,3.15,-0.04
3/26/2010,4/2/2010,4/2/2010,1.35,1.34,0.01,3.87,3.86,0.02,3.16,3.09,0.07
4/2/2010,4/9/2010,4/9/2010,1.35,1.35,0.00,3.96,3.89,0.08,3.10,3.17,-0.06
4/9/2010,4/16/2010,4/16/2010,1.35,1.35,0.00,3.90,3.77,0.13,3.18,3.08,0.09
4/16/2010,4/23/2010,4/23/2010,1.36,1.35,0.01,3.77,3.82,-0.05,3.07,3.06,0.01
4/23/2010,4/30/2010,4/30/2010,1.35,1.34,0.01,3.80,3.66,0.13,3.06,3.02,0.05
4/30/2010,5/7/2010,5/7/2010,1.33,1.33,0.01,3.70,3.43,0.27,3.02,2.80,0.22
5/7/2010,5/14/2010,5/14/2010,1.33,1.27,0.06,3.58,3.44,0.13,2.92,2.86,0.06
5/14/2010,5/21/2010,5/21/2010,1.29,1.24,0.06,3.46,3.20,0.25,2.82,2.67,0.16
5/21/2010,5/28/2010,5/28/2010,1.23,1.26,-0.02,3.19,3.30,-0.11,2.68,2.68,0.00
5/28/2010,6/4/2010,6/4/2010,1.25,1.23,0.03,3.26,3.20,0.06,2.68,2.58,0.09
6/4/2010,6/11/2010,6/11/2010,1.23,1.20,0.03,3.23,3.22,0.01,2.57,2.57,0.00
6/11/2010,6/18/2010,6/18/2010,1.20,1.21,-0.02,3.30,3.22,0.07,2.58,2.73,-0.15
6/18/2010,6/25/2010,6/25/2010,1.21,1.24,-0.03,3.30,3.11,0.18,2.75,2.61,0.14
6/25/2010,7/2/2010,7/2/2010,1.24,1.24,0.01,3.09,2.98,0.11,2.61,2.58,0.03
7/2/2010,7/9/2010,7/9/2010,1.24,1.26,-0.02,2.97,3.06,-0.09,2.57,2.63,-0.06
7/9/2010,7/16/2010,7/16/2010,1.26,1.26,-0.01,3.04,2.94,0.10,2.63,2.61,0.03
7/16/2010,7/23/2010,7/23/2010,1.26,1.29,-0.03,2.95,2.99,-0.04,2.63,2.71,-0.07
7/23/2010,7/30/2010,7/30/2010,1.29,1.29,0.00,2.99,2.91,0.08,2.74,2.67,0.07
7/30/2010,8/6/2010,8/6/2010,1.29,1.30,-0.02,2.93,2.82,0.11,2.67,2.52,0.15
8/6/2010,8/13/2010,8/13/2010,1.31,1.33,-0.02,2.82,2.69,0.13,2.51,2.39,0.12
8/13/2010,8/20/2010,8/20/2010,1.33,1.28,0.05,2.62,2.61,0.01,2.38,2.27,0.11
8/20/2010,8/27/2010,8/27/2010,1.28,1.27,0.01,2.63,2.65,-0.02,2.28,2.20,0.08
8/27/2010,9/3/2010,9/3/2010,1.27,1.28,-0.01,2.60,2.71,-0.11,2.20,2.35,-0.15
9/3/2010,9/10/2010,9/10/2010,1.28,1.29,-0.01,2.65,2.80,-0.15,2.36,2.40,-0.04
9/10/2010,9/17/2010,9/17/2010,1.29,1.27,0.02,2.83,2.75,0.08,2.43,2.43,0.00
9/17/2010,9/24/2010,9/24/2010,1.27,1.31,-0.03,2.73,2.61,0.12,2.45,2.34,0.11
9/24/2010,10/1/2010,10/1/2010,1.31,1.35,-0.04,2.55,2.53,0.03,2.34,2.29,0.06
10/1/2010,10/8/2010,10/8/2010,1.35,1.38,-0.03,2.49,2.38,0.11,2.28,2.25,0.03
10/8/2010,10/15/2010,10/15/2010,1.38,1.39,-0.02,2.36,2.58,-0.22,2.26,2.37,-0.11
10/15/2010,10/22/2010,10/22/2010,1.40,1.40,0.00,2.53,2.56,-0.03,2.38,2.47,-0.09
10/22/2010,10/29/2010,10/29/2010,1.40,1.40,0.00,2.53,2.61,-0.08,2.46,2.52,-0.06
10/29/2010,11/5/2010,11/5/2010,1.40,1.39,0.00,2.59,2.54,0.05,2.52,2.42,0.10
11/5/2010,11/12/2010,11/12/2010,1.40,1.40,-0.01,2.54,2.76,-0.22,2.42,2.51,-0.10
11/12/2010,11/19/2010,11/19/2010,1.41,1.37,0.04,2.89,2.88,0.02,2.56,2.70,-0.14
11/19/2010,11/26/2010,11/26/2010,1.37,1.37,0.00,2.84,2.86,-0.02,2.73,2.73,-0.01
11/26/2010,12/3/2010,12/3/2010,1.37,1.32,0.05,2.84,3.02,-0.18,2.74,2.86,-0.12
12/3/2010,12/10/2010,12/10/2010,1.33,1.34,-0.01,2.97,3.30,-0.33,2.85,2.95,-0.11
12/10/2010,12/17/2010,12/17/2010,1.34,1.32,0.02,3.37,3.33,0.04,2.99,3.03,-0.04
12/17/2010,12/24/2010,12/24/2010,1.32,1.32,0.00,3.29,3.39,-0.10,2.98,2.98,0.00
12/24/2010,12/31/2010,12/31/2010,1.32,1.31,0.01,3.42,3.31,0.12,2.99,2.96,0.03
12/31/2010,1/7/2011,1/7/2011,1.31,1.34,-0.03,3.38,3.33,0.05,2.97,2.87,0.10
1/7/2011,1/14/2011,1/14/2011,1.33,1.29,0.04,3.31,3.33,-0.02,2.87,3.03,-0.16
1/14/2011,1/21/2011,1/21/2011,1.29,1.34,-0.05,3.29,3.42,-0.13,3.05,3.18,-0.13
1/21/2011,1/28/2011,1/28/2011,1.34,1.36,-0.03,3.41,3.33,0.08,3.18,3.15,0.03
1/28/2011,2/4/2011,2/4/2011,1.36,1.36,0.00,3.36,3.65,-0.29,3.16,3.26,-0.10
2/4/2011,2/11/2011,2/11/2011,1.36,1.36,0.00,3.67,3.65,0.02,3.27,3.29,-0.02
2/11/2011,2/18/2011,2/18/2011,1.36,1.36,0.00,3.65,3.59,0.06,3.30,3.25,0.04
2/18/2011,2/25/2011,2/25/2011,1.35,1.37,-0.02,3.53,3.43,0.10,3.26,3.15,0.11
2/25/2011,3/4/2011,3/4/2011,1.37,1.37,-0.01,3.43,3.49,-0.07,3.14,3.27,-0.13
3/4/2011,3/11/2011,3/11/2011,1.37,1.40,-0.02,3.53,3.39,0.13,3.27,3.21,0.05
3/11/2011,3/18/2011,3/18/2011,1.40,1.39,0.01,3.39,3.28,0.11,3.21,3.19,0.02
3/18/2011,3/25/2011,3/25/2011,1.40,1.42,-0.02,3.31,3.44,-0.14,3.20,3.28,-0.08
3/25/2011,4/1/2011,4/1/2011,1.42,1.41,0.01,3.47,3.45,0.02,3.29,3.37,-0.08
4/1/2011,4/8/2011,4/8/2011,1.40,1.42,-0.02,3.44,3.60,-0.16,3.37,3.48,-0.11
4/8/2011,4/15/2011,4/15/2011,1.42,1.45,-0.03,3.60,3.41,0.19,3.49,3.38,0.11
4/15/2011,4/22/2011,4/22/2011,1.45,1.44,0.00,3.37,3.40,-0.03,3.38,3.26,0.12
4/22/2011,4/29/2011,4/29/2011,1.44,1.46,-0.01,3.39,3.30,0.09,3.26,3.24,0.02
4/29/2011,5/6/2011,5/6/2011,1.46,1.48,-0.02,3.31,3.16,0.15,3.25,3.17,0.08
5/6/2011,5/13/2011,5/13/2011,1.48,1.43,0.05,3.18,3.19,-0.01,3.17,3.08,0.10
5/13/2011,5/20/2011,5/20/2011,1.44,1.41,0.02,3.17,3.15,0.02,3.08,3.06,0.02
5/20/2011,5/27/2011,5/27/2011,1.41,1.42,-0.01,3.10,3.06,0.03,3.07,2.99,0.08
5/27/2011,6/3/2011,6/3/2011,1.41,1.43,-0.02,3.09,3.00,0.09,2.99,3.06,-0.07
6/3/2011,6/10/2011,6/10/2011,1.43,1.46,-0.03,3.00,2.97,0.03,3.05,2.96,0.09
6/10/2011,6/17/2011,6/17/2011,1.46,1.43,0.03,2.99,2.94,0.05,2.96,2.96,0.00
6/17/2011,6/24/2011,6/24/2011,1.43,1.43,0.00,2.90,2.87,0.03,2.95,2.83,0.11
6/24/2011,7/1/2011,7/1/2011,1.43,1.42,0.01,2.88,3.20,-0.32,2.83,3.03,-0.20
7/1/2011,7/8/2011,7/8/2011,1.42,1.45,-0.03,3.15,3.02,0.13,3.03,2.83,0.20
7/8/2011,7/15/2011,7/15/2011,1.45,1.43,0.03,2.95,2.91,0.04,2.83,2.70,0.13
7/15/2011,7/22/2011,7/22/2011,1.42,1.42,0.01,2.88,2.96,-0.09,2.69,2.83,-0.14
7/22/2011,7/29/2011,7/29/2011,1.41,1.44,-0.02,2.96,2.81,0.16,2.83,2.54,0.29
7/29/2011,8/5/2011,8/5/2011,1.44,1.44,0.00,2.79,2.56,0.23,2.55,2.35,0.20
8/5/2011,8/12/2011,8/12/2011,1.44,1.43,0.01,2.50,2.24,0.26,2.43,2.33,0.09
8/12/2011,8/19/2011,8/19/2011,1.44,1.43,0.01,2.27,2.07,0.20,2.32,2.11,0.21
8/19/2011,8/26/2011,8/26/2011,1.43,1.44,-0.01,2.12,2.19,-0.07,2.10,2.16,-0.05
8/26/2011,9/2/2011,9/2/2011,1.44,1.45,-0.01,2.23,2.00,0.23,2.15,2.01,0.14
9/2/2011,9/9/2011,9/9/2011,1.45,1.42,0.03,1.95,1.92,0.03,2.01,1.77,0.24
9/9/2011,9/16/2011,9/16/2011,1.42,1.37,0.05,1.90,2.08,-0.18,1.78,1.86,-0.08
9/16/2011,9/23/2011,9/23/2011,1.36,1.38,-0.02,1.99,1.81,0.18,1.87,1.75,0.12
9/23/2011,9/30/2011,9/30/2011,1.37,1.35,0.02,1.85,1.92,-0.07,1.76,1.89,-0.13
9/30/2011,10/7/2011,10/7/2011,1.35,1.34,0.01,1.88,2.07,-0.19,1.89,2.00,-0.12
10/7/2011,10/14/2011,10/14/2011,1.33,1.34,0.00,2.08,2.23,-0.16,1.98,2.20,-0.22
10/14/2011,10/21/2011,10/21/2011,1.34,1.39,-0.05,2.23,2.20,0.03,2.22,2.11,0.11
10/21/2011,10/28/2011,10/28/2011,1.39,1.39,0.00,2.18,2.31,-0.12,2.11,2.18,-0.07
10/28/2011,11/4/2011,11/4/2011,1.39,1.41,-0.03,2.24,2.05,0.19,2.20,1.82,0.38
11/4/2011,11/11/2011,11/11/2011,1.41,1.38,0.04,2.03,2.06,-0.03,1.82,1.89,-0.07
11/11/2011,11/18/2011,11/18/2011,1.38,1.38,0.01,2.10,2.01,0.08,1.89,1.97,-0.08
11/18/2011,11/25/2011,11/25/2011,1.38,1.35,0.03,1.96,1.97,-0.01,1.98,2.26,-0.29
11/25/2011,12/2/2011,12/2/2011,1.35,1.32,0.03,2.06,2.04,0.02,2.27,2.14,0.14
12/2/2011,12/9/2011,12/9/2011,1.33,1.34,-0.01,2.08,2.05,0.03,2.16,2.15,0.01
12/9/2011,12/16/2011,12/16/2011,1.34,1.34,0.00,2.03,1.85,0.17,2.16,1.85,0.31
12/16/2011,12/23/2011,12/23/2011,1.34,1.30,0.03,1.86,2.03,-0.17,1.86,1.96,-0.10
12/23/2011,12/30/2011,12/30/2011,1.30,1.30,0.00,2.03,1.87,0.16,1.93,1.83,0.10
12/30/2011,1/6/2012,1/6/2012,1.30,1.30,0.01,1.95,1.96,-0.01,1.83,1.85,-0.03
1/6/2012,1/13/2012,1/13/2012,1.29,1.27,0.02,1.98,1.85,0.12,1.85,1.77,0.08
1/13/2012,1/20/2012,1/20/2012,1.27,1.27,0.00,1.90,2.03,-0.13,1.76,1.93,-0.17
1/20/2012,1/27/2012,1/27/2012,1.26,1.29,-0.03,2.06,1.90,0.16,1.91,1.86,0.05
1/27/2012,2/3/2012,2/3/2012,1.29,1.32,-0.03,1.84,1.95,-0.11,1.82,1.93,-0.11
2/3/2012,2/10/2012,2/10/2012,1.32,1.32,0.01,1.92,1.97,-0.05,1.90,1.91,0.00
2/10/2012,2/17/2012,2/17/2012,1.31,1.32,-0.01,2.00,2.01,-0.01,1.93,1.93,0.00
2/17/2012,2/24/2012,2/24/2012,1.32,1.31,0.01,2.02,1.98,0.05,1.96,1.88,0.08
2/24/2012,3/2/2012,3/2/2012,1.32,1.35,-0.02,1.94,1.99,-0.05,1.88,1.80,0.08
3/2/2012,3/9/2012,3/9/2012,1.35,1.32,0.03,1.99,2.04,-0.04,1.82,1.79,0.03
3/9/2012,3/16/2012,3/16/2012,1.32,1.31,0.01,2.00,2.30,-0.29,1.79,2.05,-0.26
3/16/2012,3/23/2012,3/23/2012,1.31,1.32,-0.01,2.27,2.24,0.04,2.05,1.87,0.18
3/23/2012,3/30/2012,3/30/2012,1.32,1.33,-0.01,2.27,2.22,0.05,1.87,1.79,0.08
3/30/2012,4/6/2012,4/6/2012,1.33,1.33,-0.01,2.20,2.18,0.03,1.85,1.74,0.12
4/6/2012,4/13/2012,4/13/2012,1.34,1.31,0.03,2.03,2.00,0.03,1.68,1.74,-0.06
4/13/2012,4/20/2012,4/20/2012,1.31,1.31,0.00,1.97,1.97,0.00,1.72,1.71,0.01
4/20/2012,4/27/2012,4/27/2012,1.31,1.32,-0.01,1.92,1.93,-0.01,1.70,1.70,0.00
4/27/2012,5/4/2012,5/4/2012,1.32,1.33,-0.01,1.92,1.88,0.04,1.70,1.58,0.12
5/4/2012,5/11/2012,5/11/2012,1.32,1.31,0.02,1.87,1.84,0.03,1.56,1.52,0.04
5/11/2012,5/18/2012,5/18/2012,1.30,1.29,0.01,1.78,1.70,0.08,1.50,1.43,0.07
5/18/2012,5/25/2012,5/25/2012,1.29,1.28,0.01,1.74,1.75,-0.01,1.44,1.37,0.07
5/25/2012,6/1/2012,6/1/2012,1.28,1.25,0.03,1.73,1.47,0.26,1.41,1.17,0.24
6/1/2012,6/8/2012,6/8/2012,1.26,1.24,0.01,1.50,1.64,-0.14,1.18,1.33,-0.15
6/8/2012,6/15/2012,6/15/2012,1.24,1.25,-0.01,1.63,1.59,0.05,1.42,1.44,-0.01
6/15/2012,6/22/2012,6/22/2012,1.27,1.27,0.00,1.57,1.67,-0.10,1.54,1.58,-0.04
6/22/2012,6/29/2012,6/29/2012,1.27,1.26,0.02,1.63,1.66,-0.03,1.58,1.58,0.00
6/29/2012,7/6/2012,7/6/2012,1.26,1.27,-0.01,1.64,1.54,0.10,1.60,1.33,0.27
7/6/2012,7/13/2012,7/13/2012,1.27,1.23,0.04,1.52,1.50,0.02,1.34,1.26,0.08
7/13/2012,7/20/2012,7/20/2012,1.23,1.22,0.00,1.48,1.46,0.02,1.26,1.17,0.10
7/20/2012,7/27/2012,7/27/2012,1.23,1.22,0.01,1.40,1.56,-0.16,1.15,1.40,-0.25
7/27/2012,8/3/2012,8/3/2012,1.21,1.23,-0.02,1.54,1.58,-0.04,1.42,1.42,-0.01
8/3/2012,8/10/2012,8/10/2012,1.23,1.24,-0.01,1.56,1.65,-0.09,1.43,1.39,0.04
8/10/2012,8/17/2012,8/17/2012,1.24,1.23,0.01,1.66,1.82,-0.16,1.39,1.50,-0.11
8/17/2012,8/24/2012,8/24/2012,1.23,1.23,0.00,1.84,1.68,0.16,1.52,1.36,0.17
8/24/2012,8/31/2012,8/31/2012,1.23,1.25,-0.02,1.68,1.56,0.12,1.35,1.33,0.01
8/31/2012,9/7/2012,9/7/2012,1.25,1.26,-0.01,1.57,1.66,-0.10,1.33,1.52,-0.19
9/7/2012,9/14/2012,9/14/2012,1.26,1.28,-0.02,1.68,1.87,-0.19,1.52,1.71,-0.19
9/14/2012,9/21/2012,9/21/2012,1.28,1.31,-0.03,1.85,1.76,0.09,1.72,1.60,0.12
9/21/2012,9/28/2012,9/28/2012,1.31,1.30,0.01,1.73,1.64,0.09,1.56,1.44,0.12
9/28/2012,10/5/2012,10/5/2012,1.30,1.29,0.01,1.62,1.73,-0.11,1.44,1.52,-0.08
10/5/2012,10/12/2012,10/12/2012,1.28,1.30,-0.02,1.72,1.66,0.06,1.48,1.45,0.04
10/12/2012,10/19/2012,10/19/2012,1.30,1.30,0.01,1.68,1.77,-0.09,1.45,1.60,-0.14
10/19/2012,10/26/2012,10/26/2012,1.30,1.30,-0.01,1.80,1.75,0.05,1.60,1.54,0.06
10/26/2012,11/2/2012,11/2/2012,1.30,1.29,0.01,1.73,1.73,0.00,1.51,1.45,0.06
11/2/2012,11/9/2012,11/9/2012,1.29,1.28,0.01,1.69,1.61,0.08,1.44,1.35,0.09
11/9/2012,11/16/2012,11/16/2012,1.28,1.27,0.01,1.60,1.57,0.03,1.35,1.34,0.01
11/16/2012,11/23/2012,11/23/2012,1.27,1.27,0.00,1.61,1.69,-0.08,1.34,1.44,-0.10
11/23/2012,11/30/2012,11/30/2012,1.27,1.30,-0.02,1.66,1.61,0.06,1.43,1.39,0.05
11/30/2012,12/7/2012,12/7/2012,1.30,1.30,0.00,1.64,1.63,0.02,1.37,1.30,0.08
12/7/2012,12/14/2012,12/14/2012,1.30,1.29,0.01,1.61,1.71,-0.10,1.28,1.35,-0.07
12/14/2012,12/21/2012,12/21/2012,1.29,1.32,-0.03,1.71,1.75,-0.05,1.38,1.38,0.01
12/21/2012,12/28/2012,12/28/2012,1.32,1.32,0.00,1.77,1.71,0.06,1.38,1.31,0.07
12/28/2012,1/4/2013,1/4/2013,1.32,1.32,0.00,1.70,1.92,-0.22,1.38,1.54,-0.16
1/4/2013,1/11/2013,1/11/2013,1.32,1.31,0.01,1.90,1.88,0.03,1.53,1.58,-0.06
1/11/2013,1/18/2013,1/18/2013,1.31,1.33,-0.03,1.84,1.84,-0.01,1.57,1.56,0.02
1/18/2013,1/25/2013,1/25/2013,1.34,1.33,0.00,1.87,1.95,-0.08,1.57,1.64,-0.07
1/25/2013,2/1/2013,2/1/2013,1.33,1.35,-0.01,1.96,2.01,-0.05,1.67,1.67,0.00
2/1/2013,2/8/2013,2/8/2013,1.35,1.36,-0.02,2.00,1.95,0.05,1.72,1.61,0.10
2/8/2013,2/15/2013,2/15/2013,1.36,1.34,0.03,1.97,2.01,-0.04,1.59,1.65,-0.06
2/15/2013,2/22/2013,2/22/2013,1.34,1.34,0.00,2.01,1.97,0.04,1.64,1.57,0.07
2/22/2013,3/1/2013,3/1/2013,1.33,1.32,0.02,1.98,1.85,0.13,1.57,1.41,0.16
3/1/2013,3/8/2013,3/8/2013,1.32,1.30,0.02,1.84,2.06,-0.22,1.40,1.53,-0.13
3/8/2013,3/15/2013,3/15/2013,1.30,1.30,0.00,2.04,2.00,0.05,1.51,1.46,0.05
3/15/2013,3/22/2013,3/22/2013,1.30,1.31,-0.01,1.95,1.92,0.04,1.38,1.38,0.00
3/22/2013,3/29/2013,3/29/2013,1.29,1.30,-0.01,1.97,1.85,0.11,1.40,1.29,0.11
3/29/2013,4/5/2013,4/5/2013,1.30,1.28,0.02,1.88,1.69,0.19,1.28,1.22,0.06
4/5/2013,4/12/2013,4/12/2013,1.28,1.30,-0.02,1.72,1.72,0.00,1.22,1.26,-0.04
4/12/2013,4/19/2013,4/19/2013,1.30,1.31,-0.01,1.71,1.70,0.01,1.27,1.25,0.01
4/19/2013,4/26/2013,4/26/2013,1.31,1.31,0.01,1.72,1.66,0.05,1.26,1.21,0.05
4/26/2013,5/3/2013,5/3/2013,1.31,1.30,0.00,1.66,1.75,-0.09,1.22,1.24,-0.02
5/3/2013,5/10/2013,5/10/2013,1.31,1.31,-0.01,1.75,1.90,-0.15,1.24,1.38,-0.14
5/10/2013,5/17/2013,5/17/2013,1.31,1.30,0.01,1.92,1.95,-0.03,1.37,1.33,0.04
5/17/2013,5/24/2013,5/24/2013,1.30,1.28,0.02,1.94,2.01,-0.08,1.36,1.43,-0.07
5/24/2013,5/31/2013,5/31/2013,1.28,1.29,-0.01,2.04,2.16,-0.12,1.43,1.51,-0.08
5/31/2013,6/7/2013,6/7/2013,1.29,1.30,-0.01,2.17,2.16,0.01,1.51,1.55,-0.04
6/7/2013,6/14/2013,6/14/2013,1.30,1.32,-0.02,2.19,2.13,0.06,1.55,1.52,0.03
6/14/2013,6/21/2013,6/21/2013,1.32,1.33,-0.01,2.12,2.51,-0.40,1.54,1.73,-0.19
6/21/2013,6/28/2013,6/28/2013,1.33,1.31,0.02,2.65,2.48,0.17,1.78,1.73,0.04
6/28/2013,7/5/2013,7/5/2013,1.31,1.30,0.01,2.52,2.72,-0.19,1.74,1.72,0.02
7/5/2013,7/12/2013,7/12/2013,1.30,1.28,0.02,2.72,2.60,0.12,1.70,1.56,0.14
7/12/2013,7/19/2013,7/19/2013,1.28,1.31,-0.03,2.64,2.49,0.14,1.56,1.52,0.03
7/19/2013,7/26/2013,7/26/2013,1.31,1.31,-0.01,2.48,2.56,-0.09,1.52,1.67,-0.15
7/26/2013,8/2/2013,8/2/2013,1.31,1.33,-0.01,2.56,2.60,-0.04,1.65,1.65,0.00
8/2/2013,8/9/2013,8/9/2013,1.33,1.33,0.00,2.62,2.58,0.04,1.64,1.68,-0.04
8/9/2013,8/16/2013,8/16/2013,1.33,1.33,-0.01,2.59,2.83,-0.24,1.68,1.88,-0.20
8/16/2013,8/23/2013,8/23/2013,1.33,1.33,0.00,2.85,2.82,0.03,1.91,1.93,-0.03
8/23/2013,8/30/2013,8/30/2013,1.33,1.34,-0.01,2.82,2.75,0.07,1.93,1.86,0.07
8/30/2013,9/6/2013,9/6/2013,1.34,1.32,0.02,2.84,2.94,-0.10,1.90,1.95,-0.06
9/6/2013,9/13/2013,9/13/2013,1.32,1.32,0.00,2.90,2.90,0.00,1.96,1.98,-0.02
9/13/2013,9/20/2013,9/20/2013,1.32,1.33,-0.01,2.81,2.73,0.08,1.94,1.95,-0.01
9/20/2013,9/27/2013,9/27/2013,1.34,1.35,-0.02,2.74,2.62,0.12,1.95,1.78,0.17
9/27/2013,10/4/2013,10/4/2013,1.35,1.35,0.00,2.60,2.65,-0.05,1.76,1.84,-0.09
10/4/2013,10/11/2013,10/11/2013,1.35,1.36,-0.01,2.62,2.68,-0.06,1.82,1.87,-0.05
10/11/2013,10/18/2013,10/18/2013,1.36,1.36,0.00,2.72,2.59,0.13,1.85,1.83,0.02
10/18/2013,10/25/2013,10/25/2013,1.36,1.37,-0.01,2.59,2.51,0.09,1.84,1.76,0.09
10/25/2013,11/1/2013,11/1/2013,1.37,1.38,-0.01,2.52,2.62,-0.10,1.76,1.69,0.07
11/1/2013,11/8/2013,11/8/2013,1.38,1.35,0.03,2.61,2.74,-0.13,1.69,1.76,-0.07
11/8/2013,11/15/2013,11/15/2013,1.35,1.34,0.01,2.76,2.71,0.05,1.75,1.71,0.04
11/15/2013,11/22/2013,11/22/2013,1.34,1.35,-0.01,2.70,2.75,-0.05,1.70,1.75,-0.05
11/22/2013,11/29/2013,11/29/2013,1.35,1.35,-0.01,2.76,2.74,0.02,1.75,1.69,0.05
11/29/2013,12/6/2013,12/6/2013,1.36,1.36,0.00,2.78,2.88,-0.10,1.70,1.84,-0.14
12/6/2013,12/13/2013,12/13/2013,1.36,1.37,-0.01,2.85,2.87,-0.02,1.85,1.83,0.02
12/13/2013,12/20/2013,12/20/2013,1.37,1.37,0.00,2.85,2.89,-0.04,1.82,1.87,-0.05
12/20/2013,12/27/2013,12/27/2013,1.37,1.37,0.01,2.92,3.01,-0.09,1.88,1.95,-0.07
12/27/2013,1/3/2014,1/3/2014,1.37,1.37,-0.01,2.99,3.00,0.00,1.96,1.94,0.02
1/3/2014,1/10/2014,1/10/2014,1.38,1.36,0.02,2.98,2.87,0.11,1.93,1.85,0.08
1/10/2014,1/17/2014,1/17/2014,1.36,1.37,-0.01,2.86,2.83,0.03,1.85,1.76,0.09
1/17/2014,1/24/2014,1/24/2014,1.37,1.35,0.01,2.84,2.74,0.10,1.75,1.65,0.09
1/24/2014,1/31/2014,1/31/2014,1.35,1.37,-0.01,2.75,2.67,0.08,1.67,1.66,0.01
1/31/2014,2/7/2014,2/7/2014,1.37,1.35,0.02,2.67,2.68,-0.01,1.66,1.66,0.00
2/7/2014,2/14/2014,2/14/2014,1.35,1.36,-0.02,2.68,2.75,-0.07,1.66,1.68,-0.02
2/14/2014,2/21/2014,2/21/2014,1.36,1.37,-0.01,2.73,2.73,0.00,1.69,1.67,0.02
2/21/2014,2/28/2014,2/28/2014,1.37,1.37,0.00,2.74,2.66,0.08,1.66,1.63,0.04
2/28/2014,3/7/2014,3/7/2014,1.37,1.38,-0.01,2.61,2.79,-0.18,1.58,1.66,-0.07
3/7/2014,3/14/2014,3/14/2014,1.38,1.39,-0.01,2.80,2.65,0.16,1.63,1.55,0.08
3/14/2014,3/21/2014,3/21/2014,1.39,1.39,0.00,2.67,2.75,-0.08,1.54,1.63,-0.09
3/21/2014,3/28/2014,3/28/2014,1.39,1.38,0.01,2.77,2.71,0.06,1.64,1.55,0.09
3/28/2014,4/4/2014,4/4/2014,1.38,1.38,0.00,2.74,2.73,0.02,1.55,1.55,-0.01
4/4/2014,4/11/2014,4/11/2014,1.38,1.37,0.01,2.73,2.62,0.11,1.54,1.51,0.03
4/11/2014,4/18/2014,4/18/2014,1.37,1.39,-0.02,2.64,2.72,-0.08,1.50,1.52,-0.01
4/18/2014,4/25/2014,4/25/2014,1.39,1.38,0.00,2.72,2.67,0.06,1.53,1.48,0.04
4/25/2014,5/2/2014,5/2/2014,1.38,1.38,0.00,2.68,2.59,0.09,1.49,1.45,0.04
5/2/2014,5/9/2014,5/9/2014,1.38,1.39,0.00,2.58,2.62,-0.05,1.45,1.46,0.00
5/9/2014,5/16/2014,5/16/2014,1.39,1.38,0.01,2.65,2.52,0.13,1.47,1.33,0.14
5/16/2014,5/23/2014,5/23/2014,1.38,1.37,0.01,2.52,2.53,-0.01,1.32,1.41,-0.09
5/23/2014,5/30/2014,5/30/2014,1.37,1.36,0.01,2.54,2.46,0.08,1.42,1.36,0.06
5/30/2014,6/6/2014,6/6/2014,1.36,1.36,0.00,2.50,2.60,-0.10,1.36,1.35,0.01
6/6/2014,6/13/2014,6/13/2014,1.36,1.36,0.00,2.62,2.60,0.01,1.36,1.36,0.00
6/13/2014,6/20/2014,6/20/2014,1.36,1.35,0.01,2.58,2.62,-0.04,1.36,1.35,0.01
6/20/2014,6/27/2014,6/27/2014,1.35,1.36,-0.01,2.60,2.53,0.07,1.35,1.26,0.09
6/27/2014,7/4/2014,7/4/2014,1.36,1.36,-0.01,2.52,2.64,-0.12,1.26,1.27,0.00
7/4/2014,7/11/2014,7/11/2014,1.36,1.36,0.01,2.63,2.52,0.11,1.26,1.21,0.06
7/11/2014,7/18/2014,7/18/2014,1.36,1.36,0.00,2.53,2.48,0.05,1.21,1.16,0.06
7/18/2014,7/25/2014,7/25/2014,1.36,1.35,0.01,2.48,2.47,0.02,1.16,1.15,0.01
7/25/2014,8/1/2014,8/1/2014,1.35,1.34,0.01,2.48,2.50,-0.02,1.16,1.13,0.02
8/1/2014,8/8/2014,8/8/2014,1.34,1.34,0.00,2.50,2.42,0.08,1.14,1.05,0.09
8/8/2014,8/15/2014,8/15/2014,1.34,1.34,0.00,2.44,2.35,0.09,1.07,0.96,0.12
8/15/2014,8/22/2014,8/22/2014,1.34,1.34,0.00,2.37,2.40,-0.04,0.99,0.98,0.00
8/22/2014,8/29/2014,8/29/2014,1.34,1.32,0.01,2.39,2.34,0.05,0.96,0.89,0.07
8/29/2014,9/5/2014,9/5/2014,1.32,1.31,0.01,2.39,2.46,-0.07,0.89,0.93,-0.04
9/5/2014,9/12/2014,9/12/2014,1.31,1.30,0.02,2.44,2.61,-0.18,0.93,1.08,-0.15
9/12/2014,9/19/2014,9/19/2014,1.30,1.29,0.00,2.61,2.59,0.02,1.09,1.04,0.04
9/19/2014,9/26/2014,9/26/2014,1.30,1.28,0.01,2.56,2.53,0.03,1.02,0.97,0.05
9/26/2014,10/3/2014,10/3/2014,1.28,1.27,0.01,2.50,2.45,0.05,0.97,0.90,0.07
10/3/2014,10/10/2014,10/10/2014,1.27,1.25,0.02,2.43,2.31,0.13,0.91,0.89,0.03
10/10/2014,10/17/2014,10/17/2014,1.25,1.26,-0.01,2.19,2.20,0.00,0.88,0.86,0.02
10/17/2014,10/24/2014,10/24/2014,1.26,1.28,-0.01,2.19,2.28,-0.09,0.86,0.89,-0.04
10/24/2014,10/31/2014,10/31/2014,1.28,1.27,0.01,2.26,2.33,-0.07,0.90,0.84,0.06
10/31/2014,11/7/2014,11/7/2014,1.27,1.25,0.02,2.33,2.31,0.01,0.82,0.82,0.00
11/7/2014,11/14/2014,11/14/2014,1.25,1.25,0.01,2.29,2.32,-0.02,0.82,0.79,0.03
11/14/2014,11/21/2014,11/21/2014,1.25,1.25,-0.01,2.31,2.32,0.00,0.77,0.77,0.00
11/21/2014,11/28/2014,11/28/2014,1.25,1.24,0.01,2.33,2.19,0.14,0.77,0.70,0.07
11/28/2014,12/5/2014,12/5/2014,1.24,1.24,-0.01,2.16,2.31,-0.15,0.70,0.78,-0.09
12/5/2014,12/12/2014,12/12/2014,1.24,1.23,0.02,2.31,2.10,0.21,0.78,0.63,0.16
12/12/2014,12/19/2014,12/19/2014,1.23,1.25,-0.02,2.13,2.18,-0.04,0.63,0.60,0.04
12/19/2014,12/26/2014,12/26/2014,1.25,1.22,0.02,2.19,2.25,-0.06,0.59,0.59,0.00
12/26/2014,1/2/2015,1/2/2015,1.22,1.22,0.00,2.22,2.12,0.10,0.59,0.50,0.09
1/2/2015,1/9/2015,1/9/2015,1.22,1.20,0.02,2.10,1.97,0.13,0.51,0.49,0.01
1/9/2015,1/16/2015,1/16/2015,1.19,1.18,0.01,1.96,1.81,0.15,0.49,0.46,0.04
1/16/2015,1/23/2015,1/23/2015,1.19,1.16,0.03,1.83,1.82,0.01,0.46,0.37,0.10
1/23/2015,1/30/2015,1/30/2015,1.16,1.12,0.04,1.81,1.67,0.14,0.34,0.30,0.04
1/30/2015,2/6/2015,2/6/2015,1.11,1.13,-0.02,1.67,1.94,-0.27,0.32,0.38,-0.06
2/6/2015,2/13/2015,2/13/2015,1.13,1.13,0.00,1.92,2.05,-0.13,0.36,0.34,0.02
2/13/2015,2/20/2015,2/20/2015,1.13,1.14,-0.01,2.01,2.11,-0.11,0.35,0.37,-0.02
2/20/2015,2/27/2015,2/27/2015,1.14,1.14,0.00,2.10,1.99,0.11,0.39,0.33,0.06
2/27/2015,3/6/2015,3/6/2015,1.14,1.12,0.02,2.02,2.24,-0.23,0.34,0.39,-0.06
3/6/2015,3/13/2015,3/13/2015,1.12,1.08,0.03,2.23,2.12,0.11,0.38,0.26,0.12
3/13/2015,3/20/2015,3/20/2015,1.08,1.05,0.03,2.09,1.93,0.16,0.26,0.19,0.08
3/20/2015,3/27/2015,3/27/2015,1.05,1.08,-0.03,1.92,1.96,-0.04,0.17,0.21,-0.04
3/27/2015,4/3/2015,4/3/2015,1.08,1.09,0.00,1.95,1.91,0.04,0.20,0.20,0.00
4/3/2015,4/10/2015,4/10/2015,1.09,1.10,-0.01,1.83,1.95,-0.12,0.19,0.16,0.03
4/10/2015,4/17/2015,4/17/2015,1.10,1.06,0.04,1.94,1.87,0.07,0.15,0.08,0.07
4/17/2015,4/24/2015,4/24/2015,1.06,1.08,-0.02,1.86,1.91,-0.05,0.07,0.16,-0.09
4/24/2015,5/1/2015,5/1/2015,1.08,1.09,-0.01,1.90,2.11,-0.21,0.14,0.37,-0.23
5/1/2015,5/8/2015,5/8/2015,1.09,1.12,-0.03,2.12,2.15,-0.03,0.38,0.55,-0.17
5/8/2015,5/15/2015,5/15/2015,1.12,1.12,0.00,2.15,2.14,0.01,0.54,0.63,-0.09
5/15/2015,5/22/2015,5/22/2015,1.12,1.14,-0.02,2.15,2.21,-0.07,0.64,0.60,0.03
5/22/2015,5/29/2015,5/29/2015,1.14,1.10,0.04,2.20,2.12,0.08,0.60,0.49,0.11
5/29/2015,6/5/2015,6/5/2015,1.10,1.10,0.00,2.12,2.41,-0.28,0.49,0.84,-0.36
6/5/2015,6/12/2015,6/12/2015,1.10,1.11,-0.01,2.40,2.40,0.00,0.86,0.84,0.03
6/12/2015,6/19/2015,6/19/2015,1.11,1.13,-0.02,2.33,2.26,0.07,0.79,0.75,0.03
6/19/2015,6/26/2015,6/26/2015,1.12,1.13,-0.01,2.31,2.48,-0.17,0.81,0.92,-0.11
6/26/2015,7/3/2015,7/3/2015,1.14,1.12,0.02,2.33,2.38,-0.05,0.75,0.79,-0.04
7/3/2015,7/10/2015,7/10/2015,1.10,1.11,-0.01,2.30,2.40,-0.10,0.73,0.90,-0.17
7/10/2015,7/17/2015,7/17/2015,1.10,1.11,-0.01,2.38,2.35,0.04,0.89,0.79,0.10
7/17/2015,7/24/2015,7/24/2015,1.11,1.08,0.03,2.36,2.26,0.10,0.80,0.69,0.10
7/24/2015,7/31/2015,7/31/2015,1.08,1.10,-0.01,2.26,2.18,0.08,0.70,0.65,0.05
7/31/2015,8/7/2015,8/7/2015,1.10,1.10,0.00,2.20,2.17,0.03,0.66,0.66,-0.01
8/7/2015,8/14/2015,8/14/2015,1.10,1.10,0.00,2.19,2.20,-0.01,0.67,0.66,0.01
8/14/2015,8/21/2015,8/21/2015,1.10,1.11,-0.01,2.19,2.04,0.15,0.65,0.56,0.09
8/21/2015,8/28/2015,8/28/2015,1.11,1.14,-0.03,2.00,2.18,-0.18,0.54,0.74,-0.20
8/28/2015,9/4/2015,9/4/2015,1.14,1.12,0.02,2.17,2.13,0.04,0.74,0.67,0.07
9/4/2015,9/11/2015,9/11/2015,1.12,1.11,0.00,2.15,2.19,-0.04,0.66,0.66,0.01
9/11/2015,9/18/2015,9/18/2015,1.12,1.13,-0.02,2.18,2.13,0.05,0.66,0.66,0.00
9/18/2015,9/25/2015,9/25/2015,1.13,1.13,0.01,2.15,2.17,-0.02,0.66,0.65,0.01
9/25/2015,10/2/2015,10/2/2015,1.13,1.12,0.01,2.16,2.00,0.16,0.63,0.51,0.12
10/2/2015,10/9/2015,10/9/2015,1.12,1.12,0.00,1.99,2.09,-0.10,0.52,0.62,-0.10
10/9/2015,10/16/2015,10/16/2015,1.12,1.14,-0.01,2.06,2.04,0.02,0.61,0.55,0.06
10/16/2015,10/23/2015,10/23/2015,1.14,1.14,0.00,2.03,2.09,-0.06,0.55,0.51,0.04
10/23/2015,10/30/2015,10/30/2015,1.14,1.10,0.03,2.07,2.15,-0.07,0.51,0.52,-0.01
10/30/2015,11/6/2015,11/6/2015,1.10,1.10,0.00,2.14,2.33,-0.19,0.52,0.69,-0.18
11/6/2015,11/13/2015,11/13/2015,1.10,1.07,0.03,2.33,2.27,0.06,0.70,0.56,0.14
11/13/2015,11/20/2015,11/20/2015,1.07,1.08,0.00,2.25,2.26,-0.01,0.55,0.48,0.07
11/20/2015,11/27/2015,11/27/2015,1.07,1.06,0.01,2.27,2.22,0.05,0.49,0.46,0.03
11/27/2015,12/4/2015,12/4/2015,1.06,1.06,0.01,2.23,2.27,-0.04,0.46,0.68,-0.22
12/4/2015,12/11/2015,12/11/2015,1.06,1.09,-0.03,2.28,2.13,0.15,0.68,0.54,0.14
12/11/2015,12/18/2015,12/18/2015,1.09,1.10,-0.01,2.18,2.21,-0.03,0.56,0.55,0.01
12/18/2015,12/25/2015,12/25/2015,1.10,1.09,0.01,2.21,2.24,-0.03,0.57,0.63,-0.06
12/25/2015,1/1/2016,1/1/2016,1.09,1.10,-0.01,2.25,2.27,-0.02,0.61,0.63,-0.02
1/1/2016,1/8/2016,1/8/2016,1.10,1.09,0.01,2.24,2.12,0.12,0.57,0.51,0.06
1/8/2016,1/15/2016,1/15/2016,1.09,1.09,-0.01,2.13,2.04,0.09,0.53,0.47,0.05
1/15/2016,1/22/2016,1/22/2016,1.09,1.09,0.00,2.08,2.05,0.02,0.48,0.48,0.00
1/22/2016,1/29/2016,1/29/2016,1.09,1.08,0.01,2.05,1.92,0.13,0.48,0.33,0.16
1/29/2016,2/5/2016,2/5/2016,1.08,1.08,0.00,1.91,1.84,0.07,0.31,0.30,0.02
2/5/2016,2/12/2016,2/12/2016,1.08,1.12,-0.03,1.86,1.75,0.11,0.30,0.26,0.03
2/12/2016,2/19/2016,2/19/2016,1.11,1.13,-0.01,1.78,1.74,0.03,0.30,0.20,0.09
2/19/2016,2/26/2016,2/26/2016,1.12,1.11,0.01,1.76,1.77,-0.01,0.21,0.15,0.06
2/26/2016,3/4/2016,3/4/2016,1.11,1.09,0.02,1.75,1.88,-0.13,0.15,0.24,-0.09
3/4/2016,3/11/2016,3/11/2016,1.09,1.10,-0.01,1.88,1.99,-0.10,0.21,0.27,-0.06
3/11/2016,3/18/2016,3/18/2016,1.10,1.12,-0.02,1.97,1.88,0.09,0.27,0.21,0.06
3/18/2016,3/25/2016,3/25/2016,1.12,1.13,-0.01,1.88,1.90,-0.02,0.22,0.18,0.04
3/25/2016,4/1/2016,4/1/2016,1.13,1.12,0.01,1.91,1.78,0.12,0.18,0.15,0.03
4/1/2016,4/8/2016,4/8/2016,1.12,1.14,-0.02,1.75,1.72,0.04,0.12,0.10,0.02
4/8/2016,4/15/2016,4/15/2016,1.14,1.14,0.00,1.72,1.75,-0.03,0.10,0.13,-0.03
4/15/2016,4/22/2016,4/22/2016,1.14,1.13,0.01,1.73,1.89,-0.16,0.12,0.24,-0.12
4/22/2016,4/29/2016,4/29/2016,1.13,1.12,0.01,1.88,1.83,0.05,0.22,0.29,-0.07
4/29/2016,5/6/2016,5/6/2016,1.12,1.14,-0.02,1.82,1.78,0.04,0.27,0.15,0.12
5/6/2016,5/13/2016,5/13/2016,1.15,1.14,0.01,1.78,1.70,0.08,0.17,0.13,0.04
5/13/2016,5/20/2016,5/20/2016,1.14,1.13,0.01,1.71,1.85,-0.14,0.15,0.17,-0.02
5/20/2016,5/27/2016,5/27/2016,1.13,1.12,0.01,1.84,1.85,-0.01,0.16,0.15,0.02
5/27/2016,6/3/2016,6/3/2016,1.12,1.11,0.01,1.87,1.70,0.17,0.15,0.08,0.07
6/3/2016,6/10/2016,6/10/2016,1.11,1.14,-0.02,1.71,1.64,0.06,0.07,0.02,0.05
6/10/2016,6/17/2016,6/17/2016,1.14,1.13,0.01,1.62,1.61,0.01,0.01,0.03,-0.02
6/17/2016,6/24/2016,6/24/2016,1.12,1.13,0.00,1.65,1.57,0.08,0.04,-0.07,0.11
6/24/2016,7/1/2016,7/1/2016,1.13,1.11,0.02,1.51,1.46,0.05,-0.08,-0.12,0.04
7/1/2016,7/8/2016,7/8/2016,1.10,1.11,-0.01,1.42,1.36,0.05,-0.13,-0.18,0.05
7/8/2016,7/15/2016,7/15/2016,1.11,1.11,0.01,1.38,1.59,-0.20,-0.19,0.01,-0.19
7/15/2016,7/22/2016,7/22/2016,1.11,1.11,0.00,1.58,1.57,0.01,0.01,-0.02,0.03
7/22/2016,7/29/2016,7/29/2016,1.11,1.10,0.01,1.57,1.45,0.12,-0.02,-0.11,0.09
7/29/2016,8/5/2016,8/5/2016,1.10,1.12,-0.02,1.48,1.59,-0.11,-0.11,-0.06,-0.05
8/5/2016,8/12/2016,8/12/2016,1.12,1.11,0.01,1.59,1.51,0.08,-0.06,-0.11,0.05
8/12/2016,8/19/2016,8/19/2016,1.11,1.12,-0.01,1.51,1.58,-0.07,-0.10,-0.04,-0.05
8/19/2016,8/26/2016,8/26/2016,1.12,1.13,-0.02,1.60,1.62,-0.03,-0.04,-0.09,0.05
8/26/2016,9/2/2016,9/2/2016,1.13,1.12,0.01,1.62,1.60,0.02,-0.04,-0.03,-0.01
9/2/2016,9/9/2016,9/9/2016,1.12,1.12,0.00,1.61,1.67,-0.06,-0.05,0.00,-0.05
9/9/2016,9/16/2016,9/16/2016,1.12,1.12,-0.01,1.66,1.69,-0.02,0.02,0.01,0.02
9/16/2016,9/23/2016,9/23/2016,1.12,1.12,0.01,1.69,1.62,0.07,0.01,-0.08,0.08
9/23/2016,9/30/2016,9/30/2016,1.12,1.12,-0.01,1.62,1.60,0.02,-0.08,-0.13,0.05
9/30/2016,10/7/2016,10/7/2016,1.12,1.12,0.00,1.61,1.73,-0.12,-0.09,0.02,-0.11
10/7/2016,10/14/2016,10/14/2016,1.12,1.12,0.00,1.76,1.80,-0.03,0.01,0.06,-0.05
10/14/2016,10/21/2016,10/21/2016,1.12,1.10,0.02,1.79,1.74,0.05,0.06,0.00,0.06
10/21/2016,10/28/2016,10/28/2016,1.10,1.09,0.01,1.73,1.85,-0.12,0.00,0.17,-0.17
10/28/2016,11/4/2016,11/4/2016,1.09,1.10,-0.01,1.85,1.78,0.07,0.17,0.14,0.04
11/4/2016,11/11/2016,11/11/2016,1.10,1.11,-0.02,1.82,2.15,-0.33,0.17,0.31,-0.14
11/11/2016,11/18/2016,11/18/2016,1.11,1.08,0.02,2.24,2.35,-0.12,0.35,0.27,0.08
11/18/2016,11/25/2016,11/25/2016,1.08,1.06,0.02,2.32,2.36,-0.03,0.29,0.24,0.05
11/25/2016,12/2/2016,12/2/2016,1.06,1.06,0.00,2.33,2.38,-0.06,0.23,0.28,-0.05
12/2/2016,12/9/2016,12/9/2016,1.06,1.07,-0.01,2.38,2.47,-0.09,0.30,0.37,-0.06
12/9/2016,12/16/2016,12/16/2016,1.05,1.06,0.00,2.51,2.59,-0.08,0.41,0.32,0.10
12/16/2016,12/23/2016,12/23/2016,1.05,1.04,0.01,2.58,2.54,0.04,0.32,0.22,0.10
12/23/2016,12/30/2016,12/30/2016,1.04,1.04,0.00,2.56,2.45,0.11,0.22,0.21,0.01
12/30/2016,1/6/2017,1/6/2017,1.05,1.05,-0.01,2.48,2.42,0.06,0.19,0.30,-0.11
1/6/2017,1/13/2017,1/13/2017,1.05,1.05,0.00,2.43,2.40,0.03,0.31,0.34,-0.03
1/13/2017,1/20/2017,1/20/2017,1.05,1.06,-0.01,2.35,2.47,-0.11,0.31,0.42,-0.11
1/20/2017,1/27/2017,1/27/2017,1.06,1.07,-0.01,2.43,2.49,-0.05,0.40,0.46,-0.07
1/27/2017,2/3/2017,2/3/2017,1.07,1.07,0.00,2.48,2.47,0.01,0.48,0.41,0.07
2/3/2017,2/10/2017,2/10/2017,1.07,1.08,-0.01,2.46,2.41,0.05,0.42,0.32,0.09
2/10/2017,2/17/2017,2/17/2017,1.08,1.06,0.01,2.42,2.42,0.01,0.33,0.30,0.02
2/17/2017,2/24/2017,2/24/2017,1.06,1.06,0.00,2.44,2.32,0.13,0.32,0.19,0.14
2/24/2017,3/3/2017,3/3/2017,1.06,1.06,0.01,2.34,2.48,-0.14,0.20,0.35,-0.15
3/3/2017,3/10/2017,3/10/2017,1.06,1.06,-0.01,2.48,2.58,-0.10,0.33,0.48,-0.15
3/10/2017,3/17/2017,3/17/2017,1.06,1.07,-0.01,2.58,2.50,0.08,0.47,0.43,0.03
3/17/2017,3/24/2017,3/24/2017,1.07,1.07,-0.01,2.50,2.42,0.08,0.44,0.41,0.03
3/24/2017,3/31/2017,3/31/2017,1.07,1.08,-0.01,2.37,2.40,-0.03,0.39,0.33,0.05
3/31/2017,4/7/2017,4/7/2017,1.08,1.07,0.02,2.40,2.38,0.02,0.32,0.23,0.09
4/7/2017,4/14/2017,4/14/2017,1.07,1.06,0.01,2.38,2.23,0.15,0.24,0.19,0.05
4/14/2017,4/21/2017,4/21/2017,1.06,1.06,0.00,2.20,2.24,-0.03,0.17,0.25,-0.08
4/21/2017,4/28/2017,4/28/2017,1.06,1.07,-0.01,2.31,2.28,0.03,0.36,0.32,0.04
4/28/2017,5/5/2017,5/5/2017,1.09,1.09,0.00,2.29,2.35,-0.06,0.33,0.42,-0.09
5/5/2017,5/12/2017,5/12/2017,1.09,1.10,-0.01,2.35,2.33,0.02,0.42,0.39,0.02
5/12/2017,5/19/2017,5/19/2017,1.10,1.09,0.01,2.33,2.24,0.10,0.40,0.37,0.03
5/19/2017,,,1.09,1.12,-0.03,,,,,,
