EURUSD_date,CNbond_date,JPbond_date,DEbond_date,USbond_date,EUR_delta,USbond_delta,DEbond_delta,JPbond_delta,CNbond_delta
4/14/2006,4/7/2006,4/7/2006,4/7/2006,4/7/2006,-0.0005,-0.08,-0.131,-0.104,-0.049
4/21/2006,4/14/2006,4/14/2006,4/14/2006,4/14/2006,-0.022,-0.07,-0.07,-0.078,0.001
4/28/2006,4/21/2006,4/21/2006,4/21/2006,4/21/2006,-0.0261,0.02,0,0.072,-0.08
5/12/2006,4/28/2006,4/28/2006,4/28/2006,4/28/2006,-0.0184,-0.06,-0.004,-0.025,-0.057
5/19/2006,5/12/2006,5/12/2006,5/12/2006,5/12/2006,0.0171,-0.08,-0.078,-0.054,-0.011
5/26/2006,5/19/2006,5/19/2006,5/19/2006,5/19/2006,0.0024,0.12,0.102,0.08,-0.012
6/2/2006,5/26/2006,5/26/2006,5/26/2006,5/26/2006,-0.0182,-0.04,0.097,0.054,0.012
6/9/2006,6/2/2006,6/2/2006,6/2/2006,6/2/2006,0.0288,0.06,-0.041,-0.055,0.005
6/16/2006,6/9/2006,6/9/2006,6/9/2006,6/9/2006,-0.0027,0.01,0.002,0.069,-0.004
6/23/2006,6/16/2006,6/16/2006,6/16/2006,6/16/2006,0.0142,-0.13,-0.003,0.031,-0.035
6/30/2006,6/23/2006,6/23/2006,6/23/2006,6/23/2006,-0.0284,-0.08,-0.146,-0.065,0.006
7/7/2006,6/30/2006,6/30/2006,6/30/2006,6/30/2006,-0.0021,0.09,0.012,-0.055,-0.016
7/14/2006,7/7/2006,7/7/2006,7/7/2006,7/7/2006,0.0163,0.02,0.009,-0.013,-0.016
7/21/2006,7/14/2006,7/14/2006,7/14/2006,7/14/2006,-0.0059,0.09,0.079,0.122,-0.018
7/28/2006,7/21/2006,7/21/2006,7/21/2006,7/21/2006,-0.0053,0.02,0.028,0.028,0.015
8/4/2006,7/28/2006,7/28/2006,7/28/2006,7/28/2006,-0.0107,0.069,0.029,-0.111,-0.065
8/11/2006,8/4/2006,8/4/2006,8/4/2006,8/4/2006,0.0162,0.101,0.016,0.055,0.005
8/18/2006,8/11/2006,8/11/2006,8/11/2006,8/11/2006,-0.0111,-0.056,-0.073,0.018,0.024
8/25/2006,8/18/2006,8/18/2006,8/18/2006,8/18/2006,0.0074,0.158,0.076,-0.014,0.018
9/1/2006,8/25/2006,8/25/2006,8/25/2006,8/25/2006,-0.008,0.04,0.11,0.149,0.022
9/8/2006,9/1/2006,9/1/2006,9/1/2006,9/1/2006,0.0157,0.075,0.045,0.038,0.006
9/15/2006,9/8/2006,9/8/2006,9/8/2006,9/8/2006,0.0005,-0.018,-0.05,-0.079,0.008
9/22/2006,9/15/2006,9/15/2006,9/15/2006,9/15/2006,-0.015,-0.023,0.011,0.065,0.008
9/29/2006,9/22/2006,9/22/2006,9/22/2006,9/22/2006,0.0114,0.205,0.078,0.035,0.027
10/13/2006,9/29/2006,9/29/2006,9/29/2006,9/29/2006,0.0077,-0.05,-0.018,-0.045,0.077
10/20/2006,10/13/2006,10/13/2006,10/13/2006,10/13/2006,-0.0113,-0.084,-0.086,-0.065,0.036
10/27/2006,10/20/2006,10/20/2006,10/20/2006,10/20/2006,-0.0122,0.01,-0.009,-0.035,0.042
11/3/2006,10/27/2006,10/27/2006,10/27/2006,10/27/2006,0.0012,0.141,0.029,0.064,0.066
11/10/2006,11/3/2006,11/3/2006,11/3/2006,11/3/2006,-0.0124,-0.055,0.033,0.024,-0.009
11/17/2006,11/10/2006,11/10/2006,11/10/2006,11/10/2006,0.0025,0.141,0.06,0.064,0.006
11/24/2006,11/17/2006,11/17/2006,11/17/2006,11/17/2006,-0.0271,-0.021,-0.017,-0.028,-0.001
12/1/2006,11/24/2006,11/24/2006,11/24/2006,11/24/2006,-0.0183,0.043,0.023,0.056,-0.065
12/8/2006,12/1/2006,12/1/2006,12/1/2006,12/1/2006,0.0159,0.143,0.044,0.063,0.021
12/15/2006,12/8/2006,12/8/2006,12/8/2006,12/8/2006,0.0101,-0.106,-0.065,-0.1,-0.019
12/22/2006,12/15/2006,12/15/2006,12/15/2006,12/15/2006,-0.005,-0.047,-0.053,0.03,0.011
12/29/2006,12/22/2006,12/22/2006,12/22/2006,12/22/2006,-0.0056,-0.027,-0.084,0.071,0.003
1/5/2007,12/29/2006,12/29/2006,12/29/2006,12/29/2006,0.0204,-0.092,-0.063,-0.085,-0.013
1/12/2007,1/5/2007,1/5/2007,1/5/2007,1/5/2007,0.0085,0.012,-0.055,-0.019,-0.002
1/19/2007,1/12/2007,1/12/2007,1/12/2007,1/12/2007,-0.0034,-0.103,-0.084,-0.025,0.03
1/26/2007,1/19/2007,1/19/2007,1/19/2007,1/19/2007,0.0037,-0.016,0.02,0.08,-0.001
2/2/2007,1/26/2007,1/26/2007,1/26/2007,1/26/2007,-0.0039,-0.104,-0.038,-0.026,0
2/9/2007,2/2/2007,2/2/2007,2/2/2007,2/2/2007,-0.0051,0.042,0.025,-0.036,-0.009
2/16/2007,2/9/2007,2/9/2007,2/9/2007,2/9/2007,-0.0125,0.028,-0.03,0.03,0.004
3/2/2007,2/16/2007,2/16/2007,2/16/2007,2/16/2007,-0.0014,0.094,0.037,-0.01,-0.03
3/9/2007,3/2/2007,3/2/2007,3/2/2007,3/2/2007,0.0092,0.135,0.109,0.006,-0.02
3/16/2007,3/9/2007,3/9/2007,3/9/2007,3/9/2007,-0.02,-0.1,-0.018,0.05,-0.05
3/23/2007,3/16/2007,3/16/2007,3/16/2007,3/16/2007,0.0034,0.036,0.048,0.04,0
3/30/2007,3/23/2007,3/23/2007,3/23/2007,3/23/2007,-0.0065,-0.052,-0.094,-0.032,-0.1
4/6/2007,3/30/2007,3/30/2007,3/30/2007,3/30/2007,-0.0007,-0.022,-0.057,-0.044,-0.02
4/13/2007,4/6/2007,4/6/2007,4/6/2007,4/6/2007,-0.0155,-0.036,-0.029,-0.015,0
4/20/2007,4/13/2007,4/13/2007,4/13/2007,4/13/2007,-0.0025,-0.023,-0.135,0.005,-0.02
4/27/2007,4/20/2007,4/20/2007,4/20/2007,4/20/2007,-0.0044,0.099,0.038,-0.026,-0.1
5/4/2007,4/27/2007,4/27/2007,4/27/2007,4/27/2007,0.0043,-0.032,-0.018,0.064,-0.06
5/11/2007,5/4/2007,5/4/2007,5/4/2007,5/4/2007,0.0072,0.04,0.022,-0.007,0
5/18/2007,5/11/2007,5/11/2007,5/11/2007,5/11/2007,0.0021,-0.018,-0.02,-0.018,-0.02
5/25/2007,5/18/2007,5/18/2007,5/18/2007,5/18/2007,0.0073,-0.134,-0.082,0.003,-0.09
6/1/2007,5/25/2007,5/25/2007,5/25/2007,5/25/2007,-0.0002,-0.049,-0.063,-0.085,-0.18
6/8/2007,6/1/2007,6/1/2007,6/1/2007,6/1/2007,0.0069,-0.095,-0.061,-0.054,0.05
6/15/2007,6/8/2007,6/8/2007,6/8/2007,6/8/2007,-0.0027,-0.17,-0.106,-0.116,-0.05
6/22/2007,6/15/2007,6/15/2007,6/15/2007,6/15/2007,-0.0084,-0.045,-0.082,-0.043,-0.17
6/29/2007,6/22/2007,6/22/2007,6/22/2007,6/22/2007,-0.0065,0,-0.004,0.04,-0.06
7/6/2007,6/29/2007,6/29/2007,6/29/2007,6/29/2007,-0.008,0.08,0.08,0.026,0
7/13/2007,7/6/2007,7/6/2007,7/6/2007,7/6/2007,-0.0154,-0.164,-0.129,-0.06,-0.03
7/20/2007,7/13/2007,7/13/2007,7/13/2007,7/13/2007,-0.0049,0.061,0.069,0,0
7/27/2007,7/20/2007,7/20/2007,7/20/2007,7/20/2007,0.02,0.135,0.176,0.049,0.02
8/3/2007,7/27/2007,7/27/2007,7/27/2007,7/27/2007,-0.017,0.162,0.111,0.101,0.05
8/10/2007,8/3/2007,8/3/2007,8/3/2007,8/3/2007,0.0141,0.063,0.007,0.011,0.09
8/17/2007,8/10/2007,8/10/2007,8/10/2007,8/10/2007,0.0209,-0.094,-0.057,0.065,0.03
8/24/2007,8/17/2007,8/17/2007,8/17/2007,8/17/2007,-0.0198,0.149,0.066,0.13,-0.03
8/31/2007,8/24/2007,8/24/2007,8/24/2007,8/24/2007,0.0042,0.052,0.031,-0.015,0.12
9/7/2007,8/31/2007,8/31/2007,8/31/2007,8/31/2007,-0.0143,0.1,0.017,-0.015,-0.01
9/14/2007,9/7/2007,9/7/2007,9/7/2007,9/7/2007,-0.0095,0.146,0.132,0.02,-0.07
9/21/2007,9/14/2007,9/14/2007,9/14/2007,9/14/2007,-0.0218,-0.086,-0.051,0.044,0.06
9/28/2007,9/21/2007,9/21/2007,9/21/2007,9/21/2007,-0.0173,-0.158,-0.179,-0.135,-0.1
10/12/2007,9/28/2007,9/28/2007,9/28/2007,9/28/2007,-0.0026,0.079,0.027,0,0.05
10/19/2007,10/12/2007,10/12/2007,10/12/2007,10/12/2007,-0.0128,-0.061,-0.07,-0.005,0.01
10/26/2007,10/19/2007,10/19/2007,10/19/2007,10/19/2007,-0.0062,0.29,0.217,0.1,-0.02
11/2/2007,10/26/2007,10/26/2007,10/26/2007,10/26/2007,-0.0089,-0.013,0.024,-0.04,-0.06
11/9/2007,11/2/2007,11/2/2007,11/2/2007,11/2/2007,-0.0161,0.125,0.005,0.034,-0.04
11/16/2007,11/9/2007,11/9/2007,11/9/2007,11/9/2007,-0.0015,0.08,0.097,0.055,-0.02
11/23/2007,11/16/2007,11/16/2007,11/16/2007,11/16/2007,-0.017,0.079,-0.025,0.06,-0.01
11/30/2007,11/23/2007,11/23/2007,11/23/2007,11/23/2007,0.0194,0.132,0.086,0.05,0.02
12/7/2007,11/30/2007,11/30/2007,11/30/2007,11/30/2007,-0.0007,0.069,-0.064,-0.053,0.03
12/14/2007,12/7/2007,12/7/2007,12/7/2007,12/7/2007,0.0226,-0.176,-0.085,-0.095,-0.01
12/21/2007,12/14/2007,12/14/2007,12/14/2007,12/14/2007,0.0029,-0.116,-0.126,0.02,0.01
12/28/2007,12/21/2007,12/21/2007,12/21/2007,12/21/2007,-0.0352,0.039,-0.005,-0.005,0.03
1/4/2008,12/28/2007,12/28/2007,12/28/2007,12/28/2007,-0.0021,0.08,0.002,0.07,0.04
1/11/2008,1/4/2008,1/4/2008,1/4/2008,1/4/2008,-0.0026,0.186,0.164,0,0.01
1/18/2008,1/11/2008,1/11/2008,1/11/2008,1/11/2008,0.0187,0.083,0.047,0.045,0.01
1/25/2008,1/18/2008,1/18/2008,1/18/2008,1/18/2008,-0.0086,0.162,0.114,0.039,0
2/1/2008,1/25/2008,1/25/2008,1/25/2008,1/25/2008,-0.0112,-0.067,-0.003,-0.085,0.09
2/8/2008,2/1/2008,2/1/2008,2/1/2008,2/1/2008,0.0291,-0.04,0.005,0.051,0.11
2/15/2008,2/8/2008,2/8/2008,2/8/2008,2/8/2008,-0.0157,-0.026,0.07,0.01,-0.02
2/22/2008,2/15/2008,2/15/2008,2/15/2008,2/15/2008,-0.0155,-0.115,-0.078,-0.036,0
2/29/2008,2/22/2008,2/22/2008,2/22/2008,2/22/2008,-0.0343,0.063,-0.041,0,-0.03
3/7/2008,2/29/2008,2/29/2008,2/29/2008,2/29/2008,-0.0153,0.298,0.104,0.095,0.02
3/14/2008,3/7/2008,3/7/2008,3/7/2008,3/7/2008,-0.0274,0.021,0.072,-0.019,0
3/21/2008,3/14/2008,3/14/2008,3/14/2008,3/14/2008,0.0267,0.096,0.043,0.086,0
3/28/2008,3/21/2008,3/21/2008,3/21/2008,3/21/2008,-0.0397,0.045,-0.033,-0.006,0
4/4/2008,3/28/2008,3/28/2008,3/28/2008,3/28/2008,0.0068,-0.071,-0.184,0.001,0.06
4/11/2008,4/4/2008,4/4/2008,4/4/2008,4/4/2008,-0.0082,-0.047,-0.016,-0.055,0.04
4/18/2008,4/11/2008,4/11/2008,4/11/2008,4/11/2008,-0.0116,0.061,0.047,-0.039,0
4/25/2008,4/18/2008,4/18/2008,4/18/2008,4/18/2008,0.0187,-0.313,-0.217,-0.025,0.01
5/2/2008,4/25/2008,4/25/2008,4/25/2008,4/25/2008,0.0188,-0.131,-0.066,-0.195,-0.01
5/9/2008,5/2/2008,5/2/2008,5/2/2008,5/2/2008,-0.0052,0.041,-0.016,-0.004,-0.01
5/16/2008,5/9/2008,5/9/2008,5/9/2008,5/9/2008,-0.0119,0.086,0.198,0.085,-0.02
5/23/2008,5/16/2008,5/16/2008,5/16/2008,5/16/2008,-0.0168,-0.06,-0.176,-0.139,-0.03
5/30/2008,5/23/2008,5/23/2008,5/23/2008,5/23/2008,0.0216,0.019,-0.078,-0.035,-0.01
6/6/2008,5/30/2008,5/30/2008,5/30/2008,5/30/2008,-0.0217,-0.169,-0.146,-0.015,-0.02
6/13/2008,6/6/2008,6/6/2008,6/6/2008,6/6/2008,0.0409,0.087,-0.018,-0.036,0
6/20/2008,6/13/2008,6/13/2008,6/13/2008,6/13/2008,-0.0207,-0.329,-0.222,-0.081,-0.11
6/27/2008,6/20/2008,6/20/2008,6/20/2008,6/20/2008,-0.0164,0.088,0.031,0.095,-0.09
7/4/2008,6/27/2008,6/27/2008,6/27/2008,6/27/2008,0.0072,0.174,0.117,0.13,-0.12
7/11/2008,7/4/2008,7/4/2008,7/4/2008,7/4/2008,-0.0242,0.019,0.022,-0.015,-0.05
7/18/2008,7/11/2008,7/11/2008,7/11/2008,7/11/2008,0.0116,0.035,0.076,0.051,0.03
7/25/2008,7/18/2008,7/18/2008,7/18/2008,7/18/2008,0.0132,-0.088,-0.079,0.03,0.02
8/1/2008,7/25/2008,7/25/2008,7/25/2008,7/25/2008,0.0132,-0.026,-0.023,-0.009,0.05
8/8/2008,8/1/2008,8/1/2008,8/1/2008,8/1/2008,0.0566,0.143,0.262,0.064,0.03
8/15/2008,8/8/2008,8/8/2008,8/8/2008,8/8/2008,0.0252,0,0.085,0.041,-0.05
8/22/2008,8/15/2008,8/15/2008,8/15/2008,8/15/2008,-0.0111,0.087,0.092,0.014,0.06
8/29/2008,8/22/2008,8/22/2008,8/22/2008,8/22/2008,0.0115,-0.019,-0.055,0.015,0.04
9/5/2008,8/29/2008,8/29/2008,8/29/2008,8/29/2008,0.0432,0.025,0.032,0.035,0.08
9/12/2008,9/5/2008,9/5/2008,9/5/2008,9/5/2008,0.0149,0.187,0.168,-0.052,0.04
9/19/2008,9/12/2008,9/12/2008,9/12/2008,9/12/2008,-0.0169,0.06,-0.194,-0.068,0.13
9/26/2008,9/19/2008,9/19/2008,9/19/2008,9/19/2008,-0.0124,-0.24,-0.026,0.047,0.07
10/10/2008,9/26/2008,9/26/2008,9/26/2008,9/26/2008,0.0221,0.023,0.034,0.018,0
10/17/2008,10/10/2008,10/10/2008,10/10/2008,10/10/2008,0.0162,-0.327,-0.068,-0.074,0.49
10/24/2008,10/17/2008,10/17/2008,10/17/2008,10/17/2008,0.078,0.092,-0.051,-0.059,0.04
10/31/2008,10/24/2008,10/24/2008,10/24/2008,10/24/2008,-0.0152,0.258,0.261,0.092,0.08
11/7/2008,10/31/2008,10/31/2008,10/31/2008,10/31/2008,0.0049,-0.318,-0.144,0.021,0.13
11/14/2008,11/7/2008,11/7/2008,11/7/2008,11/7/2008,0.021,0.157,0.232,-0.044,0.07
11/21/2008,11/14/2008,11/14/2008,11/14/2008,11/14/2008,-0.0048,0.077,0.015,0.023,0.11
11/28/2008,11/21/2008,11/21/2008,11/21/2008,11/21/2008,-0.0084,0.547,0.267,0.096,-0.07
12/5/2008,11/28/2008,11/28/2008,11/28/2008,11/28/2008,-0.0031,0.276,0.137,0.002,0.04
12/12/2008,12/5/2008,12/5/2008,12/5/2008,12/5/2008,-0.0648,0.226,0.243,0.024,0.12
12/19/2008,12/12/2008,12/12/2008,12/12/2008,12/12/2008,-0.0516,0.164,-0.211,-0.02,-0.06
12/26/2008,12/19/2008,12/19/2008,12/19/2008,12/19/2008,-0.0101,0.451,0.289,0.159,0.17
1/2/2009,12/26/2008,12/26/2008,12/26/2008,12/26/2008,0.0154,-0.006,0.065,0.026,-0.02
1/9/2009,1/2/2009,1/2/2009,1/2/2009,1/2/2009,0.0415,-0.281,-0.011,0.036,0
1/16/2009,1/9/2009,1/9/2009,1/9/2009,1/9/2009,0.0196,0.078,-0.025,-0.122,0.05
1/23/2009,1/16/2009,1/16/2009,1/16/2009,1/16/2009,0.039,0.119,0.09,0.07,-0.21
2/6/2009,1/23/2009,1/23/2009,1/23/2009,1/23/2009,-0.0193,-0.237,-0.291,-0.014,-0.12
2/13/2009,2/6/2009,2/6/2009,2/6/2009,2/6/2009,0.0109,-0.146,-0.078,-0.044,-0.11
2/20/2009,2/13/2009,2/13/2009,2/13/2009,2/13/2009,-0.0035,0.111,0.26,0.076,0.06
2/27/2009,2/20/2009,2/20/2009,2/20/2009,2/20/2009,0.0149,-0.009,0.094,-0.019,0.02
3/6/2009,2/27/2009,2/27/2009,2/27/2009,2/27/2009,-0.0033,-0.186,-0.102,0.004,0.04
3/13/2009,3/6/2009,3/6/2009,3/6/2009,3/6/2009,-0.0259,0.135,0.179,-0.02,-0.12
3/20/2009,3/13/2009,3/13/2009,3/13/2009,3/13/2009,-0.0734,-0.019,-0.143,-0.024,0.07
3/27/2009,3/20/2009,3/20/2009,3/20/2009,3/20/2009,0.0372,0.346,0.1,0.054,-0.01
4/3/2009,3/27/2009,3/27/2009,3/27/2009,3/27/2009,-0.0253,-0.114,-0.112,-0.066,-0.02
4/10/2009,4/3/2009,4/3/2009,4/3/2009,4/3/2009,0.0327,-0.206,-0.109,-0.091,-0.04
4/17/2009,4/10/2009,4/10/2009,4/10/2009,4/10/2009,0.0145,-0.039,0.012,-0.035,0
4/24/2009,4/17/2009,4/17/2009,4/17/2009,4/17/2009,-0.0193,0.002,-0.062,0.006,0.02
5/1/2009,4/24/2009,4/24/2009,4/24/2009,4/24/2009,-0.0029,-0.116,0.076,0.02,0
5/8/2009,5/1/2009,5/1/2009,5/1/2009,5/1/2009,-0.0355,-0.225,0.02,0.028,0.01
5/15/2009,5/8/2009,5/8/2009,5/8/2009,5/8/2009,0.0158,-0.132,-0.263,-0.049,0.06
5/22/2009,5/15/2009,5/15/2009,5/15/2009,5/15/2009,-0.0515,0.105,0.081,0.023,0.02
5/29/2009,5/22/2009,5/22/2009,5/22/2009,5/22/2009,-0.0133,-0.349,-0.18,-0.006,-0.01
6/5/2009,5/29/2009,5/29/2009,5/29/2009,5/29/2009,0.0162,-0.048,-0.051,-0.052,-0.01
6/12/2009,6/5/2009,6/5/2009,6/5/2009,6/5/2009,-0.0071,-0.357,-0.124,-0.013,0
6/19/2009,6/12/2009,6/12/2009,6/12/2009,6/12/2009,0.0048,0.03,0.108,-0.018,-0.03
6/26/2009,6/19/2009,6/19/2009,6/19/2009,6/19/2009,-0.0107,-0.025,0.13,0.069,0
7/3/2009,6/26/2009,6/26/2009,6/26/2009,6/26/2009,0.0081,0.218,0.112,0.048,-0.03
7/10/2009,7/3/2009,7/3/2009,7/3/2009,7/3/2009,0.0021,-0.011,0.05,0.074,-0.07
7/17/2009,7/10/2009,7/10/2009,7/10/2009,7/10/2009,-0.0157,0.2,0.079,0.025,-0.04
7/24/2009,7/17/2009,7/17/2009,7/17/2009,7/17/2009,-0.0087,-0.356,-0.14,-0.02,-0.12
7/31/2009,7/24/2009,7/24/2009,7/24/2009,7/24/2009,-0.0029,0.02,-0.079,-0.058,0.04
8/7/2009,7/31/2009,7/31/2009,7/31/2009,7/31/2009,0.0087,0.21,0.185,-0.036,-0.01
8/14/2009,8/7/2009,8/7/2009,8/7/2009,8/7/2009,-0.0027,-0.289,-0.23,-0.021,0
8/21/2009,8/14/2009,8/14/2009,8/14/2009,8/14/2009,-0.0138,0.298,0.186,0.055,0
8/28/2009,8/21/2009,8/21/2009,8/21/2009,8/21/2009,0.0042,-0.078,0.002,0.07,0.03
9/4/2009,8/28/2009,8/28/2009,8/28/2009,8/28/2009,0.0008,0.129,0.073,0,0.01
9/11/2009,9/4/2009,9/4/2009,9/4/2009,9/4/2009,-0.0265,-0.019,-0.015,-0.016,0.03
9/18/2009,9/11/2009,9/11/2009,9/11/2009,9/11/2009,-0.0111,0.11,-0.008,0.021,0.01
9/25/2009,9/18/2009,9/18/2009,9/18/2009,9/18/2009,0.0004,-0.111,-0.134,-0.038,-0.01
10/2/2009,9/25/2009,9/25/2009,9/25/2009,9/25/2009,0.0124,0.132,0.115,0.03,-0.03
10/9/2009,10/2/2009,10/2/2009,10/2/2009,10/2/2009,-0.014,0.11,0.111,0.058,-0.01
10/16/2009,10/9/2009,10/9/2009,10/9/2009,10/9/2009,-0.0187,-0.184,-0.079,-0.03,0
10/23/2009,10/16/2009,10/16/2009,10/16/2009,10/16/2009,-0.0113,-0.079,-0.085,-0.045,-0.18
10/30/2009,10/23/2009,10/23/2009,10/23/2009,10/23/2009,0.0294,-0.056,-0.061,-0.034,0.03
11/6/2009,10/30/2009,10/30/2009,10/30/2009,10/30/2009,-0.012,0.105,0.126,-0.046,-0.01
11/13/2009,11/6/2009,11/6/2009,11/6/2009,11/6/2009,-0.0034,-0.1,-0.14,-0.039,-0.01
11/20/2009,11/13/2009,11/13/2009,11/13/2009,11/13/2009,0.0058,0.089,-0.009,0.109,-0.02
11/27/2009,11/20/2009,11/20/2009,11/20/2009,11/20/2009,-0.0138,0.041,0.126,0.032,0
12/4/2009,11/27/2009,11/27/2009,11/27/2009,11/27/2009,0.0156,0.18,0.088,0.057,0.01
12/11/2009,12/4/2009,12/4/2009,12/4/2009,12/4/2009,0.0256,-0.247,-0.069,-0.039,0.06
12/18/2009,12/11/2009,12/11/2009,12/11/2009,12/11/2009,0.0278,-0.094,0.02,0.007,0
12/25/2009,12/18/2009,12/18/2009,12/18/2009,12/18/2009,-0.0075,-0.011,0.062,0.052,-0.01
1/1/2010,12/25/2009,12/25/2009,12/25/2009,12/25/2009,0.0041,-0.219,-0.178,-0.044,-0.02
1/8/2010,1/1/2010,1/1/2010,1/1/2010,1/1/2010,-0.0073,0.01,-0.065,-0.015,-0.01
1/15/2010,1/8/2010,1/8/2010,1/8/2010,1/8/2010,0.0027,0.049,0.026,-0.07,0
1/22/2010,1/15/2010,1/15/2010,1/15/2010,1/15/2010,0.0214,0.169,0.118,0.035,-0.02
1/29/2010,1/22/2010,1/22/2010,1/22/2010,1/22/2010,0.0289,0.094,0.045,0,0.03
2/5/2010,1/29/2010,1/29/2010,1/29/2010,1/29/2010,0.0185,0.029,0.019,0.005,0.05
2/12/2010,2/5/2010,2/5/2010,2/5/2010,2/5/2010,0.0025,0.087,0.055,-0.049,0.02
2/26/2010,2/12/2010,2/12/2010,2/12/2010,2/12/2010,-0.0019,-0.116,-0.078,0.039,0.02
3/5/2010,2/26/2010,2/26/2010,2/26/2010,2/26/2010,-0.0003,0.195,0.179,0.035,0.01
3/12/2010,3/5/2010,3/5/2010,3/5/2010,3/5/2010,-0.0125,-0.065,-0.042,-0.01,0.06
3/19/2010,3/12/2010,3/12/2010,3/12/2010,3/12/2010,0.0232,0.008,-0.016,-0.034,-0.09
3/26/2010,3/19/2010,3/19/2010,3/19/2010,3/19/2010,0.0109,0.008,0.056,-0.021,0.07
4/2/2010,3/26/2010,3/26/2010,3/26/2010,3/26/2010,-0.003,-0.166,-0.036,-0.015,-0.04
4/9/2010,4/2/2010,4/2/2010,4/2/2010,4/2/2010,-0.0007,0.015,0.069,0.021,-0.05
4/16/2010,4/9/2010,4/9/2010,4/9/2010,4/9/2010,0.0124,0.076,-0.063,-0.026,-0.04
4/23/2010,4/16/2010,4/16/2010,4/16/2010,4/16/2010,0.0091,0.132,0.094,0.04,0.02
4/30/2010,4/23/2010,4/23/2010,4/23/2010,4/23/2010,0.0052,-0.045,0.01,0.03,0.06
5/7/2010,4/30/2010,4/30/2010,4/30/2010,4/30/2010,0.0581,0.133,0.047,0.03,0.04
5/14/2010,5/7/2010,5/7/2010,5/7/2010,5/7/2010,0.0577,0.266,0.224,0.006,0.02
5/21/2010,5/14/2010,5/14/2010,5/14/2010,5/14/2010,-0.0222,0.133,0.059,-0.021,0.06
5/28/2010,5/21/2010,5/21/2010,5/21/2010,5/21/2010,0.0274,0.255,0.156,0.06,0.05
6/4/2010,5/28/2010,5/28/2010,5/28/2010,5/28/2010,0.0315,-0.114,-0.004,-0.014,-0.03
6/11/2010,6/4/2010,6/4/2010,6/4/2010,6/4/2010,-0.0158,0.064,0.092,-0.016,-0.04
6/18/2010,6/11/2010,6/11/2010,6/11/2010,6/11/2010,-0.0271,0.012,0.002,0.038,-0.03
6/25/2010,6/18/2010,6/18/2010,6/18/2010,6/18/2010,0.006,0.072,-0.152,0.031,-0.08
7/2/2010,6/25/2010,6/25/2010,6/25/2010,6/25/2010,-0.0183,0.184,0.14,0.056,0
7/9/2010,7/2/2010,7/2/2010,7/2/2010,7/2/2010,-0.0085,0.111,0.028,0.047,0.09
7/16/2010,7/9/2010,7/9/2010,7/9/2010,7/9/2010,-0.0285,-0.086,-0.063,-0.061,0.03
7/23/2010,7/16/2010,7/16/2010,7/16/2010,7/16/2010,-0.0004,0.104,0.027,0.069,0.01
7/30/2010,7/23/2010,7/23/2010,7/23/2010,7/23/2010,-0.0153,-0.044,-0.073,0.02,-0.02
8/6/2010,7/30/2010,7/30/2010,7/30/2010,7/30/2010,-0.0219,0.082,0.069,0.001,-0.03
8/13/2010,8/6/2010,8/6/2010,8/6/2010,8/6/2010,0.0532,0.11,0.153,0.01,0
8/20/2010,8/13/2010,8/13/2010,8/13/2010,8/13/2010,0.0055,0.127,0.12,0.074,0.02
8/27/2010,8/20/2010,8/20/2010,8/20/2010,8/20/2010,-0.0057,0.008,0.113,0.055,0.01
9/3/2010,8/27/2010,8/27/2010,8/27/2010,8/27/2010,-0.0131,-0.023,0.079,-0.074,0.01
9/10/2010,9/3/2010,9/3/2010,9/3/2010,9/3/2010,0.0218,-0.11,-0.153,-0.138,0.02
9/17/2010,9/10/2010,9/10/2010,9/10/2010,9/10/2010,-0.0347,-0.145,-0.044,-0.014,-0.03
9/24/2010,9/17/2010,9/17/2010,9/17/2010,9/17/2010,-0.0438,0.081,0,0.099,-0.03
10/1/2010,9/24/2010,9/24/2010,9/24/2010,9/24/2010,-0.0307,0.12,0.109,0.073,-0.03
10/8/2010,10/1/2010,10/1/2010,10/1/2010,10/1/2010,-0.0156,0.025,0.055,0.042,-0.01
10/15/2010,10/8/2010,10/8/2010,10/8/2010,10/8/2010,0.0028,0.107,0.026,0.092,0
10/22/2010,10/15/2010,10/15/2010,10/15/2010,10/15/2010,0.002,-0.221,-0.109,-0.012,-0.07
10/29/2010,10/22/2010,10/22/2010,10/22/2010,10/22/2010,0.0005,-0.032,-0.091,-0.011,-0.25
11/5/2010,10/29/2010,10/29/2010,10/29/2010,10/29/2010,-0.006,-0.081,-0.056,-0.043,-0.04
11/12/2010,11/5/2010,11/5/2010,11/5/2010,11/5/2010,0.0363,0.048,0.1,0.003,-0.12
11/19/2010,11/12/2010,11/12/2010,11/12/2010,11/12/2010,0.001,-0.217,-0.095,-0.067,-0.08
11/26/2010,11/19/2010,11/19/2010,11/19/2010,11/19/2010,0.0496,0.016,-0.143,-0.068,0.11
12/3/2010,11/26/2010,11/26/2010,11/26/2010,11/26/2010,-0.0141,-0.024,-0.006,-0.124,-0.13
12/10/2010,12/3/2010,12/3/2010,12/3/2010,12/3/2010,0.0182,-0.18,-0.115,-0.02,0.13
12/17/2010,12/10/2010,12/10/2010,12/10/2010,12/10/2010,0.0017,-0.331,-0.109,0.01,0.01
12/24/2010,12/17/2010,12/17/2010,12/17/2010,12/17/2010,0.0052,0.036,-0.036,0.004,0.03
12/31/2010,12/24/2010,12/24/2010,12/24/2010,12/24/2010,-0.0273,-0.105,-0.002,0.04,0.01
1/7/2011,12/31/2010,12/31/2010,12/31/2010,12/31/2010,0.0434,0.119,0.031,0.033,-0.04
1/14/2011,1/7/2011,1/7/2011,1/7/2011,1/7/2011,-0.0491,0.049,0.103,-0.077,0.02
1/21/2011,1/14/2011,1/14/2011,1/14/2011,1/14/2011,-0.0252,-0.019,-0.16,0,-0.05
1/28/2011,1/21/2011,1/21/2011,1/21/2011,1/21/2011,-0.0004,-0.128,-0.131,-0.013,-0.05
2/4/2011,1/28/2011,1/28/2011,1/28/2011,1/28/2011,-0.0004,0.085,0.03,-0.006,-0.01
2/11/2011,2/4/2011,2/4/2011,2/4/2011,2/4/2011,0.0018,-0.295,-0.102,-0.065,-0.01
2/18/2011,2/11/2011,2/11/2011,2/11/2011,2/11/2011,-0.0165,0.024,-0.022,-0.005,-0.02
2/25/2011,2/18/2011,2/18/2011,2/18/2011,2/18/2011,-0.0059,0.057,0.044,0.006,0.09
3/4/2011,2/25/2011,2/25/2011,2/25/2011,2/25/2011,-0.0239,0.103,0.107,0.056,0.08
3/11/2011,3/4/2011,3/4/2011,3/4/2011,3/4/2011,0.0091,-0.067,-0.129,-0.052,0.05
3/18/2011,3/11/2011,3/11/2011,3/11/2011,3/11/2011,-0.0228,0.134,0.052,0.05,0
3/25/2011,3/18/2011,3/18/2011,3/18/2011,3/18/2011,0.0098,0.111,0.022,0.04,0.05
4/1/2011,3/25/2011,3/25/2011,3/25/2011,3/25/2011,-0.0191,-0.138,-0.076,-0.01,-0.01
4/8/2011,4/1/2011,4/1/2011,4/1/2011,4/1/2011,-0.0254,0.016,-0.078,-0.06,0.01
4/15/2011,4/8/2011,4/8/2011,4/8/2011,4/8/2011,0.0024,-0.16,-0.114,-0.04,0.02
4/22/2011,4/15/2011,4/15/2011,4/15/2011,4/15/2011,-0.0144,0.186,0.113,0.034,0.04
4/29/2011,4/22/2011,4/22/2011,4/22/2011,4/22/2011,-0.0248,-0.026,0.115,0.071,0
5/6/2011,4/29/2011,4/29/2011,4/29/2011,4/29/2011,0.0509,0.089,0.021,0.01,0.02
5/13/2011,5/6/2011,5/6/2011,5/6/2011,5/6/2011,0.0248,0.155,0.075,0.064,0.01
5/20/2011,5/13/2011,5/13/2011,5/13/2011,5/13/2011,-0.0083,-0.012,0.096,0.02,0
5/27/2011,5/20/2011,5/20/2011,5/20/2011,5/20/2011,-0.0186,0.017,0.024,-0.004,0
6/3/2011,5/27/2011,5/27/2011,5/27/2011,5/27/2011,-0.0327,0.033,0.08,0,0
6/10/2011,6/3/2011,6/3/2011,6/3/2011,6/3/2011,0.028,0.089,-0.07,-0.01,0.01
6/17/2011,6/10/2011,6/10/2011,6/10/2011,6/10/2011,0.002,0.029,0.09,-0.015,-0.03
6/24/2011,6/17/2011,6/17/2011,6/17/2011,6/17/2011,0.0089,0.049,0.003,0.005,-0.1
7/1/2011,6/24/2011,6/24/2011,6/24/2011,6/24/2011,-0.0337,0.029,0.113,0.02,0.05
7/8/2011,7/1/2011,7/1/2011,7/1/2011,7/1/2011,0.0274,-0.317,-0.202,-0.035,0.01
7/15/2011,7/8/2011,7/8/2011,7/8/2011,7/8/2011,0.0063,0.135,0.197,-0.021,-0.02
7/22/2011,7/15/2011,7/15/2011,7/15/2011,7/15/2011,-0.0236,0.04,0.132,0.052,-0.04
7/29/2011,7/22/2011,7/22/2011,7/22/2011,7/22/2011,0,-0.087,-0.136,-0.032,-0.17
8/5/2011,7/29/2011,7/29/2011,7/29/2011,7/29/2011,0.0081,0.159,0.291,0.009,-0.01
8/12/2011,8/5/2011,8/5/2011,8/5/2011,8/5/2011,0.012,0.234,0.202,0.059,-0.08
8/19/2011,8/12/2011,8/12/2011,8/12/2011,8/12/2011,-0.0136,0.26,0.093,-0.041,0.15
8/26/2011,8/19/2011,8/19/2011,8/19/2011,8/19/2011,-0.0126,0.198,0.214,0.054,0
9/2/2011,8/26/2011,8/26/2011,8/26/2011,8/26/2011,0.0287,-0.073,-0.054,-0.065,-0.01
9/9/2011,9/2/2011,9/2/2011,9/2/2011,9/2/2011,0.0476,0.229,0.143,0.008,0
9/16/2011,9/9/2011,9/9/2011,9/9/2011,9/9/2011,-0.023,0.033,0.238,0.036,-0.01
9/23/2011,9/16/2011,9/16/2011,9/16/2011,9/16/2011,0.0182,-0.18,-0.081,-0.014,-0.02
9/30/2011,9/23/2011,9/23/2011,9/23/2011,9/23/2011,0.0123,0.184,0.124,0.019,0
10/14/2011,9/30/2011,9/30/2011,9/30/2011,9/30/2011,-0.0495,-0.075,-0.126,-0.051,-0.02
10/21/2011,10/14/2011,10/14/2011,10/14/2011,10/14/2011,-0.0015,-0.156,-0.223,-0.01,-0.01
10/28/2011,10/21/2011,10/21/2011,10/21/2011,10/21/2011,-0.028,0.03,0.114,0.017,0.06
11/4/2011,10/28/2011,10/28/2011,10/28/2011,10/28/2011,0.0353,-0.124,-0.066,-0.034,-0.01
11/11/2011,11/4/2011,11/4/2011,11/4/2011,11/4/2011,0.0066,0.186,0.379,0.051,0.05
11/18/2011,11/11/2011,11/11/2011,11/11/2011,11/11/2011,0.0253,-0.03,-0.066,0.026,0.1
11/25/2011,11/18/2011,11/18/2011,11/18/2011,11/18/2011,0.0286,0.085,-0.079,0.027,-0.07
12/2/2011,11/25/2011,11/25/2011,11/25/2011,11/25/2011,-0.0078,-0.01,-0.287,-0.073,0.02
12/9/2011,12/2/2011,12/2/2011,12/2/2011,12/2/2011,0.0024,0.022,0.136,0.016,0.14
12/16/2011,12/9/2011,12/9/2011,12/9/2011,12/9/2011,0.0318,0.03,0.006,0.054,-0.03
12/23/2011,12/16/2011,12/16/2011,12/16/2011,12/16/2011,-0.0009,0.174,0.309,0.045,-0.01
12/30/2011,12/23/2011,12/23/2011,12/23/2011,12/23/2011,0.0082,-0.172,-0.104,-0.002,-0.01
1/6/2012,12/30/2011,12/30/2011,12/30/2011,12/30/2011,0.0224,0.16,0.096,-0.01,0.05
1/13/2012,1/6/2012,1/6/2012,1/6/2012,1/6/2012,0.0013,-0.01,-0.025,0.01,0
1/20/2012,1/13/2012,1/13/2012,1/13/2012,1/13/2012,-0.0293,0.122,0.083,0.04,-0.01
2/3/2012,1/20/2012,1/20/2012,1/20/2012,1/20/2012,0.0056,-0.128,-0.173,-0.038,0.02
2/10/2012,2/3/2012,2/3/2012,2/3/2012,2/3/2012,-0.0071,-0.107,-0.109,0.019,-0.04
2/17/2012,2/10/2012,2/10/2012,2/10/2012,2/10/2012,0.0099,-0.045,-0.003,-0.004,-0.09
2/24/2012,2/17/2012,2/17/2012,2/17/2012,2/17/2012,-0.0246,-0.01,0.004,0.035,-0.05
3/2/2012,2/24/2012,2/24/2012,2/24/2012,2/24/2012,0.026,0.046,0.075,-0.019,-0.02
3/9/2012,3/2/2012,3/2/2012,3/2/2012,3/2/2012,0.0074,-0.047,0.078,0.006,-0.04
3/16/2012,3/9/2012,3/9/2012,3/9/2012,3/9/2012,-0.0059,-0.045,0.028,-0.001,0.02
3/23/2012,3/16/2012,3/16/2012,3/16/2012,3/16/2012,-0.0089,-0.295,-0.258,-0.059,0
3/30/2012,3/23/2012,3/23/2012,3/23/2012,3/23/2012,-0.0073,0.037,0.181,0.013,-0.01
4/6/2012,3/30/2012,3/30/2012,3/30/2012,3/30/2012,0.0262,0.053,0.079,0.041,0.01
4/13/2012,4/6/2012,4/6/2012,4/6/2012,4/6/2012,0.002,0.025,0.118,0.016,-0.02
4/20/2012,4/13/2012,4/13/2012,4/13/2012,4/13/2012,-0.0149,0.032,-0.056,0.021,-0.03
4/27/2012,4/20/2012,4/20/2012,4/20/2012,4/20/2012,-0.0065,0,0.008,-0.001,-0.01
5/4/2012,4/27/2012,4/27/2012,4/27/2012,4/27/2012,0.0156,-0.013,-0.004,0.025,0
5/11/2012,5/4/2012,5/4/2012,5/4/2012,5/4/2012,0.0106,0.039,0.119,-0.002,0.01
5/18/2012,5/11/2012,5/11/2012,5/11/2012,5/11/2012,0.0111,0.032,0.045,0.01,0.02
5/25/2012,5/18/2012,5/18/2012,5/18/2012,5/18/2012,0.0263,0.079,0.072,0.027,0.09
6/1/2012,5/25/2012,5/25/2012,5/25/2012,5/25/2012,0.0144,-0.01,0.073,-0.044,0.03
6/8/2012,6/1/2012,6/1/2012,6/1/2012,6/1/2012,-0.0082,0.259,0.237,0.065,-0.01
6/15/2012,6/8/2012,6/8/2012,6/8/2012,6/8/2012,-0.0004,-0.137,-0.147,-0.06,0.03
6/22/2012,6/15/2012,6/15/2012,6/15/2012,6/15/2012,0.0169,0.047,-0.014,0.023,-0.06
6/29/2012,6/22/2012,6/22/2012,6/22/2012,6/22/2012,-0.0114,-0.105,-0.045,0.041,0
7/6/2012,6/29/2012,6/29/2012,6/29/2012,6/29/2012,0.0382,-0.034,-0.003,0.003,0.04
7/13/2012,7/6/2012,7/6/2012,7/6/2012,7/6/2012,0.0019,0.099,0.268,0.05,0.04
7/20/2012,7/13/2012,7/13/2012,7/13/2012,7/13/2012,0.0095,0.025,0.076,0.027,0.01
7/27/2012,7/20/2012,7/20/2012,7/20/2012,7/20/2012,-0.0197,0.017,0.097,0.027,-0.02
8/3/2012,7/27/2012,7/27/2012,7/27/2012,7/27/2012,-0.0083,-0.155,-0.25,0.001,0.01
8/10/2012,8/3/2012,8/3/2012,8/3/2012,8/3/2012,0.0103,-0.036,-0.006,0.015,0
8/17/2012,8/10/2012,8/10/2012,8/10/2012,8/10/2012,-0.0047,-0.091,0.045,-0.047,0
8/24/2012,8/17/2012,8/17/2012,8/17/2012,8/17/2012,-0.0173,-0.155,-0.111,-0.062,-0.03
8/31/2012,8/24/2012,8/24/2012,8/24/2012,8/24/2012,-0.0066,0.157,0.167,0.022,-0.03
9/7/2012,8/31/2012,8/31/2012,8/31/2012,8/31/2012,-0.0236,0.116,0.013,0.012,-0.04
9/14/2012,9/7/2012,9/7/2012,9/7/2012,9/7/2012,-0.0324,-0.096,-0.19,-0.03,-0.06
9/21/2012,9/14/2012,9/14/2012,9/14/2012,9/14/2012,0.0141,-0.19,-0.193,0.016,-0.1
9/28/2012,9/21/2012,9/21/2012,9/21/2012,9/21/2012,0.0121,0.09,0.12,0.025,0.03
10/12/2012,9/28/2012,9/28/2012,9/28/2012,9/28/2012,0.0071,0.088,0.12,0.023,0.05
10/19/2012,10/12/2012,10/12/2012,10/12/2012,10/12/2012,-0.0065,0.057,0.038,0.025,-0.06
10/26/2012,10/19/2012,10/19/2012,10/19/2012,10/19/2012,0.0082,-0.091,-0.141,-0.011,-0.01
11/2/2012,10/26/2012,10/26/2012,10/26/2012,10/26/2012,0.0088,0.053,0.059,-0.003,-0.03
11/9/2012,11/2/2012,11/2/2012,11/2/2012,11/2/2012,0.0111,0.004,0.059,-0.011,-0.03
11/16/2012,11/9/2012,11/9/2012,11/9/2012,11/9/2012,-0.0026,0.078,0.086,0.043,-0.01
11/23/2012,11/16/2012,11/16/2012,11/16/2012,11/16/2012,-0.0233,0.027,0.011,-0.006,-0.04
11/30/2012,11/23/2012,11/23/2012,11/23/2012,11/23/2012,-0.0012,-0.081,-0.097,-0.011,-0.02
12/7/2012,11/30/2012,11/30/2012,11/30/2012,11/30/2012,0.0068,0.057,0.047,0.017,0.04
12/14/2012,12/7/2012,12/7/2012,12/7/2012,12/7/2012,-0.0269,0.017,0.078,0.01,-0.05
12/21/2012,12/14/2012,12/14/2012,12/14/2012,12/14/2012,-0.0005,-0.098,-0.074,-0.023,0.019
12/28/2012,12/21/2012,12/21/2012,12/21/2012,12/21/2012,-0.0039,-0.048,0.007,-0.034,-0.025
1/4/2013,12/28/2012,12/28/2012,12/28/2012,12/28/2012,0.0147,0.056,0.067,-0.039,0.02
1/11/2013,1/4/2013,1/4/2013,1/4/2013,1/4/2013,-0.0266,-0.219,-0.159,-0.033,-0.03
1/18/2013,1/11/2013,1/11/2013,1/11/2013,1/11/2013,0.0048,0.029,-0.055,0.023,0.03
1/25/2013,1/18/2013,1/18/2013,1/18/2013,1/18/2013,-0.0149,-0.007,0.017,0.064,0.036
2/1/2013,1/25/2013,1/25/2013,1/25/2013,1/25/2013,-0.0182,-0.082,-0.07,0.022,0.01
2/8/2013,2/1/2013,2/1/2013,2/1/2013,2/1/2013,0.0283,-0.052,-0.004,-0.021,-0.02
2/22/2013,2/8/2013,2/8/2013,2/8/2013,2/8/2013,0.0155,0.049,0.105,0.003,0.018
3/1/2013,2/22/2013,2/22/2013,2/22/2013,2/22/2013,0.0175,0.042,0.066,0.026,0.013
3/8/2013,3/1/2013,3/1/2013,3/1/2013,3/1/2013,0.0013,0.126,0.164,0.073,-0.08
3/15/2013,3/8/2013,3/8/2013,3/8/2013,3/8/2013,-0.0087,-0.217,-0.131,0.005,-0.03
3/22/2013,3/15/2013,3/15/2013,3/15/2013,3/15/2013,-0.0084,0.048,0.051,0.031,-0.031
3/29/2013,3/22/2013,3/22/2013,3/22/2013,3/22/2013,0.0155,0.036,0.001,0.046,-0.04
4/5/2013,3/29/2013,3/29/2013,3/29/2013,3/29/2013,-0.0185,0.115,0.108,0.025,-0.05
4/12/2013,4/5/2013,4/5/2013,4/5/2013,4/5/2013,-0.0119,0.189,0.061,0.067,0.104
4/19/2013,4/12/2013,4/12/2013,4/12/2013,4/12/2013,0.0052,0.002,-0.039,-0.094,0.15
4/26/2013,4/19/2013,4/19/2013,4/19/2013,4/19/2013,0.0043,0.006,0.012,0.042,-0.005
5/3/2013,4/26/2013,4/26/2013,4/26/2013,4/26/2013,-0.0056,0.052,0.053,-0.012,0.05
5/10/2013,5/3/2013,5/3/2013,5/3/2013,5/3/2013,0.0133,-0.09,-0.024,0.035,0.147
5/17/2013,5/10/2013,5/10/2013,5/10/2013,5/10/2013,0.0151,-0.153,-0.138,-0.131,-0.082
5/24/2013,5/17/2013,5/17/2013,5/17/2013,5/17/2013,-0.009,-0.034,0.044,-0.081,0.12
5/31/2013,5/24/2013,5/24/2013,5/24/2013,5/24/2013,-0.006,-0.076,-0.075,-0.027,-0.03
6/7/2013,5/31/2013,5/31/2013,5/31/2013,5/31/2013,-0.023,-0.122,-0.08,-0.021,-0.005
6/14/2013,6/7/2013,6/7/2013,6/7/2013,6/7/2013,-0.0147,0.007,-0.037,0.006,-0.04
6/21/2013,6/14/2013,6/14/2013,6/14/2013,6/14/2013,0.0226,0.06,0.031,0.031,-0.05
6/28/2013,6/21/2013,6/21/2013,6/21/2013,6/21/2013,0.0087,-0.397,-0.192,-0.06,-0.12
7/5/2013,6/28/2013,6/28/2013,6/28/2013,6/28/2013,0.0183,0.175,0.043,0.032,0.05
7/12/2013,7/5/2013,7/5/2013,7/5/2013,7/5/2013,-0.0254,-0.194,0.018,-0.002,-0.07
7/19/2013,7/12/2013,7/12/2013,7/12/2013,7/12/2013,-0.0078,0.122,0.142,0.043,-0.01
7/26/2013,7/19/2013,7/19/2013,7/19/2013,7/19/2013,-0.0146,0.144,0.033,0.012,-0.12
8/2/2013,7/26/2013,7/26/2013,7/26/2013,7/26/2013,-0.0006,-0.086,-0.15,0.022,0
8/9/2013,8/2/2013,8/2/2013,8/2/2013,8/2/2013,-0.0067,-0.039,0,-0.016,0.03
8/16/2013,8/9/2013,8/9/2013,8/9/2013,8/9/2013,0.0003,0.037,-0.039,0.059,-0.13
8/23/2013,8/16/2013,8/16/2013,8/16/2013,8/16/2013,-0.005,-0.238,-0.199,0.002,-0.1
8/30/2013,8/23/2013,8/23/2013,8/23/2013,8/23/2013,0.0168,0.028,-0.028,-0.018,-0.13
9/6/2013,8/30/2013,8/30/2013,8/30/2013,8/30/2013,0.0038,0.075,0.07,0.047,-0.02
9/13/2013,9/6/2013,9/6/2013,9/6/2013,9/6/2013,-0.013,-0.101,-0.056,-0.059,-0.03
9/20/2013,9/13/2013,9/13/2013,9/13/2013,9/13/2013,-0.0151,0.003,-0.017,0.064,-0.04
9/27/2013,9/20/2013,9/20/2013,9/20/2013,9/20/2013,0.001,0.077,-0.011,0.028,0.15
10/4/2013,9/27/2013,9/27/2013,9/27/2013,9/27/2013,-0.0072,0.12,0.166,0.015,0
10/11/2013,10/4/2013,10/4/2013,10/4/2013,10/4/2013,0.0011,-0.046,-0.085,0.031,0
10/18/2013,10/11/2013,10/11/2013,10/11/2013,10/11/2013,-0.0124,-0.057,-0.047,-0.004,0.15
10/25/2013,10/18/2013,10/18/2013,10/18/2013,10/18/2013,-0.0125,0.125,0.016,0.035,-0.02
11/1/2013,10/25/2013,10/25/2013,10/25/2013,10/25/2013,0.0323,0.089,0.085,0.011,-0.01
11/8/2013,11/1/2013,11/1/2013,11/1/2013,11/1/2013,0.0131,-0.102,0.069,0.013,0.11
11/15/2013,11/8/2013,11/8/2013,11/8/2013,11/8/2013,-0.0134,-0.132,-0.069,0.005,-0.08
11/22/2013,11/15/2013,11/15/2013,11/15/2013,11/15/2013,-0.0057,0.054,0.042,-0.04,-0.05
11/29/2013,11/22/2013,11/22/2013,11/22/2013,11/22/2013,-0.0031,-0.049,-0.052,0.021,-0.03
12/6/2013,11/29/2013,11/29/2013,11/29/2013,11/29/2013,-0.0114,0.018,0.054,0.023,0.2033
12/13/2013,12/6/2013,12/6/2013,12/6/2013,12/6/2013,-0.0024,-0.102,-0.138,-0.071,-0.06
12/20/2013,12/13/2013,12/13/2013,12/13/2013,12/13/2013,0.0056,-0.022,0.018,-0.007,-0.07
12/27/2013,12/20/2013,12/20/2013,12/20/2013,12/20/2013,-0.007,-0.037,-0.053,0.006,-0.03
1/3/2014,12/27/2013,12/27/2013,12/27/2013,12/27/2013,0.0179,-0.09,-0.074,-0.03,0.01
1/10/2014,1/3/2014,1/3/2014,1/3/2014,1/3/2014,-0.0065,-0.004,0.015,-0.032,0.06
1/17/2014,1/10/2014,1/10/2014,1/10/2014,1/10/2014,0.0138,0.113,0.081,0.046,0.02
1/24/2014,1/17/2014,1/17/2014,1/17/2014,1/17/2014,-0.0143,0.026,0.091,-0.016,0.09
1/31/2014,1/24/2014,1/24/2014,1/24/2014,1/24/2014,0.0195,0.105,0.094,0.043,0.07
2/7/2014,1/31/2014,1/31/2014,1/31/2014,1/31/2014,-0.0151,0.082,0.008,0.011,-0.05
2/14/2014,2/7/2014,2/7/2014,2/7/2014,2/7/2014,-0.0077,-0.012,-0.002,0,-0.01
2/21/2014,2/14/2014,2/14/2014,2/14/2014,2/14/2014,-0.0036,-0.07,-0.018,0.022,-0.01
2/28/2014,2/21/2014,2/21/2014,2/21/2014,2/21/2014,-0.0065,-0.004,0.025,-0.005,-0.02
3/7/2014,2/28/2014,2/28/2014,2/28/2014,2/28/2014,-0.0098,0.081,0.036,0.013,0.12
3/14/2014,3/7/2014,3/7/2014,3/7/2014,3/7/2014,-0.0036,-0.178,-0.074,-0.037,-0.08
3/21/2014,3/14/2014,3/14/2014,3/14/2014,3/14/2014,0.0113,0.157,0.085,0.004,0.04
3/28/2014,3/21/2014,3/21/2014,3/21/2014,3/21/2014,0.0041,-0.078,-0.09,0.021,-0.01
4/4/2014,3/28/2014,3/28/2014,3/28/2014,3/28/2014,0.0051,0.056,0.093,-0.028,0
4/11/2014,4/4/2014,4/4/2014,4/4/2014,4/4/2014,-0.0183,0.018,-0.007,-0.019,-0.01
4/18/2014,4/11/2014,4/11/2014,4/11/2014,4/11/2014,0.0046,0.109,0.034,0.038,0
4/25/2014,4/18/2014,4/18/2014,4/18/2014,4/18/2014,-0.0021,-0.084,-0.013,-0.002,0.14
5/2/2014,4/25/2014,4/25/2014,4/25/2014,4/25/2014,-0.0031,0.056,0.045,-0.018,0.06
5/9/2014,5/2/2014,5/2/2014,5/2/2014,5/2/2014,0.0116,0.089,0.042,0.014,0.05
5/16/2014,5/9/2014,5/9/2014,5/9/2014,5/9/2014,0.0059,-0.047,-0.004,0.002,0.21
5/23/2014,5/16/2014,5/16/2014,5/16/2014,5/16/2014,0.0066,0.127,0.137,0.021,-0.06
5/30/2014,5/23/2014,5/23/2014,5/23/2014,5/23/2014,-0.0007,-0.012,-0.091,-0.007,0.06
6/6/2014,5/30/2014,5/30/2014,5/30/2014,5/30/2014,-0.0013,0.082,0.059,0.011,0.04
6/13/2014,6/6/2014,6/6/2014,6/6/2014,6/6/2014,0.0106,-0.101,0.013,-0.018,-0.05
6/20/2014,6/13/2014,6/13/2014,6/13/2014,6/13/2014,-0.006,0.013,-0.004,-0.009,-0.02
6/27/2014,6/20/2014,6/20/2014,6/20/2014,6/20/2014,-0.0054,-0.043,0.013,0.019,0.04
7/4/2014,6/27/2014,6/27/2014,6/27/2014,6/27/2014,0.0051,0.067,0.088,0.02,-0.01
7/11/2014,7/4/2014,7/4/2014,7/4/2014,7/4/2014,-0.0015,-0.121,-0.003,-0.005,-0.04
7/18/2014,7/11/2014,7/11/2014,7/11/2014,7/11/2014,0.008,0.113,0.056,0.028,0.08
7/25/2014,7/18/2014,7/18/2014,7/18/2014,7/18/2014,0.0098,0.046,0.057,-0.015,-0.11
8/1/2014,7/25/2014,7/25/2014,7/25/2014,7/25/2014,0.0008,0.017,0.01,0.006,0.004
8/8/2014,8/1/2014,8/1/2014,8/1/2014,8/1/2014,0.0015,-0.021,0.023,-0.009,0.016
8/15/2014,8/8/2014,8/8/2014,8/8/2014,8/8/2014,0.0009,0.081,0.091,0.021,0.021
8/22/2014,8/15/2014,8/15/2014,8/15/2014,8/15/2014,0.0149,0.091,0.115,0.009,0.093
8/29/2014,8/22/2014,8/22/2014,8/22/2014,8/22/2014,0.0052,-0.037,0.003,-0.012,-0.028
9/5/2014,8/29/2014,8/29/2014,8/29/2014,8/29/2014,0.0178,0.048,0.07,0.013,0.032
9/12/2014,9/5/2014,9/5/2014,9/5/2014,9/5/2014,0.0006,-0.068,-0.038,-0.045,-0.025
9/19/2014,9/12/2014,9/12/2014,9/12/2014,9/12/2014,0.0131,-0.177,-0.15,-0.042,-0.008
9/26/2014,9/19/2014,9/19/2014,9/19/2014,9/19/2014,0.0145,0.018,0.043,0.017,0.148
10/3/2014,9/26/2014,9/26/2014,9/26/2014,9/26/2014,0.0171,0.031,0.049,0.034,0.102
10/10/2014,10/3/2014,10/3/2014,10/3/2014,10/3/2014,-0.0101,0.052,0.067,0,0
10/17/2014,10/10/2014,10/10/2014,10/10/2014,10/10/2014,-0.0132,0.125,0.025,0.023,-0.017
10/24/2014,10/17/2014,10/17/2014,10/17/2014,10/17/2014,0.0089,-0.003,0.016,0.019,0.218
10/31/2014,10/24/2014,10/24/2014,10/24/2014,10/24/2014,0.0153,-0.091,-0.035,0.017,-0.018
11/7/2014,10/31/2014,10/31/2014,10/31/2014,10/31/2014,0.0057,-0.066,0.058,0.013,0.064
11/14/2014,11/7/2014,11/7/2014,11/7/2014,11/7/2014,-0.0063,0.013,-0.002,-0.035,0.165
11/21/2014,11/14/2014,11/14/2014,11/14/2014,11/14/2014,0.013,-0.025,0.032,-0.017,-0.019
11/28/2014,11/21/2014,11/21/2014,11/21/2014,11/21/2014,-0.0073,-0.005,0,0.009,0.049
12/5/2014,11/28/2014,11/28/2014,11/28/2014,11/28/2014,0.0158,0.137,0.07,0.04,0.087
12/12/2014,12/5/2014,12/5/2014,12/5/2014,12/5/2014,-0.0168,-0.153,-0.085,-0.015,-0.134
12/19/2014,12/12/2014,12/12/2014,12/12/2014,12/12/2014,0.0249,0.207,0.157,0.035,0.063
12/26/2014,12/19/2014,12/19/2014,12/19/2014,12/19/2014,0.0044,-0.044,0.035,0.028,0.021
1/2/2015,12/26/2014,12/26/2014,12/26/2014,12/26/2014,0.0174,-0.063,0,0.019,0.051
1/9/2015,1/2/2015,1/2/2015,1/2/2015,1/2/2015,0.0105,0.102,0.087,-0.005,0.052
1/16/2015,1/9/2015,1/9/2015,1/9/2015,1/9/2015,0.0298,0.133,0.011,0.045,-0.004
1/23/2015,1/16/2015,1/16/2015,1/16/2015,1/16/2015,0.0352,0.15,0.039,0.011,0.105
1/30/2015,1/23/2015,1/23/2015,1/23/2015,1/23/2015,-0.0152,0.01,0.097,0,0.078
2/6/2015,1/30/2015,1/30/2015,1/30/2015,1/30/2015,-0.0007,0.142,0.04,-0.054,-0.044
2/13/2015,2/6/2015,2/6/2015,2/6/2015,2/6/2015,-0.0088,-0.265,-0.057,-0.063,0.089
2/20/2015,2/13/2015,2/13/2015,2/13/2015,2/13/2015,0.0016,-0.126,0.02,-0.072,0.067
2/27/2015,2/20/2015,2/20/2015,2/20/2015,2/20/2015,0.0191,-0.106,-0.017,0.032,0.032
3/6/2015,2/27/2015,2/27/2015,2/27/2015,2/27/2015,0.0331,0.108,0.056,0.047,-0.005
3/13/2015,3/6/2015,3/6/2015,3/6/2015,3/6/2015,0.0345,-0.225,-0.057,-0.057,-0.084
3/20/2015,3/13/2015,3/13/2015,3/13/2015,3/13/2015,-0.0324,0.111,0.123,-0.008,0.059
3/27/2015,3/20/2015,3/20/2015,3/20/2015,3/20/2015,-0.0049,0.159,0.078,0.087,0.004
4/3/2015,3/27/2015,3/27/2015,3/27/2015,3/27/2015,-0.0081,-0.0364,-0.035,-0.057,-0.012
4/10/2015,4/3/2015,4/3/2015,4/3/2015,4/3/2015,0.0388,0.0384,0.003,0.018,0.073
4/17/2015,4/10/2015,4/10/2015,4/10/2015,4/10/2015,-0.0222,-0.1213,0.029,0.013,-0.131
4/24/2015,4/17/2015,4/17/2015,4/17/2015,4/17/2015,-0.0054,0.0733,0.073,0.031,0.148
5/1/2015,4/24/2015,4/24/2015,4/24/2015,4/24/2015,-0.0345,-0.0468,-0.089,0.011,0.094
5/8/2015,5/1/2015,5/1/2015,5/1/2015,5/1/2015,-0.0013,-0.2101,-0.228,-0.09,0.128
5/15/2015,5/8/2015,5/8/2015,5/8/2015,5/8/2015,-0.0247,-0.0307,-0.172,-0.053,-0.021
5/22/2015,5/15/2015,5/15/2015,5/15/2015,5/15/2015,0.0434,0.0054,-0.087,0.016,0.036
5/29/2015,5/22/2015,5/22/2015,5/22/2015,5/22/2015,-0.0002,-0.0668,0.034,-0.028,-0.012
6/5/2015,5/29/2015,5/29/2015,5/29/2015,5/29/2015,-0.0132,0.079,0.107,0.015,-0.131
6/12/2015,6/5/2015,6/5/2015,6/5/2015,6/5/2015,-0.0155,-0.2845,-0.355,-0.118,0.04
6/19/2015,6/12/2015,6/12/2015,6/12/2015,6/12/2015,-0.0129,0.0014,0.026,-0.018,0.017
6/26/2015,6/19/2015,6/19/2015,6/19/2015,6/19/2015,0.0197,0.0712,0.032,0.08,0.033
7/3/2015,6/26/2015,6/26/2015,6/26/2015,6/26/2015,-0.0118,-0.165,-0.11,-0.061,-0.01
7/10/2015,7/3/2015,7/3/2015,7/3/2015,7/3/2015,-0.0147,-0.0545,-0.042,-0.051,-0.044
7/17/2015,7/10/2015,7/10/2015,7/10/2015,7/10/2015,0.0295,-0.1015,-0.168,0.028,0.157
7/24/2015,7/17/2015,7/17/2015,7/17/2015,7/17/2015,-0.0146,0.0376,0.098,0.005,-0.016
7/31/2015,7/24/2015,7/24/2015,7/24/2015,7/24/2015,-0.0003,0.099,0.103,0.012,0.049
8/7/2015,7/31/2015,7/31/2015,7/31/2015,7/31/2015,0.0021,0.0787,0.05,0.01,0.026
8/14/2015,8/7/2015,8/7/2015,8/7/2015,8/7/2015,-0.0148,0.0321,-0.006,-0.017,0.04
8/21/2015,8/14/2015,8/14/2015,8/14/2015,8/14/2015,-0.0252,-0.0122,0.013,0.026,-0.051
8/28/2015,8/21/2015,8/21/2015,8/21/2015,8/21/2015,0.0188,0.1524,0.089,0.03,0.003
9/4/2015,8/28/2015,8/28/2015,8/28/2015,8/28/2015,0.0035,-0.1825,-0.204,-0.032,0.124
9/11/2015,9/4/2015,9/4/2015,9/4/2015,9/4/2015,-0.0183,0.0404,0.066,0.014,0.097
9/18/2015,9/11/2015,9/11/2015,9/11/2015,9/11/2015,0.0054,-0.0393,0.007,0.013,-0.033
9/25/2015,9/18/2015,9/18/2015,9/18/2015,9/18/2015,0.0082,0.0494,-0.004,0.006,0.049
10/2/2015,9/25/2015,9/25/2015,9/25/2015,9/25/2015,-0.0014,-0.018,0.014,-0.003,0.003
10/9/2015,10/2/2015,10/2/2015,10/2/2015,10/2/2015,-0.0141,0.1587,0.121,0.002,0.074
10/16/2015,10/9/2015,10/9/2015,10/9/2015,10/9/2015,0.0007,-0.1041,-0.1,-0.02,0.015
10/23/2015,10/16/2015,10/16/2015,10/16/2015,10/16/2015,0.0347,0.0194,0.065,0.004,0.085
10/30/2015,10/23/2015,10/23/2015,10/23/2015,10/23/2015,0.0017,-0.0603,0.038,0.02,0.12
11/6/2015,10/30/2015,10/30/2015,10/30/2015,10/30/2015,0.0287,-0.0715,-0.013,0.016,-0.037
11/13/2015,11/6/2015,11/6/2015,11/6/2015,11/6/2015,-0.002,-0.185,-0.177,-0.012,-0.052
11/20/2015,11/13/2015,11/13/2015,11/13/2015,11/13/2015,0.0091,0.0632,0.1354,0.037,-0.015
11/27/2015,11/20/2015,11/20/2015,11/20/2015,11/20/2015,0.005,-0.0141,0.0667,-0.023,-0.008
12/4/2015,11/27/2015,11/27/2015,11/27/2015,11/27/2015,-0.0283,0.0528,0.0291,0.005,0.112
12/11/2015,12/4/2015,12/4/2015,12/4/2015,12/4/2015,-0.0114,-0.0405,-0.2188,-0.03,0.023
12/18/2015,12/11/2015,12/11/2015,12/11/2015,12/11/2015,0.0102,0.1529,0.1379,0.012,0.031
12/25/2015,12/18/2015,12/18/2015,12/18/2015,12/18/2015,-0.0092,-0.0263,0.0111,0.041,0.09
1/1/2016,12/25/2015,12/25/2015,12/25/2015,12/25/2015,0.0102,-0.03,-0.0613,-0.011,0.148
1/8/2016,1/1/2016,1/1/2016,1/1/2016,1/1/2016,-0.00535,-0.0213,-0.0187,0.009,-0.012
1/15/2016,1/8/2016,1/8/2016,1/8/2016,1/8/2016,0.00259,0.1201,0.0564,0.035,-0.033
1/22/2016,1/15/2016,1/15/2016,1/15/2016,1/15/2016,0.01144,0.0879,0.0536,0.005,0.092
1/29/2016,1/22/2016,1/22/2016,1/22/2016,1/22/2016,-0.00402,0.0244,0.002,-0.018,-0.029
2/5/2016,1/29/2016,1/29/2016,1/29/2016,1/29/2016,-0.03237,0.1327,0.156,0.135,-0.011
2/19/2016,2/5/2016,2/5/2016,2/5/2016,2/5/2016,0.01073,0.0747,0.017,0.064,0.027
2/26/2016,2/19/2016,2/19/2016,2/19/2016,2/19/2016,0.01782,0.0343,0.094,0.066,0.019
3/4/2016,2/26/2016,2/26/2016,2/26/2016,2/26/2016,-0.00848,-0.0106,0.059,0.075,-0.009
3/11/2016,3/4/2016,3/4/2016,3/4/2016,3/4/2016,-0.01536,-0.1325,-0.094,-0.025,-0.023
3/18/2016,3/11/2016,3/11/2016,3/11/2016,3/11/2016,-0.01084,-0.1028,-0.064,-0.023,0.041
3/25/2016,3/18/2016,3/18/2016,3/18/2016,3/18/2016,0.0096,0.0931,0.055,0.088,0.014
4/1/2016,3/25/2016,3/25/2016,3/25/2016,3/25/2016,-0.02261,-0.025,0.039,0.002,0.003
4/8/2016,4/1/2016,4/1/2016,4/1/2016,4/1/2016,-0.00037,0.1244,0.033,-0.035,0.041
4/15/2016,4/8/2016,4/8/2016,4/8/2016,4/8/2016,0.01235,0.0364,0.022,0.015,-0.025
4/22/2016,4/15/2016,4/15/2016,4/15/2016,4/15/2016,0.00701,-0.0316,-0.029,0.03,0.003
4/29/2016,4/22/2016,4/22/2016,4/22/2016,4/22/2016,-0.02231,-0.1587,-0.118,-0.004,0.008
5/6/2016,4/29/2016,4/29/2016,4/29/2016,4/29/2016,0.00598,0.0492,-0.073,-0.035,0.074
5/13/2016,5/6/2016,5/6/2016,5/6/2016,5/6/2016,0.00856,0.0403,0.12,0.021,0.03
5/20/2016,5/13/2016,5/13/2016,5/13/2016,5/13/2016,0.00861,0.0822,0.038,-0.006,0.072
5/27/2016,5/20/2016,5/20/2016,5/20/2016,5/20/2016,0.01087,-0.135,-0.022,-0.009,0.009
6/3/2016,5/27/2016,5/27/2016,5/27/2016,5/27/2016,-0.0241,-0.0108,0.016,0.007,0.019
6/10/2016,6/3/2016,6/3/2016,6/3/2016,6/3/2016,0.01125,0.1715,0.072,-0.012,-0.035
6/17/2016,6/10/2016,6/10/2016,6/10/2016,6/10/2016,-0.0031,0.0618,0.047,0.031,0
6/24/2016,6/17/2016,6/17/2016,6/17/2016,6/17/2016,0.02314,0.012,-0.0161,-0.013,0.071
7/1/2016,6/24/2016,6/24/2016,6/24/2016,6/24/2016,-0.0094,0.0806,0.1071,0.038,0.01
7/8/2016,7/1/2016,7/1/2016,7/1/2016,7/1/2016,0.00828,0.0494,0.0392,0.07,0.049
7/15/2016,7/8/2016,7/8/2016,7/8/2016,7/8/2016,-0.00183,0.0542,0.0544,0.022,-0.005
7/22/2016,7/15/2016,7/15/2016,7/15/2016,7/15/2016,0.00767,-0.204,-0.1941,-0.057,-0.037
7/29/2016,7/22/2016,7/22/2016,7/22/2016,7/22/2016,-0.02083,0.0087,0.029,-0.004,0.057
8/5/2016,7/29/2016,7/29/2016,7/29/2016,7/29/2016,0.00938,0.1201,0.089,-0.041,0.005
8/12/2016,8/5/2016,8/5/2016,8/5/2016,8/5/2016,-0.00742,-0.1099,-0.048,-0.091,0.068
8/19/2016,8/12/2016,8/12/2016,8/12/2016,8/12/2016,-0.01591,0.0802,0.046,0.037,0.065
8/26/2016,8/19/2016,8/19/2016,8/19/2016,8/19/2016,0.01239,-0.0714,-0.052,-0.028,0
9/2/2016,8/26/2016,8/26/2016,8/26/2016,8/26/2016,0.00297,-0.0275,0.046,-0.005,0.006
9/9/2016,9/2/2016,9/2/2016,9/2/2016,9/2/2016,-0.00714,0.0169,-0.006,-0.054,0.001
9/16/2016,9/9/2016,9/9/2016,9/9/2016,9/9/2016,0.00812,-0.0605,-0.05,-0.006,0.011
9/23/2016,9/16/2016,9/16/2016,9/16/2016,9/16/2016,-0.00767,-0.0211,0.016,0.034,-0.019
9/30/2016,9/23/2016,9/23/2016,9/23/2016,9/23/2016,-0.00045,0.0725,0.084,0.008,0.027
10/14/2016,9/30/2016,9/30/2016,9/30/2016,9/30/2016,0.02191,0.0188,0.048,0.039,0.021
10/21/2016,10/14/2016,10/14/2016,10/14/2016,10/14/2016,0.00894,-0.0339,-0.047,-0.001,0.03
10/28/2016,10/21/2016,10/21/2016,10/21/2016,10/21/2016,-0.0103,0.0525,0.06,0.003,0.12
11/4/2016,10/28/2016,10/28/2016,10/28/2016,10/28/2016,-0.01611,-0.1156,-0.172,-0.01,-0.005
11/11/2016,11/4/2016,11/4/2016,11/4/2016,11/4/2016,0.02373,0.0724,0.037,-0.04,-0.053
11/18/2016,11/11/2016,11/11/2016,11/11/2016,11/11/2016,0.02439,-0.3311,-0.141,-0.031,-0.103
11/25/2016,11/18/2016,11/18/2016,11/18/2016,11/18/2016,-0.0005,-0.1164,0.082,-0.062,-0.095
12/2/2016,11/25/2016,11/25/2016,11/25/2016,11/25/2016,-0.00658,-0.0346,0.049,0.004,0.049
12/9/2016,12/2/2016,12/2/2016,12/2/2016,12/2/2016,-0.0025,-0.0582,-0.051,-0.007,-0.171
12/16/2016,12/9/2016,12/9/2016,12/9/2016,12/9/2016,0.01038,-0.086,-0.063,-0.02,-0.065
12/23/2016,12/16/2016,12/16/2016,12/16/2016,12/16/2016,-0.0001,-0.0819,0.098,-0.017,-0.255
12/30/2016,12/23/2016,12/23/2016,12/23/2016,12/23/2016,-0.00702,0.0377,0.101,0.031,0.085
1/6/2017,12/30/2016,12/30/2016,12/30/2016,12/30/2016,-0.00188,0.1136,0.013,0.012,0.234
1/13/2017,1/6/2017,1/6/2017,1/6/2017,1/6/2017,-0.01042,0.0583,-0.111,-0.013,-0.198
1/20/2017,1/13/2017,1/13/2017,1/13/2017,1/13/2017,-0.00739,0.0322,-0.032,0.008,0.032
1/27/2017,1/20/2017,1/20/2017,1/20/2017,1/20/2017,0.00071,-0.1124,-0.114,-0.01,-0.031
2/3/2017,1/27/2017,1/27/2017,1/27/2017,1/27/2017,-0.00653,-0.0522,-0.065,-0.018,-0.074
2/10/2017,2/3/2017,2/3/2017,2/3/2017,2/3/2017,0.0148,0.0119,0.072,-0.011,0.002
2/17/2017,2/10/2017,2/10/2017,2/10/2017,2/10/2017,0.00231,0.0539,0.095,0.012,0.071
2/24/2017,2/17/2017,2/17/2017,2/17/2017,2/17/2017,0.00583,0.0051,0.024,-0.004,0.087
3/3/2017,2/24/2017,2/24/2017,2/24/2017,2/24/2017,-0.00582,0.1263,0.136,0.025,0.035
3/10/2017,3/3/2017,3/3/2017,3/3/2017,3/3/2017,-0.00751,-0.1415,-0.153,-0.022,0.04
3/17/2017,3/10/2017,3/10/2017,3/10/2017,3/10/2017,-0.00583,-0.1001,-0.151,-0.014,-0.056
3/24/2017,3/17/2017,3/17/2017,3/17/2017,3/17/2017,-0.00563,0.0796,0.031,0.025,0.119
3/31/2017,3/24/2017,3/24/2017,3/24/2017,3/24/2017,0.01657,0.0792,0.035,0.004,0.044
4/7/2017,3/31/2017,3/31/2017,3/31/2017,3/31/2017,0.00652,-0.0307,0.054,-0.008,-0.03
4/14/2017,4/7/2017,4/7/2017,4/7/2017,4/7/2017,-0.00291,0.016,0.088,0.014,0.067
4/21/2017,4/14/2017,4/14/2017,4/14/2017,4/14/2017,-0.00901,0.1521,0.053,0.043,-0.029
4/28/2017,4/21/2017,4/21/2017,4/21/2017,4/21/2017,0.00056,-0.032,-0.075,-0.004,-0.039
5/5/2017,4/28/2017,4/28/2017,4/28/2017,4/28/2017,-0.00988,0.0269,0.037,0.009,0.013
5/12/2017,5/5/2017,5/5/2017,5/5/2017,5/5/2017,0.00838,-0.0577,-0.088,-0.006,-0.074
5/19/2017,5/12/2017,5/12/2017,5/12/2017,5/12/2017,-0.0271,0.0249,0.022,-0.024,-0.089
