Date,uk_b_w_delta,de_b_w_delta,ca_b_w_delta,jpy_b_w_delta,us_b_w_delta,cn_b_w_delta,usdcad_w_delta,gbpusd_w_delta,eurusd_w_delta,usdjpy_w_delta,audusd_w_delta,gbpjpy_w_delta
4/7/2006,0.002,-0.131,-0.143,-0.104,-0.08,-0.049,-0.0036,-0.0084,-0.0005,-0.5,-0.0016,-0.150
4/14/2006,-0.125,-0.07,-0.031,-0.078,-0.07,0.001,0.0137,-0.0293,-0.022,1.98,-0.0167,1.080
4/21/2006,-0.014,0,-0.022,0.072,0.02,-0.08,0.0188,-0.0392,-0.0261,1.88,-0.0122,-2.270
4/28/2006,-0.086,-0.004,-0.011,-0.025,-0.06,-0.057,-0.0043,-0.0319,-0.0184,1.9,-0.0013,0.020
5/12/2006,-0.06,-0.078,0.001,-0.054,-0.08,-0.011,-0.0087,0.0169,0.0171,-2.06,0.0162,-0.030
5/19/2006,0.143,0.102,0.108,0.08,0.12,-0.012,0.014,0.0167,0.0024,-0.87,-0.0017,0.100
5/26/2006,0.039,0.097,0.011,0.054,-0.04,0.012,0.0032,-0.0235,-0.0182,0.92,0.0057,-0.030
6/2/2006,-0.034,-0.041,-0.007,-0.055,0.06,0.005,-0.0045,0.043,0.0288,-2.28,0.003,0.550
6/9/2006,0.004,0.002,-0.042,0.069,0.01,-0.004,-0.0165,-0.0107,-0.0027,-1.09,0.0107,-0.730
6/16/2006,-0.043,-0.003,-0.013,0.031,-0.13,-0.035,-0.0008,0.0343,0.0142,-1.34,0.0059,0.500
6/23/2006,-0.125,-0.146,-0.222,-0.065,-0.08,0.006,0.0048,-0.0295,-0.0284,2.04,-0.0123,-1.300
6/30/2006,0.027,0.012,0.031,-0.055,0.09,-0.016,0.0034,-0.003,-0.0021,0.3,-0.0084,0.630
7/7/2006,0.06,0.009,0.081,-0.013,0.02,-0.016,-0.0138,0.0117,0.0163,-2.25,-0.002,-0.720
7/14/2006,0.064,0.079,0.059,0.122,0.09,-0.018,-0.01,-0.0209,-0.0059,0.21,0.001,0.470
7/21/2006,-0.033,0.028,0.067,0.028,0.02,0.015,0.0066,-0.0041,-0.0053,1.5,-0.0151,1.490
7/28/2006,0.033,0.029,0.048,-0.111,0.069,-0.065,0.0027,-0.0452,-0.0107,0.24,0.0013,-1.330
8/4/2006,-0.106,0.016,0.008,0.055,0.101,0.005,0.0014,0.0174,0.0162,-2.09,0.0005,-1.550
8/11/2006,-0.04,-0.073,-0.027,0.018,-0.056,0.024,0.0002,0.0085,-0.0111,0.56,0.0066,0.930
8/18/2006,0.168,0.076,0.144,-0.014,0.158,0.018,0.0165,-0.0056,0.0074,-1.53,0.0019,-1.460
8/25/2006,0.039,0.11,0.032,0.149,0.04,0.022,0.0049,-0.0181,-0.008,0.16,-0.0093,0.270
9/1/2006,0.053,0.045,0.103,0.038,0.075,0.006,-0.017,0.0403,0.0157,0.23,0.0131,0.330
9/8/2006,-0.044,-0.05,-0.014,-0.079,-0.018,0.008,0.002,-0.0155,0.0005,-0.6,0.0003,0.530
9/15/2006,-0.032,0.011,-0.006,0.065,-0.023,0.008,0.002,-0.022,-0.015,0.94,0.0017,-0.010
9/22/2006,0.116,0.078,0.13,0.035,0.205,0.027,-1E-04,0.028,0.0114,-1.7,0.0048,-0.390
9/29/2006,-0.019,-0.018,-0.012,-0.045,-0.05,0.077,-0.0113,0.0132,0.0077,-0.64,-0.0083,-0.120
10/13/2006,-0.076,-0.086,-0.09,-0.065,-0.084,0.036,0.0119,-0.0282,-0.0113,1.06,-0.0079,-1.580
10/20/2006,-0.023,-0.009,-0.015,-0.035,0.01,0.042,0.0057,-0.0159,-0.0122,1.12,-0.0096,0.460
10/27/2006,0.1,0.029,0.134,0.064,0.141,0.066,-0.0102,-0.0048,0.0012,-0.45,-0.0011,-0.710
11/3/2006,0,0.033,-0.045,0.024,-0.055,-0.009,-0.0029,-0.0091,-0.0124,0.48,0.0025,0.030
11/10/2006,0.078,0.06,0.11,0.064,0.141,0.006,-0.0154,0.017,0.0025,-0.24,-0.0019,0.170
11/17/2006,-0.044,-0.017,-0.006,-0.028,-0.021,-0.001,0.0117,-0.0376,-0.0271,1.98,-0.0093,-1.08
11/24/2006,0.022,0.023,0.029,0.056,0.043,-0.065,-0.0126,-0.0416,-0.0183,-0.04,-0.0082,-1.19
12/1/2006,0.075,0.044,0.107,0.063,0.143,0.021,-0.0061,0.0285,0.0159,-1.15,0.0051,-1.19
12/8/2006,-0.085,-0.065,-0.067,-0.1,-0.106,-0.019,-0.0087,0.001,0.0101,-1.79,0.0043,0.33
12/15/2006,-0.118,-0.053,-0.076,0.03,-0.047,0.011,-0.0003,-0.0053,-0.005,-0.84,-0.0026,-0.61
12/22/2006,-0.031,-0.084,-0.001,0.071,-0.027,0.003,-0.0084,0.0011,-0.0056,-0.31,-0.0037,0.21
12/29/2006,-0.001,-0.063,-0.074,-0.085,-0.092,-0.013,-0.0087,0.0328,0.0204,0.39,0.0107,2.29
1/5/2007,-0.061,-0.055,0.051,-0.019,0.012,-0.002,0.0031,-0.0284,0.0085,-1.6,-0.0048,-1.49
1/12/2007,-0.107,-0.084,-0.087,-0.025,-0.103,0.03,-0.0036,-0.014,-0.0034,-0.91,-0.0054,0.03
1/19/2007,-0.006,0.02,-0.001,0.08,-0.016,-0.001,-0.0072,0.0145,0.0037,-0.31,0.0154,-0.02
1/26/2007,-0.078,-0.038,-0.063,-0.026,-0.104,0,-0.0045,-0.0046,-0.0039,0.35,-0.0012,-0.53
2/2/2007,-0.018,0.025,0.009,-0.036,0.042,-0.009,0.0121,0.0162,-0.0051,-0.58,-0.0025,0
2/9/2007,0.039,-0.03,0.015,0.03,0.028,0.004,0.0107,0.0019,-0.0125,2.65,-0.01,-0.26
2/16/2007,0.092,0.037,0.073,-0.01,0.094,-0.03,-0.0178,0.0209,-0.0014,4.31,0.0098,3.35
3/2/2007,0.09,0.109,0.079,0.006,0.135,-0.02,0.005,0.0123,0.0092,-1.69,0.0021,-2.45
3/9/2007,-0.043,-0.018,-0.075,0.05,-0.1,-0.05,-0.0043,-0.0073,-0.02,1.64,-0.0145,0.63
3/16/2007,0.042,0.048,0.029,0.04,0.036,0,0.0157,-0.0217,0.0034,-1.85,-0.0112,0.28
3/23/2007,-0.122,-0.094,-0.062,-0.032,-0.052,-0.1,0.007,-0.0073,-0.0065,0.1,-0.0033,-0.15
3/30/2007,-0.054,-0.057,0.008,-0.044,-0.022,-0.02,0.0008,0.0039,-0.0007,-1.79,-0.0063,-0.41
4/6/2007,-0.035,-0.029,-0.052,-0.015,-0.036,0,0.0127,-0.021,-0.0155,0.01,-0.0168,-1.18
4/13/2007,-0.109,-0.135,-0.023,0.005,-0.023,-0.02,0.013,-0.0156,-0.0025,0.69,-0.0031,-0.44
4/20/2007,0.032,0.038,-0.003,-0.026,0.099,-0.1,0.0062,0.0082,-0.0044,-0.89,0.0082,-0.89
4/27/2007,-0.056,-0.018,-0.007,0.064,-0.032,-0.06,0.008,0.0048,0.0043,-0.99,0.0073,-0.2
5/4/2007,0.002,0.022,0.003,-0.007,0.04,0,-0.0037,0.0127,0.0072,-0.04,-0.0096,-1.19
5/11/2007,0.028,-0.02,0.034,-0.018,-0.018,-0.02,0.0225,0.0072,0.0021,-0.89,0.0088,0.33
5/18/2007,-0.043,-0.082,-0.128,0.003,-0.134,-0.09,0.0087,-0.0093,0.0073,-0.62,0.0063,-0.51
5/25/2007,-0.08,-0.063,-0.102,-0.085,-0.049,-0.18,0.0195,0.0017,-0.0002,-0.32,-0.0141,-0.96
6/1/2007,-0.056,-0.061,-0.101,-0.054,-0.095,0.05,0.0006,0.0124,0.0069,0.31,-0.0123,-0.6
6/8/2007,-0.101,-0.106,-0.107,-0.116,-0.17,-0.05,-0.0064,-0.0069,-0.0027,-1.67,0.0024,-1.83
6/15/2007,-0.091,-0.082,0.02,-0.043,-0.045,-0.17,-0.0004,-0.0235,-0.0084,-0.39,-0.0054,-1.12
6/22/2007,-0.045,-0.004,-0.044,0.04,0,-0.06,0.0032,-0.0097,-0.0065,0.62,-0.0012,-0.71
6/29/2007,0.032,0.08,0.094,0.026,0.08,0,0.0133,-0.0024,-0.008,-0.28,-0.0054,-0.76
7/6/2007,-0.121,-0.129,-0.154,-0.06,-0.164,-0.03,0.0011,-0.0227,-0.0154,1.5,-0.0127,0.45
7/13/2007,0.065,0.069,0.061,0,0.061,0,-0.0008,-0.0219,-0.0049,0.61,-0.0103,0.87
7/20/2007,0.173,0.176,0.073,0.049,0.135,0.02,-0.016,0.0311,0.02,3.01,0.0282,1.84
7/27/2007,0.1,0.111,0.054,0.101,0.162,0.05,0.0075,-0.0195,-0.017,0.17,-0.0061,1.76
8/3/2007,0.009,0.007,0.016,0.011,0.063,0.09,0.0033,0.0184,0.0141,-1.19,0.0096,-0.47
8/10/2007,-0.046,-0.057,-0.043,0.065,-0.094,0.03,-0.0058,0.0407,0.0209,3.94,0.0487,0.61
8/17/2007,0.154,0.066,0.09,0.13,0.149,-0.03,0.0093,-0.0332,-0.0198,-2.05,-0.0284,-1.29
8/24/2007,0.019,0.031,0.043,-0.015,0.052,0.12,-0.0036,-0.0033,0.0042,0.65,0.01,-0.28
8/31/2007,0.057,0.017,-0.03,-0.015,0.1,-0.01,0.0009,-0.0121,-0.0143,2.41,-0.0105,3.5
9/7/2007,0.092,0.132,0.142,0.02,0.146,-0.07,0.0243,0.0205,-0.0095,-2.51,-0.0151,0.13
9/14/2007,0.086,-0.051,-0.045,0.044,-0.086,0.06,0.0296,-0.0146,-0.0218,-0.25,-0.025,-3.06
9/21/2007,-0.213,-0.179,-0.069,-0.135,-0.158,-0.1,0.007,-0.0253,-0.0173,0.59,-0.0197,-0.69
9/28/2007,0.077,0.027,0.066,0,0.079,0.05,0.0085,0.006,-0.0026,-0.43,-0.0044,-0.84
10/12/2007,-0.127,-0.07,-0.059,-0.005,-0.061,0.01,0.005,-0.0163,-0.0128,2.95,0.0161,1.22
10/19/2007,0.192,0.217,0.188,0.1,0.29,-0.02,0.0044,0.0012,-0.0062,-0.19,-0.0294,-0.09
10/26/2007,0.041,0.024,0.002,-0.04,-0.013,-0.06,0.0271,-0.0348,-0.0089,-0.77,-0.0025,-2.04
11/2/2007,-0.033,0.005,-0.017,0.034,0.125,-0.04,-0.0087,-0.0013,-0.0161,3.94,0.0101,6.02
11/9/2007,0.127,0.097,0.067,0.055,0.08,-0.02,-0.0266,0.0282,-0.0015,-0.62,0.0129,-2.57
11/16/2007,0.104,-0.025,0.088,0.06,0.079,-0.01,-0.0126,-0.0091,-0.017,2.47,0.0166,0.5
11/23/2007,0.074,0.086,0.116,0.05,0.132,0.02,-0.0123,0.0051,0.0194,-2.73,-0.0062,-2.32
11/30/2007,-0.084,-0.064,0.032,-0.053,0.069,0.03,-0.0056,0.0256,-0.0007,-0.69,0.0093,-1.21
12/7/2007,-0.005,-0.085,-0.048,-0.095,-0.176,-0.01,-0.0129,0.0157,0.0226,-1.64,0.0155,0.68
12/14/2007,-0.154,-0.126,-0.103,0.02,-0.116,0.01,0.0264,0.0343,0.0029,-0.67,-0.0039,-1.56
12/21/2007,0.142,-0.005,0.053,-0.005,0.039,0.03,0.0099,-0.0133,-0.0352,1.71,-0.008,2.88
12/28/2007,0.097,0.002,0.054,0.07,0.08,0.04,-0.0227,0.0237,-0.0021,4.01,0.0048,1.77
1/4/2008,0.145,0.164,0.121,0,0.186,0.01,-0.0163,0.0175,-0.0026,-0.2,-0.0187,1.82
1/11/2008,-0.018,0.047,0.101,0.045,0.083,0.01,-0.0072,0.0037,0.0187,1.95,0.0131,1.27
1/18/2008,-0.027,0.114,-0.009,0.039,0.162,0,0.0184,-0.0255,-0.0086,0.09,0.0012,-0.15
1/25/2008,-0.092,-0.003,-0.116,-0.085,-0.067,0.09,0.0131,0.0179,-0.0112,0.29,-0.0241,2.24
2/1/2008,0.041,0.005,0.004,0.051,-0.04,0.11,-0.0048,0.0186,0.0291,-0.66,0.0074,-0.3
2/8/2008,0.072,0.07,0.012,0.01,-0.026,-0.02,-0.0075,-0.0146,-0.0157,-0.26,-0.012,0.93
2/15/2008,-0.18,-0.078,0,-0.036,-0.115,0,-0.0039,-0.0099,-0.0155,0.66,-0.0149,-0.12
2/22/2008,-0.082,-0.041,-0.067,0,0.063,-0.03,0.0249,-0.0183,-0.0343,3.51,-0.0069,3.11
2/29/2008,0.219,0.104,0.259,0.095,0.298,0.02,-0.004,-0.0277,-0.0153,0.62,0.0036,-0.49
3/7/2008,0.132,0.072,0.088,-0.019,0.021,0,0.0013,0.0012,-0.0274,3.12,-0.0099,4.61
3/14/2008,-0.007,0.043,0.065,0.086,0.096,0,-0.0363,0.034,0.0267,-0.9,0.0395,-0.67
3/21/2008,0.023,-0.033,-0.031,-0.006,0.045,0,0.0044,-0.0144,-0.0397,0.43,-0.0168,1.99
3/28/2008,-0.121,-0.184,0.05,0.001,-0.071,0.06,0.014,0.0026,0.0068,-2.58,-0.0062,1.88
4/4/2008,-0.04,-0.016,-0.08,-0.055,-0.047,0.04,-0.015,0.0253,-0.0082,0.72,-0.0066,1.71
4/11/2008,0.057,0.047,0.007,-0.039,0.061,0,0.0229,-0.0315,-0.0116,-2.41,-0.009,-3.13
4/18/2008,-0.325,-0.217,-0.154,-0.025,-0.313,0.01,-0.009,0.0138,0.0187,-0.67,0.0003,-1.59
4/25/2008,-0.063,-0.066,-0.061,-0.195,-0.131,-0.01,-0.0065,0.0126,0.0188,-0.96,0,-1.57
5/2/2008,0.05,-0.016,0.161,-0.004,0.041,-0.01,0.0149,0.019,-0.0052,2.5,-0.0085,1.93
5/9/2008,0.165,0.198,0.02,0.085,0.086,-0.02,0.0074,-0.0067,-0.0119,-1.05,-0.0144,0.18
5/16/2008,-0.217,-0.176,0.022,-0.139,-0.06,-0.03,0.0096,-0.0228,-0.0168,0.62,-0.0029,1.43
5/23/2008,-0.131,-0.078,-0.054,-0.035,0.019,-0.01,-0.0044,-0.001,0.0216,-2.16,0.0034,-0.5
5/30/2008,-0.06,-0.146,-0.078,-0.015,-0.169,-0.02,-0.0241,0.0065,-0.0217,0.34,-0.0077,0.64
6/6/2008,0.019,-0.018,0.04,-0.036,0.087,0,-0.0109,0.0226,0.0409,-3.67,0.0229,-0.81
6/13/2008,-0.263,-0.222,-0.229,-0.081,-0.329,-0.11,0.0129,-0.0287,-0.0207,0.74,-0.014,0.81
6/20/2008,0.082,0.031,0.048,0.095,0.088,-0.09,0.0054,-0.0197,-0.0164,1.07,-0.0078,0.74
6/27/2008,0.12,0.117,0.117,0.13,0.174,-0.12,-0.0077,0.0123,0.0072,-0.58,-0.0023,0.08
7/4/2008,0.078,0.022,0.009,-0.015,0.019,-0.05,0.0095,-0.0058,-0.0242,0.45,-0.0035,0.24
7/11/2008,0.055,0.076,-0.064,0.051,0.035,0.03,0.0014,-0.0066,0.0116,-0.79,1E-04,-1.3
7/18/2008,-0.145,-0.079,-0.019,0.03,-0.088,0.02,-0.0132,0.0042,0.0132,-0.94,0.0161,-1.52
7/25/2008,0.044,-0.023,-0.043,-0.009,-0.026,0.05,-0.008,0.0154,0.0132,0.19,0.0258,1.26
8/1/2008,0.176,0.262,0.17,0.064,0.143,0.03,-0.04,0.0538,0.0566,-2.55,0.0416,0.82
8/8/2008,0.144,0.085,0.045,0.041,0,-0.05,0.0086,0.0475,0.0252,-0.14,0.0202,-1.08
8/15/2008,0.116,0.092,0.04,0.014,0.087,0.06,0.0128,0.0121,-0.0111,0.39,0.0004,-0.21
8/22/2008,-0.03,-0.055,-0.048,0.015,-0.019,0.04,-0.0158,0.0306,0.0115,1.25,0.0094,2.04
8/29/2008,0.113,0.032,0.067,0.035,0.025,0.08,-0.0009,0.0453,0.0432,0.61,0.0408,-2.89
9/5/2008,0.054,0.168,0.07,-0.052,0.187,0.04,-0.0038,-0.0067,0.0149,1.01,0.0093,-5.18
9/12/2008,-0.208,-0.194,-0.068,-0.068,0.06,0.13,0.0175,-0.0324,-0.0169,-1.49,-0.0152,-5.15
9/19/2008,-0.01,-0.026,-0.214,0.047,-0.24,0.07,0.0149,-0.0116,-0.0124,0.86,0.0059,0.16
9/26/2008,0.094,0.034,0.012,0.018,0.023,0,-0.089,0.0577,0.0221,4.24,0.129,-1.33
10/10/2008,-0.09,-0.068,-0.273,-0.074,-0.327,0.49,-0.0138,-0.0147,0.0162,-0.67,-0.0093,0.4
10/17/2008,-0.194,-0.051,0.062,-0.059,0.092,0.04,-0.0952,0.1397,0.078,7.359,0.0695,9.4
10/24/2008,0.305,0.261,0.116,0.092,0.258,0.08,0.0633,-0.0356,-0.0152,-5.306,-0.0512,3.02
10/31/2008,-0.149,-0.144,-0.16,0.021,-0.318,0.13,0.0218,0.0474,0.0049,0.074,-0.0033,-1.78
11/7/2008,0.326,0.232,0.038,-0.044,0.157,0.07,-0.0552,0.1035,0.021,1.845,0.041,1.77
11/14/2008,0.12,0.015,0.107,0.023,0.077,0.11,-0.0286,-0.0246,-0.0048,0.343,0.007,-4.42
11/21/2008,0.216,0.267,0.166,0.096,0.547,-0.07,0.0267,-0.0406,-0.0084,0.47,-0.0188,-0.02
11/28/2008,0.09,0.137,0.161,0.002,0.276,0.04,-0.0339,0.071,-0.0031,2.67,0.0058,-0.86
12/5/2008,0.342,0.243,0.203,0.024,0.226,0.12,0.0251,-0.0238,-0.0648,1.58,-0.0172,1.22
12/12/2008,-0.156,-0.211,0.045,-0.02,0.164,-0.06,0.0305,0.0041,-0.0516,1.63,-0.0178,1.37
12/19/2008,0.424,0.289,0.285,0.159,0.451,0.17,-0.0039,0.0375,-0.0101,-1.5,-0.0023,0.85
12/26/2008,0.128,0.065,0.009,0.026,-0.006,-0.02,0.0154,0.0111,0.0154,-1.17,-0.0266,0.45
1/2/2009,0.02,-0.011,-0.076,0.036,-0.281,0,0.0206,-0.0612,0.0415,1.73,0.011,1.84
1/9/2009,-0.057,-0.025,0.05,-0.122,0.078,0.05,-0.0548,0.0336,0.0196,-0.63,0.0261,-1.9
1/16/2009,-0.155,0.09,0.185,0.07,0.119,-0.21,0.008,0.1073,0.039,2.32,0.0246,1.02
1/23/2009,-0.422,-0.291,-0.082,-0.014,-0.237,-0.12,0.008,-0.035,-0.0193,-2.19,-0.0395,-2.52
2/6/2009,-0.033,-0.078,0.012,-0.044,-0.146,-0.11,-0.016,0.0457,0.0109,0.19,0.0156,-2.17
2/13/2009,0.397,0.26,0.101,0.076,0.111,0.06,-0.0119,-0.0227,-0.0035,-1.51,0.0068,-0.26
2/20/2009,0.163,0.094,0.086,-0.019,-0.009,0.02,-0.0241,0.0083,0.0149,-4.07,0.0061,1.26
2/27/2009,-0.16,-0.102,-0.212,0.004,-0.186,0.04,-0.0092,0.0178,-0.0033,-0.61,-0.003,-0.08
3/6/2009,0.551,0.179,0.162,-0.02,0.135,-0.12,0.0129,0.0116,-0.0259,0.315,-0.0168,-1.31
3/13/2009,0.142,-0.143,0.073,-0.024,-0.019,0.07,0.0371,-0.0554,-0.0734,2.107,-0.0328,-1.81
3/20/2009,-0.053,0.1,0.157,0.054,0.346,-0.01,-0.0015,0.0161,0.0372,-2.16,-0.0009,2.68
3/27/2009,-0.235,-0.112,-0.178,-0.066,-0.114,-0.02,0.0115,-0.0598,-0.0253,-2.28,-0.025,-2.12
4/3/2009,-0.174,-0.109,-0.051,-0.091,-0.206,-0.04,0.0036,0.0173,0.0327,0.09,-0.003,0.27
4/10/2009,0.13,0.012,0.029,-0.035,-0.039,0,0.0117,-0.0155,0.0145,1.25,-0.0005,1.56
4/17/2009,-0.069,-0.062,-0.068,0.006,0.002,0.02,0.0043,0.0114,-0.0193,2.05,0,1.59
4/24/2009,-0.148,0.076,-0.022,0.02,-0.116,0,0.0256,-0.0258,-0.0029,-2.27,-0.0095,-2.23
5/1/2009,-0.094,0.02,-0.121,0.028,-0.225,0.01,0.0378,-0.031,-0.0355,0.82,-0.0358,-0.78
5/8/2009,-0.186,-0.263,-0.071,-0.049,-0.132,0.06,-0.0284,0.0051,0.0158,3.49,0.022,1.56
5/15/2009,0.186,0.081,0.047,0.023,0.105,0.02,0.0592,-0.0755,-0.0515,0.28,-0.0325,-1.43
5/22/2009,-0.207,-0.18,-0.156,-0.006,-0.349,-0.01,0.0306,-0.0258,-0.0133,-0.6,-0.0187,0.17
5/29/2009,-0.02,-0.051,-0.124,-0.052,-0.048,-0.01,-0.0287,0.0204,0.0162,-3.36,0.0096,-1.6
6/5/2009,-0.19,-0.124,-0.02,-0.013,-0.357,0,0.0021,-0.0479,-0.0071,0.18,-0.0186,0.16
6/12/2009,-0.051,0.108,-0.058,-0.018,0.03,-0.03,-0.0155,-0.0068,0.0048,2.12,0.0024,-0.93
6/19/2009,0.135,0.13,-0.04,0.069,-0.025,0,-0.0174,-0.0022,-0.0107,1.02,-0.003,-0.13
6/26/2009,0.121,0.112,0.088,0.048,0.218,-0.03,-0.0082,0.017,0.0081,-0.76,0.0094,-0.1
7/3/2009,-0.028,0.05,0.028,0.074,-0.011,-0.07,-0.0021,0.0074,0.0021,3.5,0.016,1.88
7/10/2009,-0.048,0.079,0.067,0.025,0.2,-0.04,0.0483,-0.0152,-0.0157,-1.78,-0.0231,0.26
7/17/2009,-0.071,-0.14,-0.226,-0.02,-0.356,-0.12,0.0284,-0.0089,-0.0087,-0.56,-0.0144,0.84
7/24/2009,-0.152,-0.079,-0.015,-0.058,0.02,0.04,0.0081,-0.0266,-0.0029,0.07,-0.0176,-0.64
7/31/2009,0.161,0.185,0.113,-0.036,0.21,-0.01,-0.0043,0.0035,0.0087,-2.77,-0.0018,-2.67
8/7/2009,0.002,-0.23,-0.161,-0.021,-0.289,0,-0.0155,0.013,-0.0027,2.76,0.0015,0.98
8/14/2009,0.104,0.186,0.147,0.055,0.298,0,0.0184,0,-0.0138,0.38,-0.0048,-0.33
8/21/2009,0.043,0.002,-0.054,0.07,-0.078,0.03,-0.0123,0.0237,0.0042,0.78,-0.0039,-0.19
8/28/2009,0.082,0.073,0.083,0,0.129,0.01,0.0035,-0.0126,0.0008,0.48,-0.0085,-1.27
9/4/2009,-0.069,-0.015,0.022,-0.016,-0.019,0.03,0.0095,-0.0262,-0.0265,2.3,-0.0117,1.77
9/11/2009,0.018,-0.008,0.052,0.021,0.11,0.01,0.0084,0.0414,-0.0111,-0.87,-0.0051,1.3
9/18/2009,-0.137,-0.134,-0.077,-0.038,-0.111,-0.01,-0.0205,0.0265,0.0004,1.82,-0.0017,3.56
9/25/2009,0.158,0.115,0.027,0.03,0.132,-0.03,0.0116,0.0024,0.0124,-0.16,0.0012,-0.37
10/2/2009,0.175,0.111,0.097,0.058,0.11,-0.01,0.0387,0.0085,-0.014,-0.27,-0.0383,-0.19
10/9/2009,-0.027,-0.079,-0.268,-0.03,-0.184,0,0.0056,-0.0496,-0.0187,-1.13,-0.0125,-1.36
10/16/2009,-0.159,-0.085,0.038,-0.045,-0.079,-0.18,-0.0142,0.0009,-0.0113,-1.1,-0.0078,1.62
10/23/2009,-0.075,-0.061,-0.002,-0.034,-0.056,0.03,-0.0336,-0.0118,0.0294,2,0.0221,3.45
10/30/2009,0.062,0.126,0.089,-0.046,0.105,-0.01,0.01,-0.0226,-0.012,-0.33,-0.0242,1.16
11/6/2009,-0.274,-0.14,-0.09,-0.039,-0.1,-0.01,0.0214,-0.0029,-0.0034,0.19,-0.012,0.37
11/13/2009,0.088,-0.009,0.053,0.109,0.089,-0.02,-0.0171,0.0207,0.0058,0.72,0.0192,1.43
11/20/2009,0.172,0.126,0.061,0.032,0.041,0,0.0087,-0.0019,-0.0138,2.34,0.0056,-0.09
11/27/2009,0.092,0.088,0.16,0.057,0.18,0.01,0.0024,0.0054,0.0156,-3.95,-0.0032,-3.03
12/4/2009,-0.163,-0.069,-0.093,-0.039,-0.247,0.06,-0.004,0.0207,0.0256,1.2,0.0035,-1.04
12/11/2009,-0.146,0.02,-0.083,0.007,-0.094,0,-0.0061,0.0062,0.0278,-1.2,0.0205,-0.97
12/18/2009,0.084,0.062,-0.04,0.052,-0.011,-0.01,0.0169,0.0109,-0.0073,0.264,-0.0254,0.61
1/8/2010,-0.024,0.026,0.019,-0.07,0.049,0,0.0018,-0.0203,0.0027,1.81,0.0052,1.44
1/15/2010,0.125,0.118,0.105,0.035,0.169,-0.02,-0.0281,0.0157,0.0214,1.08,0.02,1.72
1/22/2010,0.025,0.045,0.116,0,0.094,0.03,-0.0139,0.0121,0.0289,-0.32,0.0184,0.63
1/29/2010,0.015,0.019,0.036,0.005,0.029,0.05,-0.0029,0.0304,0.0185,0.97,0.0147,0.95
2/5/2010,0.013,0.055,0.011,-0.049,0.087,0.02,0.0196,-0.0103,0.0025,-0.78,-0.0198,-0.4
2/12/2010,-0.158,-0.078,-0.09,0.039,-0.116,0.02,-0.0129,0.0221,-0.0019,2.66,0.0046,0.47
2/26/2010,0.243,0.179,0.115,0.035,0.195,0.01,0.0232,0.0013,-0.0003,-1.34,-0.0101,-2.77
3/5/2010,0.009,-0.042,-0.069,-0.01,-0.065,0.06,0.008,-0.0053,-0.0125,-0.14,-0.0055,-1.15
3/12/2010,-0.033,-0.016,-0.059,-0.034,0.008,-0.09,0,0.0165,0.0232,0.06,0.002,2.05
3/19/2010,0.144,0.056,0.053,-0.021,0.008,0.07,-0.0105,0.0083,0.0109,-2.039,0.0102,-0.58
3/26/2010,-0.081,-0.036,-0.083,-0.015,-0.166,-0.04,0.0145,-0.0243,-0.003,-2.16,-0.0145,-0.32
4/2/2010,0.12,0.069,0.003,0.021,0.015,-0.05,0.0059,-0.0103,-0.0007,1.49,-0.0139,-0.54
4/9/2010,-0.125,-0.063,-0.074,-0.026,0.076,-0.04,-0.0082,0.0082,0.0124,0.93,0.0121,2.45
4/16/2010,0.09,0.094,-0.018,0.04,0.132,0.02,0.0162,-0.0086,0.0091,-1.97,-0.0069,-0.65
4/23/2010,-0.06,0.01,-0.018,0.03,-0.045,0.06,-0.0187,0.0116,0.0052,0.24,0.0019,1.03
4/30/2010,0.189,0.047,0.033,0.03,0.133,0.04,-0.0265,0.0511,0.0581,2.35,0.0351,-1.3
5/7/2010,0.077,0.224,0.164,0.006,0.266,0.02,-0.0038,0.0307,0.0577,0.19,0.0133,0.86
5/14/2010,0.089,0.059,0.154,-0.021,0.133,0.06,-0.0239,0.0065,-0.0222,2.35,0.054,-1.94
5/21/2010,0.183,0.156,0.086,0.06,0.255,0.05,0.0079,0.0013,0.0274,-0.87,-0.0158,0.87
5/28/2010,-0.02,-0.004,0.053,-0.014,-0.114,-0.03,-0.0107,-0.0021,0.0315,-0.91,0.0225,2.52
6/4/2010,0.068,0.092,0.024,-0.016,0.064,-0.04,0.0287,-0.0124,-0.0158,0.18,-0.0276,0.92
6/11/2010,0.05,0.002,-0.114,0.038,0.012,-0.03,0.0125,-0.0269,-0.0271,1.08,-0.0202,0.25
6/18/2010,-0.059,-0.152,0.121,0.031,0.072,-0.08,-0.0154,-0.0201,0.006,1.21,0.0069,-0.66
6/25/2010,0.149,0.14,0.171,0.056,0.184,0,-0.0271,-0.015,-0.0183,1.55,0.0328,-0.31
7/2/2010,0.021,0.028,0.089,0.047,0.111,0.09,0.0292,0.0129,-0.0085,-0.87,-0.0363,0.61
7/9/2010,0.01,-0.063,-0.152,-0.061,-0.086,0.03,-0.0256,-0.0236,-0.0285,2.12,0.0085,2.53
7/16/2010,0.011,0.027,0.043,0.069,0.104,0.01,0.0216,-0.0128,-0.0004,-0.78,-0.029,-2.01
7/23/2010,-0.11,-0.073,-0.055,0.02,-0.044,-0.02,0.0084,-0.0279,-0.0153,1.12,-0.009,-0.02
7/30/2010,0.117,0.069,0.111,0.001,0.082,-0.03,0.0023,-0.0215,-0.0219,0.93,-0.0122,0.14
8/6/2010,0.099,0.153,0.036,0.01,0.11,0,-0.0152,0.0396,0.0532,-0.817,0.026,-0.61
8/13/2010,0.098,0.12,0.09,0.074,0.127,0.02,-0.0062,0.0058,0.0055,0.657,-0.0005,0.05
8/20/2010,0.166,0.113,0.035,0.055,0.008,0.01,-0.002,0.0008,-0.0057,0.376,-0.0118,-1.24
8/27/2010,0.073,0.079,0.051,-0.074,-0.023,0.01,0.0114,0.0084,-0.0131,1.023,-0.0152,-0.55
9/3/2010,-0.108,-0.153,-0.084,-0.138,-0.11,0.02,0.0023,0.0088,0.0218,0.178,-0.0107,0.09
9/10/2010,-0.136,-0.044,-0.027,-0.014,-0.145,-0.03,0.0013,-0.0265,-0.0347,-1.651,-0.007,0
9/17/2010,-0.002,0,0.074,0.099,0.081,-0.03,0.0091,-0.0166,-0.0438,1.542,-0.0205,-0.88
9/24/2010,0.066,0.109,0.073,0.073,0.12,-0.03,0.0047,0.0004,-0.0307,1.083,-0.0121,-0.45
10/1/2010,0.07,0.055,0.057,0.042,0.025,-0.01,0.0079,-0.0157,-0.0156,1.47,-0.012,0.03
10/8/2010,0.092,0.026,0.064,0.092,0.107,0,0.0004,-0.0036,0.0028,0.125,-0.0005,0.17
10/15/2010,-0.067,-0.109,-0.107,-0.012,-0.221,-0.07,-0.0137,0.0297,0.002,0.083,0.0074,0.12
10/22/2010,-0.001,-0.091,0.036,-0.011,-0.032,-0.25,0.0063,-0.0376,0.0005,0.992,0.0014,0.18
10/29/2010,-0.122,-0.056,-0.074,-0.043,-0.081,-0.04,0.0182,-0.014,-0.006,-0.904,-0.0309,-0.13
11/5/2010,0.092,0.1,-0.047,0.003,0.048,-0.12,-0.0114,0.0073,0.0363,-1.203,0.0295,0.04
11/12/2010,-0.233,-0.095,-0.155,-0.067,-0.217,-0.08,-0.0046,0.0144,0.001,-1.036,0.0007,0.46
11/19/2010,-0.147,-0.143,-0.084,-0.068,0.016,0.11,-0.0048,0.0412,0.0496,-0.666,0.0243,0.76
11/26/2010,0.026,-0.006,0.03,-0.124,-0.024,-0.13,0.0148,-0.0177,-0.0141,1.513,-0.0257,0.5
12/3/2010,-0.039,-0.115,-0.058,-0.02,-0.18,0.13,-0.0056,-0.0033,0.0182,-1.237,0.0067,-0.55
12/10/2010,-0.102,-0.109,-0.154,0.01,-0.331,0.01,-0.0041,0.0265,0.0017,0.013,-0.0044,0.91
12/17/2010,-0.036,-0.036,0.138,0.004,0.036,0.03,0.0053,0.0076,0.0052,1.112,-0.0172,0.11
12/24/2010,0.032,-0.002,0.004,0.04,-0.105,0.01,0.0102,-0.0169,-0.0273,1.747,-0.0213,-0.93
12/31/2010,0.113,0.031,0.05,0.033,0.119,-0.04,0.0016,-0.0013,0.0434,-2.13,0.0257,-0.39
1/7/2011,-0.116,0.103,-0.07,-0.077,0.049,0.02,0.0022,-0.033,-0.0491,0.26,0.0056,-0.47
1/14/2011,-0.097,-0.16,-0.081,0,-0.019,-0.05,-0.0058,-0.013,-0.0252,0.305,0.0005,-0.2
1/21/2011,-0.08,-0.131,-0.085,-0.013,-0.128,-0.05,-0.0075,0.0132,-0.0004,0.55,-0.0051,1.73
1/28/2011,0.043,0.03,0.082,-0.006,0.085,-0.01,0.014,-0.0278,-0.0004,-0.055,-0.025,-0.7
2/4/2011,-0.168,-0.102,-0.207,-0.065,-0.295,-0.01,-0.0008,0.0089,0.0018,-1.165,0.0116,0.51
2/11/2011,0.026,-0.022,0.01,-0.005,0.024,-0.02,0.0006,-0.0251,-0.0165,0.285,-0.0137,-0.46
2/18/2011,0.065,0.044,0.013,0.006,0.057,0.09,0.0074,0.0133,-0.0059,1.445,-0.0035,0.62
2/25/2011,0.188,0.107,0.102,0.056,0.103,0.08,0.0049,-0.0185,-0.0239,-0.645,0.0016,0.18
3/4/2011,-0.023,-0.129,-0.057,-0.052,-0.067,0.05,-0.0013,0.0194,0.0091,0.38,0.0015,1.54
3/11/2011,0.085,0.052,0.086,0.05,0.134,0,-0.0105,-0.0149,-0.0228,0.915,0.0139,-3.07
3/18/2011,0.131,0.022,0.104,0.04,0.111,0.05,0.004,0.019,0.0098,-0.465,-0.0304,0.1
3/25/2011,-0.104,-0.076,-0.069,-0.01,-0.138,-0.01,0.0182,-0.0101,-0.0191,-2.665,-0.0142,-2.03
4/1/2011,-0.09,-0.078,-0.1,-0.06,0.016,0.01,0.0089,-0.0274,-0.0254,-0.605,-0.0178,-0.1
4/8/2011,-0.097,-0.114,-0.046,-0.04,-0.16,0.02,-0.0036,0.0057,0.0024,1.805,-0.001,0.81
4/15/2011,0.209,0.113,0.162,0.034,0.186,0.04,0.0048,-0.0195,-0.0144,1.28,-0.0187,0.06
4/22/2011,0.075,0.115,-0.023,0.071,-0.026,0,0.008,-0.0187,-0.0248,0.635,-0.0213,0.03
4/29/2011,0.097,0.021,0.083,0.01,0.089,0.02,-0.0216,0.0347,0.0509,0.485,0.0271,-0.34
5/6/2011,0.1,0.075,0.023,0.064,0.155,0.01,-0.0023,0.0187,0.0248,-0.005,0.0134,1.22
5/13/2011,0.017,0.096,0.001,0.02,-0.012,0,-0.0045,-0.0054,-0.0083,-0.835,-0.0091,-0.1
5/20/2011,0.024,0.024,0.028,-0.004,0.017,0,-0.0021,-0.0282,-0.0186,0.965,-0.0062,-0.06
5/27/2011,0.02,0.08,0.035,0,0.033,0,-0.0005,0.006,-0.0327,0.52,-1E-04,0.63
6/3/2011,0.006,-0.07,0.079,-0.01,0.089,0.01,-0.0027,0.0194,0.028,-0.06,0.0195,1.21
6/10/2011,0.061,0.09,-0.017,-0.015,0.029,-0.03,-0.001,0.0044,0.002,0.27,-0.0098,0.7
6/17/2011,0.011,0.003,0.064,0.005,0.049,-0.1,-0.0081,0.0205,0.0089,-0.31,0.0111,0.48
6/24/2011,0.058,0.113,0.05,0.02,0.029,0.05,0.0294,-0.0112,-0.0337,-0.455,-0.0284,-0.66
7/1/2011,-0.259,-0.202,-0.262,-0.035,-0.317,0.01,-0.0042,0.0002,0.0274,0.21,0.0017,0.27
7/8/2011,0.185,0.197,0.174,-0.021,0.135,-0.02,0.0076,-0.0106,0.0063,1.425,0.0065,0.11
7/15/2011,0.088,0.132,0.052,0.052,0.04,-0.04,0.0065,-0.0186,-0.0236,0.555,-0.0217,0.1
7/22/2011,-0.049,-0.136,-0.073,-0.032,-0.087,-0.17,-0.0072,-0.0094,0,1.45,-0.0149,1.1
7/29/2011,0.225,0.291,0.148,0.009,0.159,-0.01,-0.027,0.0008,0.0081,-1,0.0553,0.05
8/5/2011,0.214,0.202,0.147,0.059,0.234,-0.08,-0.0049,0.0183,0.012,1.485,0.006,0.03
8/12/2011,0.24,0.093,0.095,-0.041,0.26,0.15,-0.002,-0.0175,-0.0136,0.355,-0.0038,0.32
8/19/2011,0.156,0.214,0.166,0.054,0.198,0,0.01,0.0108,-0.0126,0.14,-0.0186,0.57
8/26/2011,-0.132,-0.054,-0.076,-0.065,-0.073,-0.01,-0.0039,0.0122,0.0287,-0.125,-0.0069,-0.06
9/2/2011,0.06,0.143,0.108,0.008,0.229,0,-0.0109,0.0272,0.0476,-0.64,0.0155,0.62
9/9/2011,0.127,0.238,0.19,0.036,0.033,-0.01,0.0193,0.0043,-0.023,0.72,0.0051,-0.07
9/16/2011,-0.22,-0.081,-0.201,-0.014,-0.18,-0.02,-0.0466,0.0285,0.0182,0.33,0.0511,-1.18
9/23/2011,0.056,0.124,0.178,0.019,0.184,0,-0.022,-0.0105,0.0123,-0.47,0.0122,-0.12
9/30/2011,-0.067,-0.126,-0.075,-0.051,-0.075,-0.02,0.0283,-0.027,-0.0495,-0.415,-0.0579,-1
10/14/2011,-0.143,-0.223,-0.163,-0.01,-0.156,-0.01,0.0037,-0.0128,-0.0015,0.865,-0.005,-0.41
10/21/2011,0.077,0.114,0.046,0.017,0.03,0.06,0.0179,-0.0176,-0.028,0.32,-0.0371,0.05
10/28/2011,-0.082,-0.066,-0.067,-0.034,-0.124,-0.01,-0.0255,0.0089,0.0353,-2.49,0.0309,-0.26
11/4/2011,0.291,0.379,0.228,0.051,0.186,0.05,0.0059,-0.0009,0.0066,0.94,0.0132,-0.29
11/11/2011,0.023,-0.066,0.012,0.026,-0.03,0.1,-0.0169,0.027,0.0253,0.275,0.0307,-0.21
11/18/2011,0.022,-0.079,0.011,0.027,0.085,-0.07,-0.0199,0.0354,0.0286,-0.835,0.0287,-0.52
11/25/2011,-0.055,-0.287,0.016,-0.073,-0.01,0.02,0.0245,-0.0103,-0.0078,-0.51,-0.0414,0.25
12/2/2011,0.009,0.136,0.063,0.016,0.022,0.14,0.0016,-0.0071,0.0024,0.425,0.0015,-0.37
12/9/2011,0.132,0.006,0.077,0.054,0.03,-0.03,-0.018,0.01,0.0318,-0.13,0.0208,-0.06
12/16/2011,0.087,0.309,0.195,0.045,0.174,-0.01,0.0181,-0.0058,-0.0009,-0.295,-0.018,0.89
12/23/2011,-0.006,-0.104,-0.133,-0.002,-0.172,-0.01,-0.0016,0.007,0.0082,1.17,-0.0043,0.05
12/30/2011,0.058,0.096,0.068,-0.01,0.16,0.05,-0.0086,0.008,0.0224,0.145,-0.0004,0.83
1/6/2012,0.001,-0.025,0.039,0.01,-0.01,0,0.0063,0.0099,0.0013,-0.155,-0.012,-0.12
1/13/2012,0.059,0.083,0.038,0.04,0.122,-0.01,0.0108,-0.028,-0.0293,-0.12,-0.0189,-0.56
1/20/2012,-0.157,-0.173,-0.123,-0.038,-0.128,0.02,0.0083,-0.0088,0.0056,0.16,-0.0138,-0.72
2/3/2012,-0.136,-0.109,-0.082,0.019,-0.107,-0.04,-0.0078,0.0063,-0.0071,-1.07,0.0088,0.49
2/10/2012,0.044,-0.003,-0.033,-0.004,-0.045,-0.09,0.0034,-0.0035,0.0099,-1.905,0.0002,-1.24
2/17/2012,-0.038,0.004,0.014,0.035,-0.01,-0.05,-0.0062,-0.0011,-0.0246,-1.45,0.0079,-2.99
2/24/2012,0.146,0.075,0.047,-0.019,0.046,-0.02,0.0101,0.0059,0.026,-0.205,-0.0021,-0.05
3/2/2012,-0.06,0.078,0.038,0.006,-0.047,-0.04,-0.0005,0.0161,0.0074,-0.625,0.0152,-0.2
3/9/2012,-0.011,0.028,-0.074,-0.001,-0.045,0.02,-0.001,-0.0178,-0.0059,-0.98,-0.0021,-0.88
3/16/2012,-0.303,-0.258,-0.24,-0.059,-0.295,0,-0.007,-0.0025,-0.0089,1.155,0.0136,-0.01
3/23/2012,0.156,0.181,0.032,0.013,0.037,-0.01,-0.0007,-0.0139,-0.0073,-0.42,0.0128,-1.2
3/30/2012,0.08,0.079,0.086,0.041,0.053,0.01,-0.0022,0.0046,0.002,0.645,-0.0075,0.84
4/13/2012,0.049,-0.056,0.071,0.021,0.032,-0.03,0.0069,-0.0272,-0.0149,-0.585,-0.0016,-0.47
4/20/2012,-0.149,0.008,-0.085,-0.001,0,-0.01,0.0124,-0.0138,-0.0065,1.31,-0.0096,0.47
4/27/2012,0.029,-0.004,-0.067,0.025,-0.013,0,-0.0149,0.0118,0.0156,0.49,0.0278,0.81
5/4/2012,0.135,0.119,0.055,-0.002,0.039,0.01,-0.0045,0.0077,0.0106,-0.187,0.0134,0.42
5/11/2012,0.007,0.045,-0.001,0.01,0.032,0.02,-0.0204,0.0246,0.0111,0.964,0.0168,0.25
5/18/2012,0.099,0.072,0.031,0.027,0.079,0.09,-0.0079,0.0147,0.0263,-0.452,0.0089,-0.12
5/25/2012,0.083,0.073,0.097,-0.044,-0.01,0.03,-0.0141,0.0325,0.0144,1.609,0.0112,0.9
6/1/2012,0.244,0.237,0.17,0.065,0.259,-0.01,0.012,-0.0098,-0.0082,-1.38,-0.0208,0.79
6/8/2012,-0.015,-0.147,-0.129,-0.06,-0.137,0.03,0.0003,-0.0194,-0.0004,0.756,-0.0096,-0.26
6/15/2012,0.025,-0.014,0.066,0.023,0.047,-0.06,-0.0042,0.0138,0.0169,-1.483,0.0063,-0.29
6/22/2012,-0.013,-0.045,-0.075,0.041,-0.105,0,0.0092,-0.0116,-0.0114,0.678,-0.0191,-2.12
6/29/2012,-0.053,-0.003,0.014,0.003,-0.034,0.04,-0.0028,0.0212,0.0382,0.257,0.005,0.66
7/6/2012,0.112,0.268,0.045,0.05,0.099,0.04,0.006,-0.0089,0.0019,0.465,-0.0046,-1.03
7/13/2012,0.045,0.076,0.022,0.027,0.025,0.01,0.0014,-0.0034,0.0095,0.75,-0.014,0.93
7/20/2012,0.04,0.097,0.016,0.027,0.017,-0.02,0.0108,-0.0137,-0.0197,0.04,-0.0125,-0.91
7/27/2012,-0.07,-0.25,-0.181,0.001,-0.155,0.01,0.0029,0.0093,-0.0083,0.005,-0.0093,-1.31
8/3/2012,-0.031,-0.006,-0.024,0.015,-0.036,0,0.0103,-0.0051,0.0103,0.345,-0.0001,0.1
8/10/2012,-0.006,0.045,0.006,-0.047,-0.091,0,0.0021,-0.0018,-0.0047,-1.275,0.014,-0.06
8/17/2012,-0.144,-0.111,-0.138,-0.062,-0.155,-0.03,-0.0031,-0.0107,-0.0173,0.933,0.0026,0.19
8/24/2012,0.195,0.167,0.156,0.022,0.157,-0.03,0.0054,-0.0049,-0.0066,0.27,0.0096,-0.25
8/31/2012,0.046,0.013,0.054,0.012,0.116,-0.04,0.0079,-0.0125,-0.0236,0.087,-0.0093,0.47
9/7/2012,-0.076,-0.19,-0.065,-0.03,-0.096,-0.06,0.0053,-0.0199,-0.0324,-0.153,-0.0183,-1.99
9/14/2012,-0.299,-0.193,-0.109,0.016,-0.19,-0.1,-0.0064,-1E-04,0.0141,0.227,0.0103,0.06
9/21/2012,0.13,0.12,0.12,0.025,0.09,0.03,-0.0068,0.0094,0.0121,0.243,0.0073,0.23
9/28/2012,0.09,0.12,0.093,0.023,0.088,0.05,-0.0016,0.0069,0.0071,0.24,-0.0068,-0.23
10/12/2012,0.037,0.038,0.018,0.025,0.057,-0.06,-0.015,0.0078,-0.0065,-0.903,-0.0081,0.28
10/19/2012,-0.143,-0.141,-0.05,-0.011,-0.091,-0.01,-0.0025,-0.009,0.0082,-0.356,-0.0053,1.3
10/26/2012,0.027,0.059,0.034,-0.003,0.053,-0.03,0.0036,0.0064,0.0088,-0.766,0.0012,0.38
11/2/2012,-0.003,0.059,0.029,-0.011,0.004,-0.03,-0.006,0.0126,0.0111,1.035,-0.0042,0.67
11/9/2012,0.123,0.086,0.037,0.043,0.078,-0.01,-0.0009,0.0023,-0.0026,-1.848,0.0051,-0.5
11/16/2012,-0.005,0.011,0.012,-0.006,0.027,-0.04,0.0086,-0.0137,-0.0233,-1.003,-0.0106,-0.66
11/23/2012,-0.09,-0.097,-0.069,-0.011,-0.081,-0.02,-0.0019,0.0014,-0.0012,-0.096,0.0031,-0.26
11/30/2012,0.069,0.047,0.075,0.017,0.057,0.04,0.0053,-0.0015,0.0068,-0.107,-0.0058,-0.05
12/7/2012,0.026,0.078,0.004,0.01,0.017,-0.05,0.0009,-0.014,-0.0269,-0.929,-0.008,-0.3
12/14/2012,-0.14,-0.074,-0.108,-0.023,-0.098,0.019,-0.0079,0.0006,-0.0005,-0.134,0.0162,1.06
12/21/2012,-0.009,0.007,0.001,-0.034,-0.048,-0.025,-0.0038,-0.0011,-0.0039,-1.629,0.0033,-0.12
12/28/2012,0.076,0.067,0.035,-0.039,0.056,0.02,0.0078,0.0091,0.0147,-2.327,-0.0103,-1.05
1/4/2013,-0.232,-0.159,-0.178,-0.033,-0.219,-0.03,0.0009,-0.0058,-0.0266,-0.862,-0.0025,-0.08
1/11/2013,0.014,-0.055,-0.018,0.023,0.029,0.03,-0.0074,0.0255,0.0048,-0.488,0.0023,0.91
1/18/2013,0.051,0.017,0.015,0.064,-0.007,0.036,-0.0134,0.0055,-0.0149,-0.714,0.0078,-0.78
1/25/2013,-0.049,-0.07,-0.007,0.022,-0.082,0.01,0.0102,0.008,-0.0182,-1.725,0.0009,-0.13
2/1/2013,-0.036,-0.004,-0.092,-0.021,-0.052,-0.02,-0.0057,-0.0095,0.0283,0.122,0.0097,0.82
2/8/2013,0.032,0.105,0.088,0.003,0.049,0.018,-0.0133,0.0326,0.0155,0.472,-0.0043,0.17
2/22/2013,0.062,0.066,0.031,0.026,0.042,0.013,-0.0037,0.0053,0.0175,0.618,0.0086,-0.12
3/1/2013,0.28,0.164,0.151,0.073,0.126,-0.08,-0.0013,0.0113,0.0013,-2.452,-0.0038,-0.76
3/8/2013,-0.192,-0.131,-0.145,0.005,-0.217,-0.03,0.0094,-0.0206,-0.0087,0.89,-0.0202,0.89
3/15/2013,0.101,0.051,0.019,0.031,0.048,-0.031,-0.0003,-0.012,-0.0084,0.38,-0.009,0.35
3/22/2013,0.034,0.001,0.045,0.046,0.036,-0.04,0.0057,0.0034,0.0155,0.446,0.0039,0.08
3/29/2013,0.097,0.108,-0.023,0.025,0.115,-0.05,-0.001,-0.0138,-0.0185,-3.277,0.0024,-2.88
4/5/2013,0.124,0.061,0.168,0.067,0.189,0.104,0.0031,-0.0014,-0.0119,-0.109,-0.0139,2.62
4/12/2013,-0.084,-0.039,0.003,-0.094,0.002,0.15,-0.0124,0.0111,0.0052,-1.118,0.0224,-1.48
4/19/2013,0.076,0.012,0.008,0.042,0.006,-0.005,0.0087,-0.0241,0.0043,1.73,-0.0007,1.54
4/26/2013,0.018,0.053,0.014,-0.012,0.052,0.05,0.0089,-0.009,-0.0056,-1.027,-0.0031,-2.11
5/3/2013,-0.026,-0.024,-0.054,0.035,-0.09,0.147,-0.0037,0.0208,0.0133,-2.446,0.0294,-0.61
5/10/2013,-0.164,-0.138,-0.131,-0.131,-0.153,-0.082,-0.018,0.0189,0.0151,-1.51,0.0283,-0.5
5/17/2013,0.007,0.044,-0.038,-0.081,-0.034,0.12,-0.0046,0.0063,-0.009,1.49,0.0106,1.16
5/24/2013,0.02,-0.075,-0.008,-0.027,-0.076,-0.03,-0.0053,-0.0064,-0.006,0.79,0.0082,0.84
5/31/2013,-0.055,-0.08,-0.149,-0.021,-0.122,-0.005,0.0171,-0.0385,-0.023,3.04,0.0108,0.23
6/7/2013,-0.054,-0.037,-0.028,0.006,0.007,-0.04,0.0049,-0.0173,-0.0147,3.806,-0.0171,2.58
6/14/2013,-0.002,0.031,-0.043,0.031,0.06,-0.05,-0.0283,0.0289,0.0226,-3.586,0.0335,0.11
6/21/2013,-0.314,-0.192,-0.293,-0.06,-0.397,-0.12,-0.004,0.018,0.0087,-1.232,0.0088,-0.68
6/28/2013,0.05,0.043,0.041,0.032,0.175,0.05,-0.0055,0.0322,0.0183,-2.01,0.0066,0.25
7/5/2013,-0.043,0.018,-0.145,-0.002,-0.194,-0.07,0.0186,-0.0227,-0.0254,1.924,-0.001,0.26
7/12/2013,0.146,0.142,0.118,0.043,0.122,-0.01,0.002,-0.0166,-0.0078,-1.106,-0.0111,-0.21
7/19/2013,0.044,0.033,0.082,0.012,0.144,-0.12,0.0091,-0.0115,-0.0146,2.08,-0.0097,1.59
7/26/2013,-0.063,-0.15,-0.112,0.022,-0.086,0,-0.0108,0.0094,-0.0006,-0.52,0.0356,-0.68
8/2/2013,-0.098,0,-0.044,-0.016,-0.039,0.03,0.0096,-0.0227,-0.0067,2.786,-0.0282,0.9
8/9/2013,-0.059,-0.039,0.028,0.059,0.037,-0.13,-0.0045,-0.0126,0.0003,-1.218,-0.0006,-0.28
8/16/2013,-0.226,-0.199,-0.261,0.002,-0.238,-0.1,-0.0169,0.0049,-0.005,-1.037,0.0154,0.19
8/23/2013,0.021,-0.028,0.039,-0.018,0.028,-0.13,-0.0019,0.0079,0.0168,0.443,0.0128,0.28
8/30/2013,-0.109,0.07,0.075,0.047,0.075,-0.02,0.0119,-0.0107,0.0038,-0.707,-0.0254,1.31
9/6/2013,-0.112,-0.056,-0.083,-0.059,-0.101,-0.03,0.0056,-0.0246,-0.013,0.52,-0.005,-0.27
9/13/2013,0.041,-0.017,-0.013,0.064,0.003,-0.04,0.0009,-0.0072,-0.0151,-0.52,-0.0055,0.23
9/20/2013,-0.045,-0.011,0.052,0.028,0.077,0.15,0.0006,-0.0147,0.001,1.031,0.0059,0.15
9/27/2013,0.23,0.166,0.164,0.015,0.12,0,0.0024,0.0124,-0.0072,0.327,-0.0128,1
10/4/2013,-0.059,-0.085,-0.062,0.031,-0.046,0,-0.0057,0.0068,0.0011,-1.269,-0.0037,-0.29
10/11/2013,-0.035,-0.047,-0.027,-0.004,-0.057,0.15,0.0069,-0.0199,-0.0124,0.313,-0.0239,0.02
10/18/2013,0.012,0.016,0.104,0.035,0.125,-0.02,-0.0162,-0.0008,-0.0125,0.537,0.0078,0.11
10/25/2013,0.105,0.085,0.12,0.011,0.089,-0.01,0.0031,0.025,0.0323,-1.143,0.0152,0.69
11/1/2013,-0.013,0.069,-0.084,0.013,-0.102,0.11,-0.0057,-0.0085,0.0131,-0.466,0.0064,-0.75
11/8/2013,-0.133,-0.069,-0.121,0.005,-0.132,-0.08,0.0038,-0.0111,-0.0134,-1.055,0.0008,-0.75
11/15/2013,0.012,0.042,0.084,-0.04,0.054,-0.05,-0.0086,-0.0097,-0.0057,-1.07,0.0207,-0.49
11/22/2013,-0.056,-0.052,-0.008,0.021,-0.049,-0.03,-0.0093,-0.0133,-0.0031,-1.14,0.0059,-0.53
11/29/2013,0.028,0.054,0.029,0.023,0.018,0.2033,-0.0037,0.003,-0.0114,-0.38,0.0019,-1.81
12/6/2013,-0.101,-0.138,-0.1,-0.071,-0.102,-0.06,0.0048,0.0053,-0.0024,-0.08,0.0158,1.06
12/13/2013,0.006,0.018,0.034,-0.007,-0.022,-0.07,-0.0057,-0.0043,0.0056,-0.92,0.0022,0.52
12/20/2013,-0.057,-0.053,-0.005,0.006,-0.037,-0.03,-0.0065,-0.0145,-0.007,-1.22,0.0058,-1.23
12/27/2013,-0.117,-0.074,-0.098,-0.03,-0.09,0.01,0.0067,0.0085,0.0179,0.54,-0.009,0.5
1/3/2014,0.046,0.015,0.017,-0.032,-0.004,0.06,-0.0268,-0.0073,-0.0065,0.78,-0.0047,1.13
1/10/2014,0.137,0.081,0.182,0.046,0.113,0.02,-0.0069,0.0077,0.0138,-0.2,0.0218,-0.53
1/17/2014,0.035,0.091,0.051,-0.016,0.026,0.09,-0.0107,-0.0085,-0.0143,2.04,0.0078,3.26
1/24/2014,0.062,0.094,0.093,0.043,0.105,0.07,-0.0072,0.004,0.0195,-0.12,-0.0057,1.59
1/31/2014,0.079,0.008,0.069,0.011,0.082,-0.05,0.008,0.0012,-0.0151,-0.12,-0.0197,-1.48
2/7/2014,0.008,-0.002,-0.026,0,-0.012,-0.01,0.0055,-0.0336,-0.0077,0.8,-0.0084,-0.18
2/14/2014,-0.088,-0.018,-0.06,0.022,-0.07,-0.01,-0.0157,0.0122,-0.0036,-0.84,0.0084,-0.19
2/21/2014,0.028,0.025,0.033,-0.005,-0.004,-0.02,0.003,-0.0112,-0.0065,0.78,0.0046,0.1
2/28/2014,0.057,0.036,0.102,0.013,0.081,0.12,-0.0009,0.0017,-0.0098,-1.82,-0.0165,-0.23
3/7/2014,-0.13,-0.074,-0.147,-0.037,-0.178,-0.08,-0.0014,0.0079,-0.0036,1.84,0.0029,0.66
3/14/2014,0.104,0.085,0.152,0.004,0.157,0.04,-0.0122,0.0149,0.0113,-0.85,-0.0063,0.51
3/21/2014,-0.088,-0.09,-0.089,0.021,-0.078,-0.01,0.0167,-0.0151,0.0041,-0.6,-0.0151,-1.34
3/28/2014,0.045,0.093,0.063,-0.028,0.056,0,0.0076,0.0064,0.0051,-0.36,-0.0035,1.25
4/4/2014,0.044,-0.007,-0.016,-0.019,0.018,-0.01,1E-04,-0.0164,-0.0183,1.71,-0.011,0.17
4/11/2014,0.069,0.034,0.088,0.038,0.109,0,-0.0048,-0.0055,0.0046,-0.83,0.0065,-0.05
4/18/2014,-0.056,-0.013,-0.046,-0.002,-0.084,0.14,-0.0012,-0.0003,-0.0021,0.29,0.0062,0.21
4/25/2014,0.038,0.045,0.045,-0.018,0.056,0.06,0.0055,-0.0072,-0.0031,-0.1,0.0003,0.28
5/2/2014,0.012,0.042,0.071,0.014,0.089,0.05,0.0081,0.0025,0.0116,0.44,-0.0075,0.55
5/9/2014,-0.039,-0.004,-0.018,0.002,-0.047,0.21,0.0042,0.0032,0.0059,0.32,-0.0006,-0.24
5/16/2014,0.154,0.137,0.107,0.021,0.127,-0.06,-0.0008,-0.0004,0.0066,-0.47,0.0136,0.05
5/23/2014,-0.076,-0.091,-0.026,-0.007,-0.012,0.06,0.0028,0.0071,-0.0007,0.18,-0.0074,-0.57
5/30/2014,0.077,0.059,0.063,0.011,0.082,0.04,-0.0087,-0.0047,-0.0013,-0.72,-0.0023,-0.1
6/6/2014,-0.074,0.013,-0.064,-0.018,-0.101,-0.05,0.0072,-0.0164,0.0106,0.56,-0.0065,-0.9
6/13/2014,-0.065,-0.004,0.026,-0.009,0.013,-0.02,0.0103,-0.004,-0.006,-0.06,0.0016,-0.02
6/20/2014,-0.021,0.013,-0.012,0.019,-0.043,0.04,0.0095,-0.0022,-0.0054,0.66,-0.0045,0.3
6/27/2014,0.124,0.088,0.048,0.02,0.067,-0.01,0.0007,-0.0123,0.0051,-0.63,0.0058,0.19
7/4/2014,-0.111,-0.003,-0.09,-0.005,-0.121,-0.04,-0.0079,0.0043,-0.0015,0.74,-0.003,0.12
7/11/2014,0.167,0.056,0.122,0.028,0.113,0.08,-0.0004,0.0034,0.008,-0.02,-0.001,-0.18
7/18/2014,0.029,0.057,0.051,-0.015,0.046,-0.11,-0.0078,0.0105,0.0098,-0.48,1E-04,0.05
7/25/2014,0.012,0.01,0.049,0.006,0.017,0.004,-0.0113,0.016,0.0008,-0.8,0.0086,1.06
8/1/2014,0.03,0.023,0.009,-0.009,-0.021,0.016,-0.0052,0.0047,0.0015,0.49,0.0032,0.6
8/8/2014,0.093,0.091,0.09,0.021,0.081,0.021,0.0082,0.0077,0.0009,-0.22,-0.0047,0.15
8/15/2014,0.151,0.115,0.048,0.009,0.091,0.093,-0.0057,0.0143,0.0149,-1.58,0.0007,-0.15
8/22/2014,-0.014,0.003,-0.028,-0.012,-0.037,-0.028,0.0094,-0.0061,0.0052,0.17,-0.0048,-0.69
8/29/2014,0.111,0.07,0.054,0.013,0.048,0.032,-0.0008,0.0262,0.0178,-0.91,-0.0049,0.24
9/5/2014,-0.09,-0.038,-0.041,-0.045,-0.068,-0.025,-0.0211,-0.0069,0.0006,-2.19,0.0323,-0.36
9/12/2014,-0.047,-0.15,-0.134,-0.042,-0.177,-0.008,0.014,-0.003,0.0131,-1.66,0.0087,1.19
9/19/2014,-0.007,0.043,-0.031,0.017,0.018,0.148,-0.0195,0.0046,0.0145,-0.27,0.0167,-0.09
9/26/2014,0.044,0.049,0.064,0.034,0.031,0.102,-0.0103,0.0262,0.0171,-0.46,0.0082,-0.35
10/3/2014,0.082,0.067,0.058,0,0.052,0,0.0036,-0.0092,-0.0101,1.99,-0.001,0.74
10/10/2014,0.148,0.025,0.081,0.023,0.125,-0.017,-0.0077,-0.0022,-0.0132,0.57,-0.0083,-1.19
10/17/2014,0.005,0.016,-0.001,0.019,-0.003,0.218,0.0049,0.0007,0.0089,-1.05,-0.0033,-0.34
10/24/2014,-0.049,-0.035,-0.051,0.017,-0.091,-0.018,-0.0026,0.0099,0.0153,-4.11,0.0006,-4.72
10/31/2014,0.007,0.058,-0.024,0.013,-0.066,0.064,-0.0054,0.01,0.0057,-1.66,0.0125,0.51
11/7/2014,0.016,-0.002,0.016,-0.035,0.013,0.165,0.0049,0.0211,-0.0063,-1.79,-0.0117,-0.44
11/14/2014,0.069,0.032,-0.042,-0.017,-0.025,-0.019,0.0054,0.0009,0.013,-1.12,0.0089,1.27
11/21/2014,0.039,0,0.018,0.009,-0.005,0.049,-0.0196,0.001,-0.0073,-0.81,0.0156,-0.27
11/28/2014,0.115,0.07,0.166,0.04,0.137,0.087,-0.0003,0.0061,0.0158,-2.58,0.0151,-1.3
12/5/2014,-0.113,-0.085,-0.102,-0.015,-0.153,-0.134,-0.0134,-0.0153,-0.0168,3.15,0.0046,0.42
12/12/2014,0.229,0.157,0.185,0.035,0.207,0.063,-0.0034,0.0102,0.0249,-1.3,0.011,-0.38
12/19/2014,-0.033,0.035,-0.045,0.028,-0.044,0.021,-0.0014,0.0072,0.0044,-0.85,0.0019,0.02
12/26/2014,-0.038,0,-0.097,0.019,-0.063,0.051,-0.0137,0.0223,0.0174,-0.09,0.0018,1.99
1/2/2015,0.139,0.087,0.126,-0.005,0.102,0.052,-0.007,0.0118,0.0105,1.97,-0.0131,0.82
1/9/2015,0.126,0.011,0.079,0.045,0.133,-0.004,-0.0113,0.0033,0.0298,0.62,-0.0015,-1.91
1/16/2015,0.067,0.039,0.143,0.011,0.15,0.105,-0.0447,0.0143,0.0352,-0.39,0.0304,1.43
1/23/2015,0.059,0.097,0.028,0,0.01,0.078,-0.0261,-0.0056,-0.0152,0.22,0.0104,1.45
1/30/2015,0.154,0.04,0.155,-0.054,0.142,-0.044,0.0164,-0.0144,-0.0007,-1.73,-0.0033,-0.91
2/6/2015,-0.305,-0.057,-0.153,-0.063,-0.265,0.089,0.0064,-0.0168,-0.0088,0.29,0,0.33
2/13/2015,-0.05,0.02,-0.033,-0.072,-0.126,0.067,-0.0087,0.0023,0.0016,-0.45,-0.0076,0.26
2/20/2015,-0.073,-0.017,0.027,0.032,-0.106,0.032,0.0029,-0.0048,0.0191,-0.54,0.0027,-0.73
2/27/2015,0.013,0.056,0.121,0.047,0.108,-0.005,-0.0104,0.0377,0.0331,-1.02,0.0085,1.5
3/6/2015,-0.168,-0.057,-0.316,-0.057,-0.225,-0.084,-0.0177,0.0319,0.0345,-0.74,0.0082,1.64
3/13/2015,0.232,0.123,0.109,-0.008,0.111,0.059,0.023,-0.0212,-0.0324,1.27,-0.015,-1.37
3/20/2015,0.17,0.078,0.152,0.087,0.159,0.004,-0.004,0.0082,-0.0049,0.89,0.0031,-0.23
3/27/2015,-0.034,-0.035,-0.082,-0.057,-0.0364,-0.012,0.0124,-0.0023,-0.0081,0.22,0.0103,0.2
4/3/2015,-0.041,0.003,0.051,0.018,0.0384,0.073,-0.0116,0.0273,0.0388,-1.33,-0.0048,1.29
4/10/2015,0.005,0.029,-0.098,0.013,-0.1213,-0.131,0.0353,-0.0335,-0.0222,1.44,-0.0112,-0.1
4/17/2015,0,0.073,-0.018,0.031,0.0733,0.148,0.0056,-0.021,-0.0054,0.06,-0.0021,-0.35
4/24/2015,-0.072,-0.089,-0.03,0.011,-0.0468,0.094,0.0025,0.0031,-0.0345,-1.29,-0.0011,1.22
5/1/2015,-0.202,-0.228,-0.22,-0.09,-0.2101,0.128,0.0075,-0.0316,-0.0013,0.51,-0.0095,-0.5
5/8/2015,0.024,-0.172,-0.004,-0.053,-0.0307,-0.021,0.0065,-0.0281,-0.0247,0.43,-0.0111,0.28
5/15/2015,0.035,-0.087,-0.004,0.016,0.0054,0.036,-0.0283,0.0254,0.0434,-2.17,0.0222,1.5
5/22/2015,-0.056,0.034,0.003,-0.028,-0.0668,-0.012,-0.0135,0.0176,-0.0002,-2.54,0.0165,0.12
5/29/2015,0.097,0.107,0.163,0.015,0.079,-0.131,0.0007,0.0012,-0.0132,-1.48,0.0022,-0.78
6/5/2015,-0.245,-0.355,-0.2,-0.118,-0.2845,0.04,0.0131,-0.0296,-0.0155,2.18,-0.0111,-0.46
6/12/2015,0.088,0.026,0.026,-0.018,0.0014,0.017,0.005,-0.0315,-0.0129,0.52,-0.0026,0.45
6/19/2015,-0.039,0.032,0.056,0.08,0.0712,0.033,-0.005,0.013,0.0197,-0.87,0.011,-0.23
6/26/2015,-0.116,-0.11,-0.115,-0.061,-0.165,-0.01,-0.0215,0.0108,-0.0118,-0.05,0.0092,0.71
7/3/2015,0.049,-0.042,0.061,-0.051,-0.0545,-0.044,-0.0073,0.0035,-0.0147,-0.8,0.0024,-3.67
7/10/2015,-0.116,-0.168,-0.001,0.028,-0.1015,0.157,-0.0291,-0.0081,0.0295,-1.51,0.0046,0.09
7/17/2015,0.058,0.098,0.154,0.005,0.0376,-0.016,-0.0051,0.0094,-0.0146,0.33,0.0087,0.25
7/24/2015,0.155,0.103,0.074,0.012,0.099,0.049,-0.0035,-0.0106,-0.0003,-0.21,-0.0035,0.2
7/31/2015,0.043,0.05,0.031,0.01,0.0787,0.026,-0.0044,0.0136,0.0021,-0.29,-0.0098,1.07
8/7/2015,0.05,-0.006,-0.037,-0.017,0.0321,0.04,0.0038,-0.016,-0.0148,-0.07,0.0033,-0.26
8/14/2015,-0.017,0.013,0.055,0.026,-0.0122,-0.051,-0.0075,-0.0043,-0.0252,2.13,0.0047,1.95
8/21/2015,0.185,0.089,0.09,0.03,0.1524,0.003,-0.0034,0.0287,0.0188,0.54,0.0135,-0.39
8/28/2015,-0.192,-0.204,-0.207,-0.032,-0.1825,0.124,-0.0053,0.0229,0.0035,2.52,0.0245,2.42
9/4/2015,0.136,0.066,-0.016,0.014,0.0404,0.097,0.0004,-0.0247,-0.0183,-1.58,-0.017,0.38
9/11/2015,0,0.007,0.011,0.013,-0.0393,-0.033,0.0043,-0.0094,0.0054,0.57,-0.0108,1.04
9/18/2015,0.003,-0.004,-0.005,0.006,0.0494,0.049,-0.0093,0.033,0.0082,-0.45,0.0156,-0.19
9/25/2015,0.003,0.014,-0.045,-0.003,-0.018,0.003,0.0164,0.0025,-0.0014,0.46,-0.0019,-0.85
10/2/2015,0.128,0.121,0.123,0.002,0.1587,0.074,0.022,-0.0145,-0.0141,-0.22,-0.0272,-0.14
10/9/2015,-0.134,-0.1,-0.114,-0.02,-0.1041,0.015,0.004,-0.0119,0.0007,0.71,0.0053,-0.55
10/16/2015,0.061,0.065,0.013,0.004,0.0194,0.085,-0.0262,0.0128,0.0347,-2.09,0.0045,-0.17
10/23/2015,-0.042,0.038,-0.037,0.02,-0.0603,0.12,0.0101,-0.0112,0.0017,0.73,0.0083,-0.846
10/30/2015,-0.075,-0.013,-0.068,0.016,-0.0715,-0.037,-0.0234,0.0403,0.0287,-2.71,0.0082,-0.28
11/6/2015,-0.107,-0.177,-0.154,-0.012,-0.185,-0.052,-0.0014,-0.0183,-0.002,0.67,-0.0095,-0.08
11/13/2015,0.066,0.1354,0.093,0.037,0.0632,-0.015,-0.0029,0.0031,0.0091,-0.54,-0.0118,1.25
11/20/2015,0.088,0.0667,0.021,-0.023,-0.0141,-0.008,-0.0028,0.0147,0.005,0.02,0.0037,0.43
11/27/2015,0.077,0.0291,0.077,0.005,0.0528,0.112,-0.0008,-0.007,-0.0283,-0.4,-0.0148,-0.36
12/4/2015,-0.101,-0.2188,0.011,-0.03,-0.0405,0.023,-0.037,-0.0118,-0.0114,2.34,0.0147,0.353
12/11/2015,0.103,0.1379,0.148,0.012,0.1529,0.031,-0.0208,0.0273,0.0102,-0.17,0.0005,1.733
12/18/2015,0.011,0.0111,0.029,0.041,-0.0263,0.09,-0.02792,0.02079,-0.00535,2.804,0.03205,1.344
1/8/2016,0.136,0.0564,0.051,0.035,0.1201,-0.033,-0.03448,0.02521,0.00259,-0.152,0.00728,3.608
1/15/2016,0.12,0.0536,0.174,0.005,0.0879,0.092,0.0418,-0.00192,0.01144,-1.898,-0.01528,-2.091
1/22/2016,-0.032,0.002,-0.163,-0.018,0.0244,-0.029,0.01362,0.00183,-0.00402,-2.33,-0.00753,-1.948
1/29/2016,0.13,0.156,0.083,0.135,0.1327,-0.011,0.00817,-0.02632,-0.03237,4.418,-0.00099,0.732
2/5/2016,-0.001,0.017,0.104,0.064,0.0747,0.027,0.00862,0.01368,0.01073,0.906,-0.00423,0.588
2/19/2016,0.04,0.094,0.05,0.066,0.0343,0.019,0.02679,0.04317,0.01782,-1.352,0.00106,-0.398
2/26/2016,0.05,0.059,-0.056,0.075,-0.0106,-0.009,0.0206,-0.0361,-0.00848,-0.262,-0.03098,-0.904
3/4/2016,-0.101,-0.094,-0.093,-0.025,-0.1325,-0.023,0.00966,-0.01499,-0.01536,0.055,-0.0142,-1.912
3/11/2016,-0.113,-0.064,-0.096,-0.023,-0.1028,0.041,0.02292,-0.01051,-0.01084,2.156,-0.00528,-0.296
3/18/2016,0.116,0.055,0.084,0.088,0.0931,0.014,0.02672,-0.0097,-0.02261,1.675,-0.01752,2.816
4/1/2016,0.006,0.033,0.042,-0.035,0.1244,0.041,0.00248,0.00946,-0.00037,3.409,0.01247,-0.627
4/8/2016,0.054,0.022,0.016,0.015,0.0364,-0.025,0.01556,-0.0072,0.01235,-0.633,-0.01654,0.467
4/15/2016,-0.065,-0.029,-0.024,0.03,-0.0316,0.003,0.02756,-0.02208,0.00701,-3.451,-0.00485,-4.182
4/22/2016,-0.199,-0.118,-0.231,-0.004,-0.1587,0.008,0.01116,-0.01538,-0.02231,5.317,0.01055,2.38
4/29/2016,-0.01,-0.073,-0.001,-0.035,0.0492,0.074,-0.03731,0.01665,0.00598,-0.81,0.02419,0.801
5/6/2016,0.191,0.12,0.168,0.021,0.0403,0.03,-0.00102,0.00539,0.00856,-1.44,0.00961,1.389
5/13/2016,0.054,0.038,0.091,-0.006,0.0822,0.072,-0.01728,-0.01358,0.00861,-1.488,0.00329,0.934
5/20/2016,-0.083,-0.022,-0.069,-0.009,-0.135,0.009,0.00755,-0.01097,0.01087,-0.28,0.00465,-0.365
5/27/2016,-0.014,0.016,0.008,0.007,-0.0108,0.019,0.0085,0.00913,-0.0241,3.776,-0.01868,2.11
6/3/2016,0.192,0.072,0.182,-0.012,0.1715,-0.035,0.01849,0.02194,0.01125,-0.264,-0.00136,2.414
6/10/2016,0.044,0.047,0.046,0.031,0.0618,0,-0.01023,-0.01222,-0.0031,2.629,-0.00253,-1.384
6/17/2016,0.062,-0.0161,-0.014,-0.013,0.012,0.071,-0.01513,0.08161,0.02314,2.466,-0.0037,20.365
6/24/2016,0.092,0.1071,0.002,0.038,0.0806,0.01,0.01245,0.01352,-0.0094,-0.716,-0.00678,1.04
7/1/2016,0.18,0.0392,0.061,0.07,0.0494,0.049,-0.0124,0.03361,0.00828,2.194,-0.01055,0.09
7/8/2016,0.126,0.0544,0.112,0.022,0.0542,-0.005,0.01101,-0.02739,-0.00183,-4.88,-0.00372,0.99
7/15/2016,-0.111,-0.1941,-0.146,-0.057,-0.204,-0.037,-0.01982,0.01067,0.00767,-0.699,0.01274,1.279
7/22/2016,0.019,0.029,0.066,-0.004,0.0087,0.057,0.00871,-0.01155,-0.02083,4.147,-0.0136,3.456
7/29/2016,0.098,0.089,0.09,-0.041,0.1201,0.005,-0.01263,0.01692,0.00938,0.423,-0.00246,-0.373
8/5/2016,0.026,-0.048,0.013,-0.091,-0.1099,0.068,0.0221,0.01705,-0.00742,0.655,-0.00471,1.361
8/12/2016,0.155,0.046,0.055,0.037,0.0802,0.065,0.00979,-0.01621,-0.01591,1.099,0.00308,0.502
8/19/2016,-0.086,-0.052,-0.078,-0.028,-0.0714,0,-0.01223,-0.00625,0.01239,-1.179,0.00502,-1.16
8/26/2016,0.071,0.046,0.014,-0.005,-0.0275,0.006,0.00155,-0.01792,0.00297,-2.093,-0.00145,-1.252
9/2/2016,-0.062,-0.006,0.025,-0.054,0.0169,0.001,-0.00408,0.00265,-0.00714,1.379,0.00251,-0.103
9/9/2016,-0.159,-0.05,-0.101,-0.006,-0.0605,0.011,-0.01718,0.02621,0.00812,0.254,0.00532,2.049
9/16/2016,0.01,0.016,-0.037,0.034,-0.0211,-0.019,0.00495,0.00411,-0.00767,1.225,-0.01325,0.836
9/23/2016,0.146,0.084,0.153,0.008,0.0725,0.027,0.00537,0.00035,-0.00045,-0.387,-0.00384,-0.364
9/30/2016,-0.022,0.048,0.031,0.039,0.0188,0.021,0.01164,0.0261,0.02191,-1.099,-0.00114,0.107
10/14/2016,-0.138,-0.047,-0.006,-0.001,-0.0339,0.03,-0.01898,-0.00522,0.00894,0.516,0.00176,0.493
10/21/2016,0.098,0.06,0.122,0.003,0.0525,0.12,-0.00391,0.00321,-0.0103,-0.864,0.00054,0.352
10/28/2016,-0.195,-0.172,-0.131,-0.01,-0.1156,-0.005,0.00139,-0.03287,-0.01611,1.514,-0.00857,-0.823
11/4/2016,0.12,0.037,0.044,-0.04,0.0724,-0.053,-0.018,-0.01254,0.02373,-2.917,0.01247,-0.472
11/11/2016,-0.173,-0.141,-0.246,-0.031,-0.3311,-0.103,0.00074,0.02185,0.02439,-3.998,0.02102,-0.077
11/18/2016,-0.01,0.082,0.008,-0.062,-0.1164,-0.095,-0.00165,-0.01114,-0.0005,-2.175,-0.0108,0.157
11/25/2016,0.021,0.049,-0.003,0.004,-0.0346,0.049,0.02328,-0.0258,-0.00658,-0.686,-0.00105,-0.745
12/2/2016,-0.004,-0.051,-0.063,-0.007,-0.0582,-0.171,0.01567,0.00586,-0.0025,-2.207,-0.00397,-1.381
12/9/2016,-0.037,-0.063,-0.074,-0.02,-0.086,-0.065,-0.02049,0.01117,0.01038,-2.452,0.01408,-0.29
12/16/2016,0.061,0.098,-0.06,-0.017,-0.0819,-0.255,-0.02031,0.02108,-0.0001,0.493,0.01066,0.349
12/23/2016,0.111,0.101,0.013,0.031,0.0377,0.085,0.0089,-0.00459,-0.00702,0.247,-0.0031,-1.149
12/30/2016,0.066,0.013,0.082,0.012,0.1136,0.234,0.02088,0.00595,-0.00188,-0.114,-0.00921,-0.407
1/6/2017,-0.117,-0.111,0.025,-0.013,0.0583,-0.198,0.01209,0.00671,-0.01042,2.587,-0.02051,-0.091
1/13/2017,-0.022,-0.032,-0.03,0.008,0.0322,0.032,-0.01956,-0.03144,-0.00739,-0.077,-0.0066,0.381
1/20/2017,-0.098,-0.114,-0.045,-0.01,-0.1124,-0.031,0.01885,-0.01745,0.00071,-0.736,0.00103,-0.317
1/27/2017,-0.065,-0.065,-0.062,-0.018,-0.0522,-0.074,0.0103,0.00844,-0.00653,2.2,-0.01247,0.779
2/3/2017,0.137,0.072,0.015,-0.011,0.0119,0.002,-0.00614,-0.00071,0.0148,-0.796,0.00026,0.042
2/10/2017,0.091,0.095,0.032,0.012,0.0539,0.071,-0.0006,0.00752,0.00231,0.755,-0.00037,1.289
2/17/2017,0.065,0.024,0.005,-0.004,0.0051,0.087,-0.00158,-0.00387,0.00583,0.864,-0.00026,1.874
2/24/2017,0.152,0.136,0.124,0.025,0.1263,0.035,-0.02729,0.01552,-0.00582,-1.674,0.00797,0.242
3/3/2017,-0.034,-0.153,-0.099,-0.022,-0.1415,0.04,-0.00816,0.01156,-0.00751,-0.634,0.004,0.21
3/10/2017,-0.084,-0.151,-0.132,-0.014,-0.1001,-0.056,0.01137,-0.02299,-0.00583,2.193,-0.01677,0.39
3/17/2017,-0.04,0.031,0.082,0.025,0.0796,0.119,-0.00426,-0.00859,-0.00563,1.387,0.00768,0.096
3/24/2017,0.056,0.035,0.127,0.004,0.0792,0.044,0.00553,-0.00343,0.01657,-0.378,-0.00069,0.004
3/31/2017,0.083,0.054,-0.049,-0.008,-0.0307,-0.03,-0.01018,0.0167,0.00652,0.196,0.01305,0.628
4/7/2017,0.074,0.088,0.041,0.014,0.016,0.067,0.00863,-0.01542,-0.00291,2.485,-0.00771,0.449
4/14/2017,0.035,0.053,0.085,0.043,0.1521,-0.029,-0.01847,-0.02659,-0.00901,-0.372,0.00398,0.335
4/21/2017,-0.002,-0.075,0.032,-0.004,-0.032,-0.039,-0.01695,-0.01244,0.00056,-1.207,0.00848,-0.821
4/28/2017,-0.049,0.037,-0.031,0.009,0.0269,0.013,-0.00055,-0.00957,-0.00988,-1.067,0.00613,-0.63
5/5/2017,-0.014,-0.088,-0.001,-0.006,-0.0577,-0.074,-0.00486,0.01036,0.00838,-0.395,0.00174,0.786
5/12/2017,0.034,0.022,-0.048,-0.024,0.0249,-0.089,0.01928,-0.01418,-0.0271,1.988,-0.00623,-0.648
