Date,Open_Close_uk_b_w,Open_Close_au_b_w,Open_Close_jp_b_w,Open_Close_us_b_w,Open_Close_cn_b_w,Open_Close_de_b_w,Open_Close_ca_b_w,O_C_audusd,O_C_eurusd,O_C_gbpusd,O_C_usdjpy,O_C_usdcad,O_C_gbpjpy,O_C_audnzd
4/14/2006,0.002,-0.122,-0.104,-0.08,-0.049,-0.131,-0.143,-0.0016,-0.0005,-0.0084,-0.5,-0.0036,-1.88,0.0148
4/21/2006,-0.125,-0.085,-0.078,-0.07,0.001,-0.07,-0.031,-0.0167,-0.022,-0.0293,1.98,0.0137,0.05,0.0002
4/28/2006,-0.014,-0.025,0.072,0.02,-0.08,0,-0.022,-0.0122,-0.0261,-0.0392,1.88,0.0188,-1.13,0.0067
5/12/2006,-0.086,-0.045,-0.025,-0.06,-0.057,-0.004,-0.011,-0.0013,-0.0184,-0.0319,1.9,-0.0043,0.09,-0.0119
5/19/2006,-0.06,-0.033,-0.054,-0.08,-0.011,-0.078,0.001,0.0162,0.0171,0.0169,-2.06,-0.0087,-2.03,-1.00E-04
5/26/2006,0.143,0.085,0.08,0.12,-0.012,0.102,0.108,-0.0017,0.0024,0.0167,-0.87,0.014,0.25,0.0052
6/2/2006,0.039,0.018,0.054,-0.04,0.012,0.097,0.011,0.0057,-0.0182,-0.0235,0.92,0.0032,-0.91,0.0129
6/9/2006,-0.034,-0.013,-0.055,0.06,0.005,-0.041,-0.007,0.003,0.0288,0.043,-2.28,-0.0045,0.64,0.0149
6/16/2006,0.004,0.082,0.069,0.01,-0.004,0.002,-0.042,0.0107,-0.0027,-0.0107,-1.09,-0.0165,-3.26,-0.0133
6/23/2006,-0.043,-0.067,0.031,-0.13,-0.035,-0.003,-0.013,0.0059,0.0142,0.0343,-1.34,-0.0008,1.52,-0.0089
6/30/2006,-0.125,-0.07,-0.065,-0.08,0.006,-0.146,-0.222,-0.0123,-0.0284,-0.0295,2.04,0.0048,0.32,-0.0076
7/7/2006,0.027,0.055,-0.055,0.09,-0.016,0.012,0.031,-0.0084,-0.0021,-0.003,0.3,0.0034,0.28,0.0052
7/14/2006,0.06,-0.067,-0.013,0.02,-0.016,0.009,0.081,-0.002,0.0163,0.0117,-2.25,-0.0138,-2.78,0.018
7/21/2006,0.064,0.012,0.122,0.09,-0.018,0.079,0.059,0.001,-0.0059,-0.0209,0.21,-0.01,-2.03,0.0009
7/28/2006,-0.033,0.057,0.028,0.02,0.015,0.028,0.067,-0.0151,-0.0053,-0.0041,1.5,0.0066,2.31,-0.0285
8/4/2006,0.033,-0.116,-0.111,0.069,-0.065,0.029,0.048,0.0013,-0.0107,-0.0452,0.24,0.0027,-4.76,0.0268
8/11/2006,-0.106,0.08,0.055,0.101,0.005,0.016,0.008,0.0005,0.0162,0.0174,-2.09,0.0014,-1.94,0.0138
8/18/2006,-0.04,-0.034,0.018,-0.056,0.024,-0.073,-0.027,0.0066,-0.0111,0.0085,0.56,0.0002,2.05,0.0315
8/25/2006,0.168,0.086,-0.014,0.158,0.018,0.076,0.144,0.0019,0.0074,-0.0056,-1.53,0.0165,-3.54,-0.0034
9/1/2006,0.039,0.111,0.149,0.04,0.022,0.11,0.032,-0.0093,-0.008,-0.0181,0.16,0.0049,-1.84,0.0227
9/8/2006,0.053,0.017,0.038,0.075,0.006,0.045,0.103,0.0131,0.0157,0.0403,0.23,-0.017,5.18,-0.0105
9/15/2006,-0.044,-0.029,-0.079,-0.018,0.008,-0.05,-0.014,0.0003,0.0005,-0.0155,-0.6,0.002,-2.98,0.0426
9/22/2006,-0.032,-0.031,0.065,-0.023,0.008,0.011,-0.006,0.0017,-0.015,-0.022,0.94,0.002,-0.81,-0.0103
9/29/2006,0.116,0.149,0.035,0.205,0.027,0.078,0.13,0.0048,0.0114,0.028,-1.7,-1.00E-04,0.05,-0.0185
10/13/2006,-0.019,-0.013,-0.045,-0.05,0.077,-0.018,-0.012,-0.0083,0.0077,0.0132,-0.64,-0.0113,0.38,-0.0117
10/20/2006,-0.076,-0.131,-0.065,-0.084,0.036,-0.086,-0.09,-0.0079,-0.0113,-0.0282,1.06,0.0119,-1.45,0.0054
10/27/2006,-0.023,-0.021,-0.035,0.01,0.042,-0.009,-0.015,-0.0096,-0.0122,-0.0159,1.12,0.0057,0.22,-0.0086
11/3/2006,0.1,0.062,0.064,0.141,0.066,0.029,0.134,-0.0011,0.0012,-0.0048,-0.45,-0.0102,-1.4,-0.0029
11/10/2006,0,0.062,0.024,-0.055,-0.009,0.033,-0.045,0.0025,-0.0124,-0.0091,0.48,-0.0029,-0.15,-0.0048
11/17/2006,0.078,0.005,0.064,0.141,0.006,0.06,0.11,-0.0019,0.0025,0.017,-0.24,-0.0154,1.54,0.0088
11/24/2006,-0.044,-0.007,-0.028,-0.021,-0.001,-0.017,-0.006,-0.0093,-0.0271,-0.0376,1.98,0.0117,-0.62,-0.0082
12/1/2006,0.022,0,0.056,0.043,-0.065,0.023,0.029,-0.0082,-0.0183,-0.0416,-0.04,-0.0126,-4.85,0.0204
12/8/2006,0.075,0.002,0.063,0.143,0.021,0.044,0.107,0.0051,0.0159,0.0285,-1.15,-0.0061,1.05,-0.0069
12/15/2006,-0.085,-0.079,-0.1,-0.106,-0.019,-0.065,-0.067,0.0043,0.0101,0.001,-1.79,-0.0087,-3.36,0.0054
12/22/2006,-0.118,-0.16,0.03,-0.047,0.011,-0.053,-0.076,-0.0026,-0.005,-0.0053,-0.84,-0.0003,-2.28,0.0105
12/29/2006,-0.031,-0.045,0.071,-0.027,0.003,-0.084,-0.001,-0.0037,-0.0056,0.0011,-0.31,-0.0084,-0.47,-0.0013
1/5/2007,-0.001,-0.056,-0.085,-0.092,-0.013,-0.063,-0.074,0.0107,0.0204,0.0328,0.39,-0.0087,4.67,-0.0191
1/12/2007,-0.061,0.08,-0.019,0.012,-0.002,-0.055,0.051,-0.0048,0.0085,-0.0284,-1.6,0.0031,-6.55,-0.0018
1/19/2007,-0.107,-0.093,-0.025,-0.103,0.03,-0.084,-0.087,-0.0054,-0.0034,-0.014,-0.91,-0.0036,-3.47,-0.0058
1/26/2007,-0.006,0.012,0.08,-0.016,-0.001,0.02,-0.001,0.0154,0.0037,0.0145,-0.31,-0.0072,1.17,0.017
2/2/2007,-0.078,0.067,-0.026,-0.104,0,-0.038,-0.063,-0.0012,-0.0039,-0.0046,0.35,-0.0045,0.12,-0.0222
2/9/2007,-0.018,-0.112,-0.036,0.042,-0.009,0.025,0.009,-0.0025,-0.0051,0.0162,-0.58,0.0121,0.91,-0.0095
2/16/2007,0.039,0.181,0.03,0.028,0.004,-0.03,0.015,-0.01,-0.0125,0.0019,2.65,0.0107,5.45,0.0069
3/2/2007,0.092,-0.013,-0.01,0.094,-0.03,0.037,0.073,0.0098,-0.0014,0.0209,4.31,-0.0178,10.87,-0.0219
3/9/2007,0.09,0.137,0.006,0.135,-0.02,0.109,0.079,0.0021,0.0092,0.0123,-1.69,0.005,-1.82,0.0259
3/16/2007,-0.043,-0.023,0.05,-0.1,-0.05,-0.018,-0.075,-0.0145,-0.02,-0.0073,1.64,-0.0043,2.3,-0.0158
3/23/2007,0.042,-0.015,0.04,0.036,0,0.048,0.029,-0.0112,0.0034,-0.0217,-1.85,0.0157,-6.17,0.0021
3/30/2007,-0.122,-0.08,-0.032,-0.052,-0.1,-0.094,-0.062,-0.0033,-0.0065,-0.0073,0.1,0.007,-0.68,-0.0076
4/6/2007,-0.054,0.038,-0.044,-0.022,-0.02,-0.057,0.008,-0.0063,-0.0007,0.0039,-1.79,0.0008,-3.06,-0.0069
4/13/2007,-0.035,0.007,-0.015,-0.036,0,-0.029,-0.052,-0.0168,-0.0155,-0.021,0.01,0.0127,-2.44,0.0014
4/20/2007,-0.109,-0.056,0.005,-0.023,-0.02,-0.135,-0.023,-0.0031,-0.0025,-0.0156,0.69,0.013,-0.45,0.0105
4/27/2007,0.032,0.023,-0.026,0.099,-0.1,0.038,-0.003,0.0082,-0.0044,0.0082,-0.89,0.0062,-0.69,0.0056
5/4/2007,-0.056,0.08,0.064,-0.032,-0.06,-0.018,-0.007,0.0073,0.0043,0.0048,-0.99,0.008,-1.4,0.0032
5/11/2007,0.002,0.031,-0.007,0.04,0,0.022,0.003,-0.0096,0.0072,0.0127,-0.04,-0.0037,1.44,-0.009
5/18/2007,0.028,-0.039,-0.018,-0.018,-0.02,-0.02,0.034,0.0088,0.0021,0.0072,-0.89,0.0225,-0.77,0.0049
5/25/2007,-0.043,-0.053,0.003,-0.134,-0.09,-0.082,-0.128,0.0063,0.0073,-0.0093,-0.62,0.0087,-2.37,-0.0008
6/1/2007,-0.08,0.002,-0.085,-0.049,-0.18,-0.063,-0.102,-0.0141,-0.0002,0.0017,-0.32,0.0195,-0.44,0.0154
6/8/2007,-0.056,-0.038,-0.054,-0.095,0.05,-0.061,-0.101,-0.0123,0.0069,0.0124,0.31,0.0006,2.13,0.0112
6/15/2007,-0.101,-0.179,-0.116,-0.17,-0.05,-0.106,-0.107,0.0024,-0.0027,-0.0069,-1.67,-0.0064,-4.06,0.0156
6/22/2007,-0.091,-0.053,-0.043,-0.045,-0.17,-0.082,0.02,-0.0054,-0.0084,-0.0235,-0.39,-0.0004,-3.61,0.0102
6/29/2007,-0.045,-0.029,0.04,0,-0.06,-0.004,-0.044,-0.0012,-0.0065,-0.0097,0.62,0.0032,0.1,0.0069
7/6/2007,0.032,0.002,0.026,0.08,0,0.08,0.094,-0.0054,-0.008,-0.0024,-0.28,0.0133,-0.86,-0.003
7/13/2007,-0.121,-0.044,-0.06,-0.164,-0.03,-0.129,-0.154,-0.0127,-0.0154,-0.0227,1.5,0.0011,0.22,-0.0031
7/20/2007,0.065,0.059,0,0.061,0,0.069,0.061,-0.0103,-0.0049,-0.0219,0.61,-0.0008,-1.4,-0.0013
7/27/2007,0.173,0.06,0.049,0.135,0.02,0.176,0.073,0.0282,0.02,0.0311,3.01,-0.016,9.88,-0.031
8/3/2007,0.1,0.15,0.101,0.162,0.05,0.111,0.054,-0.0061,-0.017,-0.0195,0.17,0.0075,-1.94,-0.0179
8/10/2007,0.009,0.009,0.011,0.063,0.09,0.007,0.016,0.0096,0.0141,0.0184,-1.19,0.0033,-0.25,-0.0129
8/17/2007,-0.046,-0.031,0.065,-0.094,0.03,-0.057,-0.043,0.0487,0.0209,0.0407,3.94,-0.0058,12.6,0.0239
8/24/2007,0.154,0.192,0.13,0.149,-0.03,0.066,0.09,-0.0284,-0.0198,-0.0332,-2.05,0.0093,-7.87,0.0098
8/31/2007,0.019,-0.087,-0.015,0.052,0.12,0.031,0.043,0.01,0.0042,-0.0033,0.65,-0.0036,0.93,-0.0109
9/7/2007,0.057,0.033,-0.015,0.1,-0.01,0.017,-0.03,-0.0105,-0.0143,-0.0121,2.41,0.0009,3.51,-0.0283
9/14/2007,0.092,-0.041,0.02,0.146,-0.07,0.132,0.142,-0.0151,-0.0095,0.0205,-2.51,0.0243,-2.69,0.0057
9/21/2007,0.086,-0.074,0.044,-0.086,0.06,-0.051,-0.045,-0.025,-0.0218,-0.0146,-0.25,0.0296,-2.14,0.0261
9/28/2007,-0.213,-0.247,-0.135,-0.158,-0.1,-0.179,-0.069,-0.0197,-0.0173,-0.0253,0.59,0.007,-1.69,-0.0018
10/12/2007,0.077,-0.034,0,0.079,0.05,0.027,0.066,-0.0044,-0.0026,0.006,-0.43,0.0085,-0.14,0.017
10/19/2007,-0.127,-0.015,-0.005,-0.061,0.01,-0.07,-0.059,0.0161,-0.0128,-0.0163,2.95,0.005,4.09,-0.0079
10/26/2007,0.192,0.176,0.1,0.29,-0.02,0.217,0.188,-0.0294,-0.0062,0.0012,-0.19,0.0044,-0.24,-0.0018
11/2/2007,0.041,0.026,-0.04,-0.013,-0.06,0.024,0.002,-0.0025,-0.0089,-0.0348,-0.77,0.0271,-5.57,0.005
11/9/2007,-0.033,-0.077,0.034,0.125,-0.04,0.005,-0.017,0.0101,-0.0161,-0.0013,3.94,-0.0087,8.1,-0.0173
11/16/2007,0.127,0.197,0.055,0.08,-0.02,0.097,0.067,0.0129,-0.0015,0.0282,-0.62,-0.0266,1.85,0.0234
11/23/2007,0.104,-0.046,0.06,0.079,-0.01,-0.025,0.088,0.0166,-0.017,-0.0091,2.47,-0.0126,4.1,0.0318
11/30/2007,0.074,0.21,0.05,0.132,0.02,0.086,0.116,-0.0062,0.0194,0.0051,-2.73,-0.0123,-5.07,0.0197
12/7/2007,-0.084,-0.139,-0.053,0.069,0.03,-0.064,0.032,0.0093,-0.0007,0.0256,-0.69,-0.0056,1.52,0.0276
12/14/2007,-0.005,-0.077,-0.095,-0.176,-0.01,-0.085,-0.048,0.0155,0.0226,0.0157,-1.64,-0.0129,-1.56,-0.0193
12/21/2007,-0.154,-0.161,0.02,-0.116,0.01,-0.126,-0.103,-0.0039,0.0029,0.0343,-0.67,0.0264,2.39,-0.0016
12/28/2007,0.142,0.015,-0.005,0.039,0.03,-0.005,0.053,-0.008,-0.0352,-0.0133,1.71,0.0099,1.92,0.0063
1/4/2008,0.097,-0.057,0.07,0.08,0.04,0.002,0.054,0.0048,-0.0021,0.0237,4.01,-0.0227,10.56,0.0073
1/11/2008,0.145,0.258,0,0.186,0.01,0.164,0.121,-0.0187,-0.0026,0.0175,-0.2,-0.0163,1.58,0.0008
1/18/2008,-0.018,-0.101,0.045,0.083,0.01,0.047,0.101,0.0131,0.0187,0.0037,1.95,-0.0072,4.23,-0.0115
1/25/2008,-0.027,0.035,0.039,0.162,0,0.114,-0.009,0.0012,-0.0086,-0.0255,0.09,0.0184,-2.56,0.0101
2/1/2008,-0.092,-0.166,-0.085,-0.067,0.09,-0.003,-0.116,-0.0241,-0.0112,0.0179,0.29,0.0131,2.49,0.0023
2/8/2008,0.041,0.065,0.051,-0.04,0.11,0.005,0.004,0.0074,0.0291,0.0186,-0.66,-0.0048,0.72,0.0058
2/15/2008,0.072,-0.006,0.01,-0.026,-0.02,0.07,0.012,-0.012,-0.0157,-0.0146,-0.26,-0.0075,-2.06,-0.0041
2/22/2008,-0.18,-0.146,-0.036,-0.115,0,-0.078,0,-0.0149,-0.0155,-0.0099,0.66,-0.0039,0.24,0.0038
2/29/2008,-0.082,-0.05,0,0.063,-0.03,-0.041,-0.067,-0.0069,-0.0343,-0.0183,3.51,0.0249,5.01,-0.0173
3/7/2008,0.219,0.19,0.095,0.298,0.02,0.104,0.259,0.0036,-0.0153,-0.0277,0.62,-0.004,-1.6,0.001
3/14/2008,0.132,0.052,-0.019,0.021,0,0.072,0.088,-0.0099,-0.0274,0.0012,3.12,0.0013,6.42,0.0146
3/21/2008,-0.007,-0.012,0.086,0.096,0,0.043,0.065,0.0395,0.0267,0.034,-0.9,-0.0363,1.63,0.0105
3/28/2008,0.023,0.011,-0.006,0.045,0,-0.033,-0.031,-0.0168,-0.0397,-0.0144,0.43,0.0044,-0.56,-0.0099
4/4/2008,-0.121,-0.185,0.001,-0.071,0.06,-0.184,0.05,-0.0062,0.0068,0.0026,-2.58,0.014,-4.86,-0.0082
4/11/2008,-0.04,-0.088,-0.055,-0.047,0.04,-0.016,-0.08,-0.0066,-0.0082,0.0253,0.72,-0.015,3.97,-0.0016
4/18/2008,0.057,-0.112,-0.039,0.061,0,0.047,0.007,-0.009,-0.0116,-0.0315,-2.41,0.0229,-7.99,-0.0193
4/25/2008,-0.325,-0.13,-0.025,-0.313,0.01,-0.217,-0.154,0.0003,0.0187,0.0138,-0.67,-0.009,0.07,-0.003
5/2/2008,-0.063,-0.111,-0.195,-0.131,-0.01,-0.066,-0.061,0,0.0188,0.0126,-0.96,-0.0065,-0.59,0.0018
5/9/2008,0.05,0.145,-0.004,0.041,-0.01,-0.016,0.161,-0.0085,-0.0052,0.019,2.5,0.0149,6.87,-0.0154
5/16/2008,0.165,0.095,0.085,0.086,-0.02,0.198,0.02,-0.0144,-0.0119,-0.0067,-1.05,0.0074,-2.73,-0.0049
5/23/2008,-0.217,-0.117,-0.139,-0.06,-0.03,-0.176,0.022,-0.0029,-0.0168,-0.0228,0.62,0.0096,-1.15,0.0081
5/30/2008,-0.131,-0.202,-0.035,0.019,-0.01,-0.078,-0.054,0.0034,0.0216,-0.001,-2.16,-0.0044,-4.41,-0.0008
6/6/2008,-0.06,-0.088,-0.015,-0.169,-0.02,-0.146,-0.078,-0.0077,-0.0217,0.0065,0.34,-0.0241,1.37,-0.0353
6/13/2008,0.019,-0.04,-0.036,0.087,0,-0.018,0.04,0.0229,0.0409,0.0226,-3.67,-0.0109,-4.78,0.001
6/20/2008,-0.263,-0.134,-0.081,-0.329,-0.11,-0.222,-0.229,-0.014,-0.0207,-0.0287,0.74,0.0129,-1.65,-0.001
6/27/2008,0.082,0.042,0.095,0.088,-0.09,0.031,0.048,-0.0078,-0.0164,-0.0197,1.07,0.0054,0.02,-0.0124
7/4/2008,0.12,0.149,0.13,0.174,-0.12,0.117,0.117,-0.0023,0.0072,0.0123,-0.58,-0.0077,0.15,-0.0081
7/11/2008,0.078,-0.007,-0.015,0.019,-0.05,0.022,0.009,-0.0035,-0.0242,-0.0058,0.45,0.0095,0.27,-0.0002
7/18/2008,0.055,0.037,0.051,0.035,0.03,0.076,-0.064,1.00E-04,0.0116,-0.0066,-0.79,0.0014,-2.25,-0.0015
7/25/2008,-0.145,0.016,0.03,-0.088,0.02,-0.079,-0.019,0.0161,0.0132,0.0042,-0.94,-0.0132,-1.4,-0.0049
8/1/2008,0.044,0.142,-0.009,-0.026,0.05,-0.023,-0.043,0.0258,0.0132,0.0154,0.19,-0.008,2.03,0.0023
8/8/2008,0.176,0.171,0.064,0.143,0.03,0.262,0.17,0.0416,0.0566,0.0538,-2.55,-0.04,0.94,0.0072
8/15/2008,0.144,0.153,0.041,0,-0.05,0.085,0.045,0.0202,0.0252,0.0475,-0.14,0.0086,4.98,0.0172
8/22/2008,0.116,0.084,0.014,0.087,0.06,0.092,0.04,0.0004,-0.0111,0.0121,0.39,0.0128,2.06,0.0014
8/29/2008,-0.03,0.018,0.015,-0.019,0.04,-0.055,-0.048,0.0094,0.0115,0.0306,1.25,-0.0158,5.66,0.0012
9/5/2008,0.113,0.078,0.035,0.025,0.08,0.032,0.067,0.0408,0.0432,0.0453,0.61,-0.0009,6,0.0032
9/12/2008,0.054,0.133,-0.052,0.187,0.04,0.168,0.07,0.0093,0.0149,-0.0067,1.01,-0.0038,1.08,-0.0125
9/19/2008,-0.208,0.006,-0.068,0.06,0.13,-0.194,-0.068,-0.0152,-0.0169,-0.0324,-1.49,0.0175,-6.15,0.0288
9/26/2008,-0.01,0.103,0.047,-0.24,0.07,-0.026,-0.214,0.0059,-0.0124,-0.0116,0.86,0.0149,0.36,0.002
10/10/2008,0.094,0.122,0.018,0.023,0,0.034,0.012,0.129,0.0221,0.0577,4.24,-0.089,13.28,0.0425
10/17/2008,-0.09,0.174,-0.074,-0.327,0.49,-0.068,-0.273,-0.0093,0.0162,-0.0147,-0.67,-0.0138,-2.66,0.0014
10/24/2008,-0.194,-0.207,-0.059,0.092,0.04,-0.051,0.062,0.0695,0.078,0.1397,7.359,-0.0952,25.91,0.029
10/31/2008,0.305,0.45,0.092,0.258,0.08,0.261,0.116,-0.0512,-0.0152,-0.0356,-5.306,0.0633,-11.86,-0.017
11/7/2008,-0.149,-0.211,0.021,-0.318,0.13,-0.144,-0.16,-0.0033,0.0049,0.0474,0.074,0.0218,4.77,0.0116
11/14/2008,0.326,-0.003,-0.044,0.157,0.07,0.232,0.038,0.041,0.021,0.1035,1.845,-0.0552,12.97,-0.0107
11/21/2008,0.12,0.128,0.023,0.077,0.11,0.015,0.107,0.007,-0.0048,-0.0246,0.343,-0.0286,-1.85,-0.0097
11/28/2008,0.216,0.358,0.096,0.547,-0.07,0.267,0.166,-0.0188,-0.0084,-0.0406,0.47,0.0267,-3.18,-0.0103
12/5/2008,0.09,0.001,0.002,0.276,0.04,0.137,0.161,0.0058,-0.0031,0.071,2.67,-0.0339,10.7,-0.0174
12/12/2008,0.342,0.161,0.024,0.226,0.12,0.243,0.203,-0.0172,-0.0648,-0.0238,1.58,0.0251,0.15,0.0201
12/19/2008,-0.156,0.005,-0.02,0.164,-0.06,-0.211,0.045,-0.0178,-0.0516,0.0041,1.63,0.0305,2.8,0.0213
12/26/2008,0.424,0.53,0.159,0.451,0.17,0.289,0.285,-0.0023,-0.0101,0.0375,-1.5,-0.0039,1.16,0.0009
1/2/2009,0.128,-0.065,0.026,-0.006,-0.02,0.065,0.009,-0.0266,0.0154,0.0111,-1.17,0.0154,-0.65,-0.0092
1/9/2009,0.02,0.074,0.036,-0.281,0,-0.011,-0.076,0.011,0.0415,-0.0612,1.73,0.0206,-3.08,0.0266
1/16/2009,-0.057,-0.09,-0.122,0.078,0.05,-0.025,0.05,0.0261,0.0196,0.0336,-0.63,-0.0548,2.09,-0.0518
1/23/2009,-0.155,0.093,0.07,0.119,-0.21,0.09,0.185,0.0246,0.039,0.1073,2.32,0.008,12.95,-0.0038
2/6/2009,-0.422,-0.089,-0.014,-0.237,-0.12,-0.291,-0.082,-0.0395,-0.0193,-0.035,-2.19,0.008,-6.36,-0.0107
2/13/2009,-0.033,-0.316,-0.044,-0.146,-0.11,-0.078,0.012,0.0156,0.0109,0.0457,0.19,-0.016,4.48,0.0104
2/20/2009,0.397,0.251,0.076,0.111,0.06,0.26,0.101,0.0068,-0.0035,-0.0227,-1.51,-0.0119,-4.27,-0.0146
2/27/2009,0.163,0.062,-0.019,-0.009,0.02,0.094,0.086,0.0061,0.0149,0.0083,-4.07,-0.0241,-5.06,-0.009
3/6/2009,-0.16,-0.365,0.004,-0.186,0.04,-0.102,-0.212,-0.003,-0.0033,0.0178,-0.61,-0.0092,0.87,0.0096
3/13/2009,0.551,0.186,-0.02,0.135,-0.12,0.179,0.162,-0.0168,-0.0259,0.0116,0.315,0.0129,1.59,0.0198
3/20/2009,0.142,-0.131,-0.024,-0.019,0.07,-0.143,0.073,-0.0328,-0.0734,-0.0554,2.107,0.0371,-2.41,0.0161
3/27/2009,-0.053,0.128,0.054,0.346,-0.01,0.1,0.157,-0.0009,0.0372,0.0161,-2.16,-0.0015,-1.53,0.0154
4/3/2009,-0.235,-0.342,-0.066,-0.114,-0.02,-0.112,-0.178,-0.025,-0.0253,-0.0598,-2.28,0.0115,-9.23,-0.0118
4/10/2009,-0.174,0.136,-0.091,-0.206,-0.04,-0.109,-0.051,-0.003,0.0327,0.0173,0.09,0.0036,1.86,-0.0256
4/17/2009,0.13,-0.077,-0.035,-0.039,0,0.012,0.029,-0.0005,0.0145,-0.0155,1.25,0.0117,0.29,-0.0243
4/24/2009,-0.069,0.082,0.006,0.002,0.02,-0.062,-0.068,0,-0.0193,0.0114,2.05,0.0043,4.13,-0.0022
5/1/2009,-0.148,0.096,0.02,-0.116,0,0.076,-0.022,-0.0095,-0.0029,-0.0258,-2.27,0.0256,-5.92,-0.0209
5/8/2009,-0.094,-0.166,0.028,-0.225,0.01,0.02,-0.121,-0.0358,-0.0355,-0.031,0.82,0.0378,-1.82,0.0072
5/15/2009,-0.186,-0.322,-0.049,-0.132,0.06,-0.263,-0.071,0.022,0.0158,0.0051,3.49,-0.0284,5.8,-0.0209
5/22/2009,0.186,0.07,0.023,0.105,0.02,0.081,0.047,-0.0325,-0.0515,-0.0755,0.28,0.0592,-6.75,0.0194
5/29/2009,-0.207,-0.432,-0.006,-0.349,-0.01,-0.18,-0.156,-0.0187,-0.0133,-0.0258,-0.6,0.0306,-3.44,0.0069
6/5/2009,-0.02,-0.036,-0.052,-0.048,-0.01,-0.051,-0.124,0.0096,0.0162,0.0204,-3.36,-0.0287,-3.33,-0.0133
6/12/2009,-0.19,-0.341,-0.013,-0.357,0,-0.124,-0.02,-0.0186,-0.0071,-0.0479,0.18,0.0021,-4.54,-0.0023
6/19/2009,-0.051,0.068,-0.018,0.03,-0.03,0.108,-0.058,0.0024,0.0048,-0.0068,2.12,-0.0155,2.83,0.0044
6/26/2009,0.135,-0.345,0.069,-0.025,0,0.13,-0.04,-0.003,-0.0107,-0.0022,1.02,-0.0174,1.48,0.0026
7/3/2009,0.121,0.16,0.048,0.218,-0.03,0.112,0.088,0.0094,0.0081,0.017,-0.76,-0.0082,0.35,-0.0176
7/10/2009,-0.028,0.081,0.074,-0.011,-0.07,0.05,0.028,0.016,0.0021,0.0074,3.5,-0.0021,6.38,0.0202
7/17/2009,-0.048,0.163,0.025,0.2,-0.04,0.079,0.067,-0.0231,-0.0157,-0.0152,-1.78,0.0483,-4.32,0.0008
7/24/2009,-0.071,-0.243,-0.02,-0.356,-0.12,-0.14,-0.226,-0.0144,-0.0087,-0.0089,-0.56,0.0284,-1.76,-0.0014
7/31/2009,-0.152,-0.212,-0.058,0.02,0.04,-0.079,-0.015,-0.0176,-0.0029,-0.0266,0.07,0.0081,-2.39,-0.0131
8/7/2009,0.161,0.078,-0.036,0.21,-0.01,0.185,0.113,-0.0018,0.0087,0.0035,-2.77,-0.0043,-4.31,0.0145
8/14/2009,0.002,-0.09,-0.021,-0.289,0,-0.23,-0.161,0.0015,-0.0027,0.013,2.76,-0.0155,5.83,0.0092
8/21/2009,0.104,0.061,0.055,0.298,0,0.186,0.147,-0.0048,-0.0138,0,0.38,0.0184,0.63,-0.0011
8/28/2009,0.043,0.148,0.07,-0.078,0.03,0.002,-0.054,-0.0039,0.0042,0.0237,0.78,-0.0123,3.5,-0.0035
9/4/2009,0.082,0.075,0,0.129,0.01,0.073,0.083,-0.0085,0.0008,-0.0126,0.48,0.0035,-0.38,-0.0027
9/11/2009,-0.069,-0.025,-0.016,-0.019,0.03,-0.015,0.022,-0.0117,-0.0265,-0.0262,2.3,0.0095,1.33,0.0092
9/18/2009,0.018,0.163,0.021,0.11,0.01,-0.008,0.052,-0.0051,-0.0111,0.0414,-0.87,0.0084,2.33,0.0024
9/25/2009,-0.137,-0.008,-0.038,-0.111,-0.01,-0.134,-0.077,-0.0017,0.0004,0.0265,1.82,-0.0205,5.36,0.0172
10/2/2009,0.158,0.091,0.03,0.132,-0.03,0.115,0.027,0.0012,0.0124,0.0024,-0.16,0.0116,-0.05,-0.0024
10/9/2009,0.175,0.065,0.058,0.11,-0.01,0.111,0.097,-0.0383,-0.014,0.0085,-0.27,0.0387,0.34,-0.0099
10/16/2009,-0.027,0.181,-0.03,-0.184,0,-0.079,-0.268,-0.0125,-0.0187,-0.0496,-1.13,0.0056,-6.35,-0.0025
10/23/2009,-0.159,-0.279,-0.045,-0.079,-0.18,-0.085,0.038,-0.0078,-0.0113,0.0009,-1.1,-0.0142,-1.72,0.0091
10/30/2009,-0.075,-0.011,-0.034,-0.056,0.03,-0.061,-0.002,0.0221,0.0294,-0.0118,2,-0.0336,2.2,-0.0246
11/6/2009,0.062,0.197,-0.046,0.105,-0.01,0.126,0.089,-0.0242,-0.012,-0.0226,-0.33,0.01,-2.53,-0.0081
11/13/2009,-0.274,-0.134,-0.039,-0.1,-0.01,-0.14,-0.09,-0.012,-0.0034,-0.0029,0.19,0.0214,0.07,-0.0036
11/20/2009,0.088,0.062,0.109,0.089,-0.02,-0.009,0.053,0.0192,0.0058,0.0207,0.72,-0.0171,3.06,-0.0024
11/27/2009,0.172,0.172,0.032,0.041,0,0.126,0.061,0.0056,-0.0138,-0.0019,2.34,0.0087,3.71,-0.0104
12/4/2009,0.092,0.202,0.057,0.18,0.01,0.088,0.16,-0.0032,0.0156,0.0054,-3.95,0.0024,-6.04,-0.0006
12/11/2009,-0.163,-0.131,-0.039,-0.247,0.06,-0.069,-0.093,0.0035,0.0256,0.0207,1.2,-0.004,3.84,0.0185
12/18/2009,-0.146,-0.058,0.007,-0.094,0,0.02,-0.083,0.0205,0.0278,0.0062,-1.2,-0.0061,-1.4,0.006
12/25/2009,0.084,0.17,0.052,-0.011,-0.01,0.062,-0.04,0.0054,-0.0075,0.0169,-0.824,0.0177,-0.08,-0.0032
1/1/2010,-0.197,-0.19,-0.044,-0.219,-0.02,-0.178,-0.161,-0.0124,0.0041,-0.0216,-1.47,-0.005,-4.34,0.0166
1/8/2010,-0.02,-0.018,-0.015,0.01,-0.01,-0.065,-0.014,-0.0254,-0.0073,0.0109,0.264,0.0169,1.43,-0.0065
1/15/2010,-0.024,0.032,-0.07,0.049,0,0.026,0.019,0.0052,0.0027,-0.0203,1.81,0.0018,1.06,0.0036
1/22/2010,0.125,0.073,0.035,0.169,-0.02,0.118,0.105,0.02,0.0214,0.0157,1.08,-0.0281,3.17,-0.0172
1/29/2010,0.025,0.107,0,0.094,0.03,0.045,0.116,0.0184,0.0289,0.0121,-0.32,-0.0139,0.57,0.0056
2/5/2010,0.015,0.044,0.005,0.029,0.05,0.019,0.036,0.0147,0.0185,0.0304,0.97,-0.0029,4.26,0.001
2/12/2010,0.013,-0.02,-0.049,0.087,0.02,0.055,0.011,-0.0198,0.0025,-0.0103,-0.78,0.0196,-2.16,-0.014
2/26/2010,-0.158,-0.149,0.039,-0.116,0.02,-0.078,-0.09,0.0046,-0.0019,0.0221,2.66,-0.0129,6.08,0.0002
3/5/2010,0.243,0.148,0.035,0.195,0.01,0.179,0.115,-0.0101,-0.0003,0.0013,-1.34,0.0232,-1.93,-0.022
3/12/2010,0.009,-0.05,-0.01,-0.065,0.06,-0.042,-0.069,-0.0055,-0.0125,-0.0053,-0.14,0.008,-0.7,-0.0076
3/19/2010,-0.033,-0.15,-0.034,0.008,-0.09,-0.016,-0.059,0.002,0.0232,0.0165,0.06,0,1.59,0.0083
3/26/2010,0.144,-0.035,-0.021,0.008,0.07,0.056,0.053,0.0102,0.0109,0.0083,-2.039,-0.0105,-2.29,0.0084
4/2/2010,-0.081,-0.078,-0.015,-0.166,-0.04,-0.036,-0.083,-0.0145,-0.003,-0.0243,-2.16,0.0145,-5.54,-0.0141
4/9/2010,0.12,-0.048,0.021,0.015,-0.05,0.069,0.003,-0.0139,-0.0007,-0.0103,1.49,0.0059,1.31,0.0142
4/16/2010,-0.125,-0.03,-0.026,0.076,-0.04,-0.063,-0.074,0.0121,0.0124,0.0082,0.93,-0.0082,2.2,-0.0062
4/23/2010,0.09,-0.022,0.04,0.132,0.02,0.094,-0.018,-0.0069,0.0091,-0.0086,-1.97,0.0162,-3.82,0.0016
4/30/2010,-0.06,-0.018,0.03,-0.045,0.06,0.01,-0.018,0.0019,0.0052,0.0116,0.24,-0.0187,1.47,0.0119
5/7/2010,0.189,0.129,0.03,0.133,0.04,0.047,0.033,0.0351,0.0581,0.0511,2.35,-0.0265,8.29,0.0092
5/14/2010,0.077,0.234,0.006,0.266,0.02,0.224,0.164,0.0133,0.0577,0.0307,0.19,-0.0038,3.11,-0.01
5/21/2010,0.089,-0.014,-0.021,0.133,0.06,0.059,0.154,0.054,-0.0222,0.0065,2.35,-0.0239,4,0.0208
5/28/2010,0.183,0.063,0.06,0.255,0.05,0.156,0.086,-0.0158,0.0274,0.0013,-0.87,0.0079,-1.14,-0.0159
6/4/2010,-0.02,-0.03,-0.014,-0.114,-0.03,-0.004,0.053,0.0225,0.0315,-0.0021,-0.91,-0.0107,-1.52,0.0064
6/11/2010,0.068,-0.062,-0.016,0.064,-0.04,0.092,0.024,-0.0276,-0.0158,-0.0124,0.18,0.0287,-0.87,-0.009
6/18/2010,0.05,-0.11,0.038,0.012,-0.03,0.002,-0.114,-0.0202,-0.0271,-0.0269,1.08,0.0125,-0.85,0.0002
6/25/2010,-0.059,0.038,0.031,0.072,-0.08,-0.152,0.121,0.0069,0.006,-0.0201,1.21,-0.0154,0.02,0.0144
7/2/2010,0.149,0.147,0.056,0.184,0,0.14,0.171,0.0328,-0.0183,-0.015,1.55,-0.0271,1.01,0.0118
7/9/2010,0.021,0.151,0.047,0.111,0.09,0.028,0.089,-0.0363,-0.0085,0.0129,-0.87,0.0292,-0.2,-0.0129
7/16/2010,0.01,-0.007,-0.061,-0.086,0.03,-0.063,-0.152,0.0085,-0.0285,-0.0236,2.12,-0.0256,1.15,0.0069
7/23/2010,0.011,-0.012,0.069,0.104,0.01,0.027,0.043,-0.029,-0.0004,-0.0128,-0.78,0.0216,-2.33,-0.0061
7/30/2010,-0.11,-0.084,0.02,-0.044,-0.02,-0.073,-0.055,-0.009,-0.0153,-0.0279,1.12,0.0084,-0.68,-0.0187
8/6/2010,0.117,0.003,0.001,0.082,-0.03,0.069,0.111,-0.0122,-0.0219,-0.0215,0.93,0.0023,-0.35,-0.0129
8/13/2010,0.099,0.026,0.01,0.11,0,0.153,0.036,0.026,0.0532,0.0396,-0.817,-0.0152,2.11,-0.0042
8/20/2010,0.098,0.041,0.074,0.127,0.02,0.12,0.09,-0.0005,0.0055,0.0058,0.657,-0.0062,1.5,0.005
8/27/2010,0.166,0.072,0.055,0.008,0.01,0.113,0.035,-0.0118,-0.0057,0.0008,0.376,-0.002,0.67,0.0042
9/3/2010,0.073,0.143,-0.074,-0.023,0.01,0.079,0.051,-0.0152,-0.0131,0.0084,1.023,0.0114,2.28,-0.0059
9/10/2010,-0.108,0.039,-0.138,-0.11,0.02,-0.153,-0.084,-0.0107,0.0218,0.0088,0.178,0.0023,1.01,-0.0049
9/17/2010,-0.136,-0.057,-0.014,-0.145,-0.03,-0.044,-0.027,-0.007,-0.0347,-0.0265,-1.651,0.0013,-4.8,-0.0197
9/24/2010,-0.002,-0.077,0.099,0.081,-0.03,0,0.074,-0.0205,-0.0438,-0.0166,1.542,0.0091,0.99,-0.0095
10/1/2010,0.066,0.054,0.073,0.12,-0.03,0.109,0.073,-0.0121,-0.0307,0.0004,1.083,0.0047,1.76,-0.0067
10/8/2010,0.07,0.041,0.042,0.025,-0.01,0.055,0.057,-0.012,-0.0156,-0.0157,1.47,0.0079,1.04,-0.0009
10/15/2010,0.092,0.074,0.092,0.107,0,0.026,0.064,-0.0005,0.0028,-0.0036,0.125,0.0004,-0.09,-0.0064
10/22/2010,-0.067,-0.077,-0.012,-0.221,-0.07,-0.109,-0.107,0.0074,0.002,0.0297,0.083,-0.0137,2.56,-0.0008
10/29/2010,-0.001,-0.005,-0.011,-0.032,-0.25,-0.091,0.036,0.0014,0.0005,-0.0376,0.992,0.0063,-1.46,0.0307
11/5/2010,-0.122,-0.063,-0.043,-0.081,-0.04,-0.056,-0.074,-0.0309,-0.006,-0.014,-0.904,0.0182,-2.59,0.0199
11/12/2010,0.092,-0.084,0.003,0.048,-0.12,0.1,-0.047,0.0295,0.0363,0.0073,-1.203,-0.0114,-1.35,0.0069
11/19/2010,-0.233,-0.057,-0.067,-0.217,-0.08,-0.095,-0.155,0.0007,0.001,0.0144,-1.036,-0.0046,-0.47,0.009
11/26/2010,-0.147,-0.104,-0.068,0.016,0.11,-0.143,-0.084,0.0243,0.0496,0.0412,-0.666,-0.0048,2.39,-0.0034
12/3/2010,0.026,0.017,-0.124,-0.024,-0.13,-0.006,0.03,-0.0257,-0.0141,-0.0177,1.513,0.0148,0.9,-0.0081
12/10/2010,-0.039,-0.022,-0.02,-0.18,0.13,-0.115,-0.058,0.0067,0.0182,-0.0033,-1.237,-0.0056,-2.22,-0.0156
12/17/2010,-0.102,-0.096,0.01,-0.331,0.01,-0.109,-0.154,-0.0044,0.0017,0.0265,0.013,-0.0041,2.24,-0.02
12/24/2010,-0.036,0.059,0.004,0.036,0.03,-0.036,0.138,-0.0172,0.0052,0.0076,1.112,0.0053,2.34,-0.005
12/31/2010,0.032,-0.152,0.04,-0.105,0.01,-0.002,0.004,-0.0213,-0.0273,-0.0169,1.747,0.0102,1.33,0.0282
1/7/2011,0.113,0.14,0.033,0.119,-0.04,0.031,0.05,0.0257,0.0434,-0.0013,-2.13,0.0016,-3.29,0.0016
1/14/2011,-0.116,-0.077,-0.077,0.049,0.02,0.103,-0.07,0.0056,-0.0491,-0.033,0.26,0.0022,-2.34,0.0124
1/21/2011,-0.097,0.041,0,-0.019,-0.05,-0.16,-0.081,0.0005,-0.0252,-0.013,0.305,-0.0058,-0.62,-0.0181
1/28/2011,-0.08,-0.129,-0.013,-0.128,-0.05,-0.131,-0.085,-0.0051,-0.0004,0.0132,0.55,-0.0075,1.97,0.0207
2/4/2011,0.043,0.126,-0.006,0.085,-0.01,0.03,0.082,-0.025,-0.0004,-0.0278,-0.055,0.014,-2.38,-0.0286
2/11/2011,-0.168,-0.224,-0.065,-0.295,-0.01,-0.102,-0.207,0.0116,0.0018,0.0089,-1.165,-0.0008,-1.16,-1.00E-04
2/18/2011,0.026,0.045,-0.005,0.024,-0.02,-0.022,0.01,-0.0137,-0.0165,-0.0251,0.285,0.0006,-1.6,-0.0034
2/25/2011,0.065,0.05,0.006,0.057,0.09,0.044,0.013,-0.0035,-0.0059,0.0133,1.445,0.0074,3.43,-0.0282
3/4/2011,0.188,0.117,0.056,0.103,0.08,0.107,0.102,0.0016,-0.0239,-0.0185,-0.645,0.0049,-2.57,-0.0236
3/11/2011,-0.023,-0.092,-0.052,-0.067,0.05,-0.129,-0.057,0.0015,0.0091,0.0194,0.38,-0.0013,2.23,0.0199
3/18/2011,0.085,0.069,0.05,0.134,0,0.052,0.086,0.0139,-0.0228,-0.0149,0.915,-0.0105,0.25,0.003
3/25/2011,0.131,0.038,0.04,0.111,0.05,0.022,0.104,-0.0304,0.0098,0.019,-0.465,0.004,0.76,0.0052
4/1/2011,-0.104,-0.031,-0.01,-0.138,-0.01,-0.076,-0.069,-0.0142,-0.0191,-0.0101,-2.665,0.0182,-5.15,0.0137
4/8/2011,-0.09,-0.059,-0.06,0.016,0.01,-0.078,-0.1,-0.0178,-0.0254,-0.0274,-0.605,0.0089,-3.28,0.001
4/15/2011,-0.097,-0.236,-0.04,-0.16,0.02,-0.114,-0.046,-0.001,0.0024,0.0057,1.805,-0.0036,3.42,0.0262
4/22/2011,0.209,-0.019,0.034,0.186,0.04,0.113,0.162,-0.0187,-0.0144,-0.0195,1.28,0.0048,0.52,-0.0086
4/29/2011,0.075,0.063,0.071,-0.026,0,0.115,-0.023,-0.0213,-0.0248,-0.0187,0.635,0.008,-0.5,-0.0206
5/6/2011,0.097,0.038,0.01,0.089,0.02,0.021,0.083,0.0271,0.0509,0.0347,0.485,-0.0216,3.61,0.0021
5/13/2011,0.1,-0.014,0.064,0.155,0.01,0.075,0.023,0.0134,0.0248,0.0187,-0.005,-0.0023,1.42,0.0097
5/20/2011,0.017,0.012,0.02,-0.012,0,0.096,0.001,-0.0091,-0.0083,-0.0054,-0.835,-0.0045,-1.8,0.0032
5/27/2011,0.024,-0.11,-0.004,0.017,0,0.024,0.028,-0.0062,-0.0186,-0.0282,0.965,-0.0021,-0.74,0.0268
6/3/2011,0.02,0.285,0,0.033,0,0.08,0.035,-1.00E-04,-0.0327,0.006,0.52,-0.0005,1.36,-0.0036
6/10/2011,0.006,-0.104,-0.01,0.089,0.01,-0.07,0.079,0.0195,0.028,0.0194,-0.06,-0.0027,1.47,0.0296
6/17/2011,0.061,-0.038,-0.015,0.029,-0.03,0.09,-0.017,-0.0098,0.002,0.0044,0.27,-0.001,0.74,-0.0109
6/24/2011,0.011,0.05,0.005,0.049,-0.1,0.003,0.064,0.0111,0.0089,0.0205,-0.31,-0.0081,1.17,0.0083
7/1/2011,0.058,0.036,0.02,0.029,0.05,0.113,0.05,-0.0284,-0.0337,-0.0112,-0.455,0.0294,-1.47,0.0038
7/8/2011,-0.259,-0.254,-0.035,-0.317,0.01,-0.202,-0.262,0.0017,0.0274,0.0002,0.21,-0.0042,0.35,0.0016
7/15/2011,0.185,0.031,-0.021,0.135,-0.02,0.197,0.174,0.0065,0.0063,-0.0106,1.425,0.0076,1.44,0.0156
7/22/2011,0.088,0.184,0.052,0.04,-0.04,0.132,0.052,-0.0217,-0.0236,-0.0186,0.555,0.0065,-0.47,0
7/29/2011,-0.049,-0.054,-0.032,-0.087,-0.17,-0.136,-0.073,-0.0149,0,-0.0094,1.45,-0.0072,1.71,-0.0115
8/5/2011,0.225,0.14,0.009,0.159,-0.01,0.291,0.148,0.0553,0.0081,0.0008,-1,-0.027,-1.58,0.0041
8/12/2011,0.214,0.375,0.059,0.234,-0.08,0.202,0.147,0.006,0.012,0.0183,1.485,-0.0049,3.81,-1.00E-04
8/19/2011,0.24,0.076,-0.041,0.26,0.15,0.093,0.095,-0.0038,-0.0136,-0.0175,0.355,-0.002,-0.73,-0.0039
8/26/2011,0.156,0.225,0.054,0.198,0,0.214,0.166,-0.0186,-0.0126,0.0108,0.14,0.01,1.04,0.009
9/2/2011,-0.132,-0.136,-0.065,-0.073,-0.01,-0.054,-0.076,-0.0069,0.0287,0.0122,-0.125,-0.0039,0.86,-0.0008
9/9/2011,0.06,0.012,0.008,0.229,0,0.143,0.108,0.0155,0.0476,0.0272,-0.64,-0.0109,1.08,-0.0126
9/16/2011,0.127,0.037,0.036,0.033,-0.01,0.238,0.19,0.0051,-0.023,0.0043,0.72,0.0193,1.47,0.0127
9/23/2011,-0.22,-0.08,-0.014,-0.18,-0.02,-0.081,-0.201,0.0511,0.0182,0.0285,0.33,-0.0466,2.69,-0.0107
9/30/2011,0.056,0.155,0.019,0.184,0,0.124,0.178,0.0122,0.0123,-0.0105,-0.47,-0.022,-1.53,-0.0177
10/14/2011,-0.067,-0.154,-0.051,-0.075,-0.02,-0.126,-0.075,-0.0579,-0.0495,-0.027,-0.415,0.0283,-2.72,-0.0098
10/21/2011,-0.143,-0.135,-0.01,-0.156,-0.01,-0.223,-0.163,-0.005,-0.0015,-0.0128,0.865,0.0037,0.39,-0.0063
10/28/2011,0.077,-0.007,0.017,0.03,0.06,0.114,0.046,-0.0371,-0.028,-0.0176,0.32,0.0179,-0.71,-0.0138
11/4/2011,-0.082,-0.045,-0.034,-0.124,-0.01,-0.066,-0.067,0.0309,0.0353,0.0089,-2.49,-0.0255,-3.32,-0.0073
11/11/2011,0.291,0.199,0.051,0.186,0.05,0.379,0.228,0.0132,0.0066,-0.0009,0.94,0.0059,1.43,-0.0029
11/18/2011,0.023,0.21,0.026,-0.03,0.1,-0.066,0.012,0.0307,0.0253,0.027,0.275,-0.0169,2.51,-0.0111
11/25/2011,0.022,0.21,0.027,0.085,-0.07,-0.079,0.011,0.0287,0.0286,0.0354,-0.835,-0.0199,1.41,0.0106
12/2/2011,-0.055,0.183,-0.073,-0.01,0.02,-0.287,0.016,-0.0414,-0.0078,-0.0103,-0.51,0.0245,-1.62,-0.0004
12/9/2011,0.009,-0.087,0.016,0.022,0.14,0.136,0.063,0.0015,0.0024,-0.0071,0.425,0.0016,0.11,-0.0037
12/16/2011,0.132,0.164,0.054,0.03,-0.03,0.006,0.077,0.0208,0.0318,0.01,-0.13,-0.018,0.57,0.0026
12/23/2011,0.087,0.089,0.045,0.174,-0.01,0.309,0.195,-0.018,-0.0009,-0.0058,-0.295,0.0181,-0.89,-0.0053
12/30/2011,-0.006,-0.011,-0.002,-0.172,-0.01,-0.104,-0.133,-0.0043,0.0082,0.007,1.17,-0.0016,2.24,-0.0023
1/6/2012,0.058,0.033,-0.01,0.16,0.05,0.096,0.068,-0.0004,0.0224,0.008,0.145,-0.0086,0.89,0.0013
1/13/2012,0.001,-0.096,0.01,-0.01,0,-0.025,0.039,-0.012,0.0013,0.0099,-0.155,0.0063,0.51,-0.0006
1/20/2012,0.059,-0.009,0.04,0.122,-0.01,0.083,0.038,-0.0189,-0.0293,-0.028,-0.12,0.0108,-2.34,0.0006
2/3/2012,-0.157,-0.101,-0.038,-0.128,0.02,-0.173,-0.123,-0.0138,0.0056,-0.0088,0.16,0.0083,-0.41,0.0035
2/10/2012,-0.136,0.124,0.019,-0.107,-0.04,-0.109,-0.082,0.0088,-0.0071,0.0063,-1.07,-0.0078,-1.2,-0.0012
2/17/2012,0.044,-0.165,-0.004,-0.045,-0.09,-0.003,-0.033,0.0002,0.0099,-0.0035,-1.905,0.0034,-3.28,-0.0012
2/24/2012,-0.038,-0.052,0.035,-0.01,-0.05,0.004,0.014,0.0079,-0.0246,-0.0011,-1.45,-0.0062,-2.4,0.0012
3/2/2012,0.146,-0.01,-0.019,0.046,-0.02,0.075,0.047,-0.0021,0.026,0.0059,-0.205,0.0101,0.17,-0.0119
3/9/2012,-0.06,-0.031,0.006,-0.047,-0.04,0.078,0.038,0.0152,0.0074,0.0161,-0.625,-0.0005,0.36,0.008
3/16/2012,-0.011,0.068,-0.001,-0.045,0.02,0.028,-0.074,-0.0021,-0.0059,-0.0178,-0.98,-0.001,-3,0.0015
3/23/2012,-0.303,-0.247,-0.059,-0.295,0,-0.258,-0.24,0.0136,-0.0089,-0.0025,1.155,-0.007,1.65,0.0039
3/30/2012,0.156,0.085,0.013,0.037,-0.01,0.181,0.032,0.0128,-0.0073,-0.0139,-0.42,-0.0007,-1.8,0.0135
4/6/2012,0.08,0.171,0.041,0.053,0.01,0.079,0.086,0.0137,0.0262,0.0183,1.33,0.0028,2.49,0.0053
4/13/2012,0.094,0.112,0.016,0.025,-0.02,0.118,-0.019,-0.0075,0.002,0.0046,0.645,-0.0022,1.41,0.0042
4/20/2012,0.049,0.064,0.021,0.032,-0.03,-0.056,0.071,-0.0016,-0.0149,-0.0272,-0.585,0.0069,-3.12,-0.0077
4/27/2012,-0.149,-0.008,-0.001,0,-0.01,0.008,-0.085,-0.0096,-0.0065,-0.0138,1.31,0.0124,1.02,-0.0079
5/4/2012,0.029,0.18,0.025,-0.013,0,-0.004,-0.067,0.0278,0.0156,0.0118,0.49,-0.0149,1.74,-0.0108
5/11/2012,0.135,0.115,-0.002,0.039,0.01,0.119,0.055,0.0134,0.0106,0.0077,-0.187,-0.0045,0.41,-0.0014
5/18/2012,0.007,0.11,0.01,0.032,0.02,0.045,-0.001,0.0168,0.0111,0.0246,0.964,-0.0204,3.49,-0.0164
5/25/2012,0.099,0.151,0.027,0.079,0.09,0.072,0.031,0.0089,0.0263,0.0147,-0.452,-0.0079,0.45,0.0062
6/1/2012,0.083,-0.043,-0.044,-0.01,0.03,0.073,0.097,0.0112,0.0144,0.0325,1.609,-0.0141,5.06,0.0044
6/8/2012,0.244,0.341,0.065,0.259,-0.01,0.237,0.17,-0.0208,-0.0082,-0.0098,-1.38,0.012,-2.9,-0.0036
6/15/2012,-0.015,-0.358,-0.06,-0.137,0.03,-0.147,-0.129,-0.0096,-0.0004,-0.0194,0.756,0.0003,-0.34,0.0057
6/22/2012,0.025,0.001,0.023,0.047,-0.06,-0.014,0.066,0.0063,0.0169,0.0138,-1.483,-0.0042,-1.25,0.0068
6/29/2012,-0.013,-0.004,0.041,-0.105,0,-0.045,-0.075,-0.0191,-0.0114,-0.0116,0.678,0.0092,0.08,-0.0052
7/6/2012,-0.053,-0.008,0.003,-0.034,0.04,-0.003,0.014,0.005,0.0382,0.0212,0.257,-0.0028,2.09,0.0003
7/13/2012,0.112,0.115,0.05,0.099,0.04,0.268,0.045,-0.0046,0.0019,-0.0089,0.465,0.006,-0.07,-0.0051
7/20/2012,0.045,0.129,0.027,0.025,0.01,0.076,0.022,-0.014,0.0095,-0.0034,0.75,0.0014,0.79,-0.014
7/27/2012,0.04,-0.011,0.027,0.017,-0.02,0.097,0.016,-0.0125,-0.0197,-0.0137,0.04,0.0108,-1.15,0.0047
8/3/2012,-0.07,-0.1,0.001,-0.155,0.01,-0.25,-0.181,-0.0093,-0.0083,0.0093,0.005,0.0029,0.77,0.0034
8/10/2012,-0.031,0.059,0.015,-0.036,0,-0.006,-0.024,-0.0001,0.0103,-0.0051,0.345,0.0103,0.15,-0.0087
8/17/2012,-0.006,0.06,-0.047,-0.091,0,0.045,0.006,0.014,-0.0047,-0.0018,-1.275,0.0021,-2.15,0.0096
8/24/2012,-0.144,-0.177,-0.062,-0.155,-0.03,-0.111,-0.138,0.0026,-0.0173,-0.0107,0.933,-0.0031,0.53,0.0093
8/31/2012,0.195,0.165,0.022,0.157,-0.03,0.167,0.156,0.0096,-0.0066,-0.0049,0.27,0.0054,0.07,-0.0022
9/7/2012,0.046,0.142,0.012,0.116,-0.04,0.013,0.054,-0.0093,-0.0236,-0.0125,0.087,0.0079,-0.81,0.0062
9/14/2012,-0.076,-0.061,-0.03,-0.096,-0.06,-0.19,-0.065,-0.0183,-0.0324,-0.0199,-0.153,0.0053,-1.87,0.0062
9/21/2012,-0.299,-0.125,0.016,-0.19,-0.1,-0.193,-0.109,0.0103,0.0141,-1.00E-04,0.227,-0.0064,0.37,0.0098
9/28/2012,0.13,0.123,0.025,0.09,0.03,0.12,0.12,0.0073,0.0121,0.0094,0.243,-0.0068,1.12,0.0092
10/12/2012,0.09,0.216,0.023,0.088,0.05,0.12,0.093,-0.0068,0.0071,0.0069,0.24,-0.0016,0.9,-0.0097
10/19/2012,0.037,0.045,0.025,0.057,-0.06,0.038,0.018,-0.0081,-0.0065,0.0078,-0.903,-0.015,-0.85,-0.0113
10/26/2012,-0.143,-0.163,-0.011,-0.091,-0.01,-0.141,-0.05,-0.0053,0.0082,-0.009,-0.356,-0.0025,-1.29,0.0037
11/2/2012,0.027,-0.117,-0.003,0.053,-0.03,0.059,0.034,0.0012,0.0088,0.0064,-0.766,0.0036,-0.72,0.0076
11/9/2012,-0.003,0.025,-0.011,0.004,-0.03,0.059,0.029,-0.0042,0.0111,0.0126,1.035,-0.006,2.63,-0.0214
11/16/2012,0.123,0.054,0.043,0.078,-0.01,0.086,0.037,0.0051,-0.0026,0.0023,-1.848,-0.0009,-2.84,0.003
11/23/2012,-0.005,0.035,-0.006,0.027,-0.04,0.011,0.012,-0.0106,-0.0233,-0.0137,-1.003,0.0086,-2.7,0.0038
11/30/2012,-0.09,-0.219,-0.011,-0.081,-0.02,-0.097,-0.069,0.0031,-0.0012,0.0014,-0.096,-0.0019,0,-0.0025
12/7/2012,0.069,0.125,0.017,0.057,0.04,0.047,0.075,-0.0058,0.0068,-0.0015,-0.107,0.0053,-0.24,0.0125
12/14/2012,0.026,0.033,0.01,0.017,-0.05,0.078,0.004,-0.008,-0.0269,-0.014,-0.929,0.0009,-2.71,0.0101
12/21/2012,-0.14,-0.2,-0.023,-0.098,0.019,-0.074,-0.108,0.0162,-0.0005,0.0006,-0.134,-0.0079,-0.17,-0.0175
12/28/2012,-0.009,0.073,-0.034,-0.048,-0.025,0.007,0.001,0.0033,-0.0039,-0.0011,-1.629,-0.0038,-2.72,-0.0028
1/4/2013,0.076,0,-0.039,0.056,0.02,0.067,0.035,-0.0103,0.0147,0.0091,-2.327,0.0078,-2.93,0.004
1/11/2013,-0.232,-0.125,-0.033,-0.219,-0.03,-0.159,-0.178,-0.0025,-0.0266,-0.0058,-0.862,0.0009,-1.84,0.0032
1/18/2013,0.014,-0.033,0.023,0.029,0.03,-0.055,-0.018,0.0023,0.0048,0.0255,-0.488,-0.0074,1.41,0.0019
1/25/2013,0.051,0.028,0.064,-0.007,0.036,0.017,0.015,0.0078,-0.0149,0.0055,-0.714,-0.0134,-0.64,0.0117
2/1/2013,-0.049,0.05,0.022,-0.082,0.01,-0.07,-0.007,0.0009,-0.0182,0.008,-1.725,0.0102,-1.96,0.0153
2/8/2013,-0.036,-0.092,-0.021,-0.052,-0.02,-0.004,-0.092,0.0097,0.0283,-0.0095,0.122,-0.0057,-0.7,-0.0044
2/22/2013,0.032,0.105,0.003,0.049,0.018,0.105,0.088,-0.0043,0.0155,0.0326,0.472,-0.0133,3.77,-0.013
3/1/2013,0.062,0.025,0.026,0.042,0.013,0.066,0.031,0.0086,0.0175,0.0053,0.618,-0.0037,1.51,-0.0056
3/8/2013,0.28,0.177,0.073,0.126,-0.08,0.164,0.151,-0.0038,0.0013,0.0113,-2.452,-0.0013,-2.65,-0.0069
3/15/2013,-0.192,-0.23,0.005,-0.217,-0.03,-0.131,-0.145,-0.0202,-0.0087,-0.0206,0.89,0.0094,-0.64,-0.0132
3/22/2013,0.101,-0.047,0.031,0.048,-0.031,0.051,0.019,-0.009,-0.0084,-0.012,0.38,-0.0003,-0.57,0.0076
3/29/2013,0.034,-0.059,0.046,0.036,-0.04,0.001,0.045,0.0039,0.0155,0.0034,0.446,0.0057,1,0.0075
4/5/2013,0.097,0.183,0.025,0.115,-0.05,0.108,-0.023,0.0024,-0.0185,-0.0138,-3.277,-0.001,-6.38,0.0128
4/12/2013,0.124,0.088,0.067,0.189,0.104,0.061,0.168,-0.0139,-0.0119,-0.0014,-0.109,0.0031,-0.2,0.0094
4/19/2013,-0.084,-0.06,-0.094,0.002,0.15,-0.039,0.003,0.0224,0.0052,0.0111,-1.118,-0.0124,-0.71,0.0036
4/26/2013,0.076,0.048,0.042,0.006,-0.005,0.012,0.008,-0.0007,0.0043,-0.0241,1.73,0.0087,0.24,0.0105
5/3/2013,0.018,0.042,-0.012,0.052,0.05,0.053,0.014,-0.0031,-0.0056,-0.009,-1.027,0.0089,-2.5,0.0033
5/10/2013,-0.026,0.072,0.035,-0.09,0.147,-0.024,-0.054,0.0294,0.0133,0.0208,-2.446,-0.0037,-1.7,0.0008
5/17/2013,-0.164,-0.113,-0.131,-0.153,-0.082,-0.138,-0.131,0.0283,0.0151,0.0189,-1.51,-0.018,-0.35,0.0011
5/24/2013,0.007,0.135,-0.081,-0.034,0.12,0.044,-0.038,0.0106,-0.009,0.0063,1.49,-0.0046,2.93,0.0111
5/31/2013,0.02,-0.083,-0.027,-0.076,-0.03,-0.075,-0.008,0.0082,-0.006,-0.0064,0.79,-0.0053,0.55,-0.0137
6/7/2013,-0.055,-0.032,-0.021,-0.122,-0.005,-0.08,-0.149,0.0108,-0.023,-0.0385,3.04,0.0171,0.99,0.003
6/14/2013,-0.054,0.109,0.006,0.007,-0.04,-0.037,-0.028,-0.0171,-0.0147,-0.0173,3.806,0.0049,4.25,0.0132
6/21/2013,-0.002,-0.041,0.031,0.06,-0.05,0.031,-0.043,0.0335,0.0226,0.0289,-3.586,-0.0283,-2.8,-0.0006
6/28/2013,-0.314,-0.355,-0.06,-0.397,-0.12,-0.192,-0.293,0.0088,0.0087,0.018,-1.232,-0.004,-0.09,0.0108
7/5/2013,0.05,0.15,0.032,0.175,0.05,0.043,0.041,0.0066,0.0183,0.0322,-2.01,-0.0055,0.21,0.0044
7/12/2013,-0.043,-0.044,-0.002,-0.194,-0.07,0.018,-0.145,-0.001,-0.0254,-0.0227,1.924,0.0186,0.61,0.0107
7/19/2013,0.146,0.254,0.043,0.122,-0.01,0.142,0.118,-0.0111,-0.0078,-0.0166,-1.106,0.002,-3.27,0.0071
7/26/2013,0.044,0.071,0.012,0.144,-0.12,0.033,0.082,-0.0097,-0.0146,-0.0115,2.08,0.0091,2.05,0.0135
8/2/2013,-0.063,-0.123,0.022,-0.086,0,-0.15,-0.112,0.0356,-0.0006,0.0094,-0.52,-0.0108,0.04,0.0103
8/9/2013,-0.098,-0.022,-0.016,-0.039,0.03,0,-0.044,-0.0282,-0.0067,-0.0227,2.786,0.0096,2.09,0.0042
8/16/2013,-0.059,-0.072,0.059,0.037,-0.13,-0.039,0.028,-0.0006,0.0003,-0.0126,-1.218,-0.0045,-3.13,0.0101
8/23/2013,-0.226,-0.295,0.002,-0.238,-0.1,-0.199,-0.261,0.0154,-0.005,0.0049,-1.037,-0.0169,-1.15,-0.0228
8/30/2013,0.021,-0.044,-0.018,0.028,-0.13,-0.028,0.039,0.0128,0.0168,0.0079,0.443,-0.0019,1.46,0.0042
9/6/2013,-0.109,0.076,0.047,0.075,-0.02,0.07,0.075,-0.0254,0.0038,-0.0107,-0.707,0.0119,-2.21,0.0022
9/13/2013,-0.112,-0.214,-0.059,-0.101,-0.03,-0.056,-0.083,-0.005,-0.013,-0.0246,0.52,0.0056,-1.65,0.0131
9/20/2013,0.041,-0.002,0.064,0.003,-0.04,-0.017,-0.013,-0.0055,-0.0151,-0.0072,-0.52,0.0009,-1.59,0.0134
9/27/2013,-0.045,0.029,0.028,0.077,0.15,-0.011,0.052,0.0059,0.001,-0.0147,1.031,0.0006,0.22,-0.0029
10/4/2013,0.23,0.082,0.015,0.12,0,0.166,0.164,-0.0128,-0.0072,0.0124,0.327,0.0024,1.73,-0.0079
10/11/2013,-0.059,-0.19,0.031,-0.046,0,-0.085,-0.062,-0.0037,0.0011,0.0068,-1.269,-0.0057,-1.35,-0.0041
10/18/2013,-0.035,-0.08,-0.004,-0.057,0.15,-0.047,-0.027,-0.0239,-0.0124,-0.0199,0.313,0.0069,-1.41,-0.0049
10/25/2013,0.012,-0.029,0.035,0.125,-0.02,0.016,0.104,0.0078,-0.0125,-0.0008,0.537,-0.0162,0.81,-0.0185
11/1/2013,0.105,0.126,0.011,0.089,-0.01,0.085,0.12,0.0152,0.0323,0.025,-1.143,0.0031,0.62,0.0159
11/8/2013,-0.013,-0.07,0.013,-0.102,0.11,0.069,-0.084,0.0064,0.0131,-0.0085,-0.466,-0.0057,-1.58,0.0066
11/15/2013,-0.133,0.002,0.005,-0.132,-0.08,-0.069,-0.121,0.0008,-0.0134,-0.0111,-1.055,0.0038,-2.82,0.0123
11/22/2013,0.012,0.031,-0.04,0.054,-0.05,0.042,0.084,0.0207,-0.0057,-0.0097,-1.07,-0.0086,-2.72,0.0036
11/29/2013,-0.056,-0.109,0.021,-0.049,-0.03,-0.052,-0.008,0.0059,-0.0031,-0.0133,-1.14,-0.0093,-3.21,0.0005
12/6/2013,0.028,0.061,0.023,0.018,0.2033,0.054,0.029,0.0019,-0.0114,0.003,-0.38,-0.0037,-0.33,0.0185
12/13/2013,-0.101,-0.162,-0.071,-0.102,-0.06,-0.138,-0.1,0.0158,-0.0024,0.0053,-0.08,0.0048,0.41,0.0155
12/20/2013,0.006,0.106,-0.007,-0.022,-0.07,0.018,0.034,0.0022,0.0056,-0.0043,-0.92,-0.0057,-1.9,-0.0055
12/27/2013,-0.057,0.025,0.006,-0.037,-0.03,-0.053,-0.005,0.0058,-0.007,-0.0145,-1.22,-0.0065,-3.4,0.0006
1/3/2014,-0.117,-0.007,-0.03,-0.09,0.01,-0.074,-0.098,-0.009,0.0179,0.0085,0.54,0.0067,1.77,0.0056
1/10/2014,0.046,-0.064,-0.032,-0.004,0.06,0.015,0.017,-0.0047,-0.0065,-0.0073,0.78,-0.0268,0.54,-0.0009
1/17/2014,0.137,0.126,0.046,0.113,0.02,0.081,0.182,0.0218,0.0138,0.0077,-0.2,-0.0069,0.48,0.0222
1/24/2014,0.035,0.11,-0.016,0.026,0.09,0.091,0.051,0.0078,-0.0143,-0.0085,2.04,-0.0107,2.5,0.0087
1/31/2014,0.062,0.028,0.043,0.105,0.07,0.094,0.093,-0.0057,0.0195,0.004,-0.12,-0.0072,0.25,-0.0268
2/7/2014,0.079,0.045,0.011,0.082,-0.05,0.008,0.069,-0.0197,-0.0151,0.0012,-0.12,0.008,-0.06,0.0011
2/14/2014,0.008,-0.137,0,-0.012,-0.01,-0.002,-0.026,-0.0084,-0.0077,-0.0336,0.8,0.0055,-2.11,0.0017
2/21/2014,-0.088,0.049,0.022,-0.07,-0.01,-0.018,-0.06,0.0084,-0.0036,0.0122,-0.84,-0.0157,-0.17,-0.0015
2/28/2014,0.028,-0.056,-0.005,-0.004,-0.02,0.025,0.033,0.0046,-0.0065,-0.0112,0.78,0.003,0.16,0.0194
3/7/2014,0.057,0.174,0.013,0.081,0.12,0.036,0.102,-0.0165,-0.0098,0.0017,-1.82,-0.0009,-2.91,-0.0061
3/14/2014,-0.13,-0.194,-0.037,-0.178,-0.08,-0.074,-0.147,0.0029,-0.0036,0.0079,1.84,-0.0014,3.87,0.0117
3/21/2014,0.104,0.173,0.004,0.157,0.04,0.085,0.152,-0.0063,0.0113,0.0149,-0.85,-0.0122,0.12,-0.0065
3/28/2014,-0.088,-0.134,0.021,-0.078,-0.01,-0.09,-0.089,-0.0151,0.0041,-0.0151,-0.6,0.0167,-2.53,-0.0024
4/4/2014,0.045,0.097,-0.028,0.056,0,0.093,0.063,-0.0035,0.0051,0.0064,-0.36,0.0076,0.04,-0.0127
4/11/2014,0.044,-0.065,-0.019,0.018,-0.01,-0.007,-0.016,-0.011,-0.0183,-0.0164,1.71,1.00E-04,1.17,0.0002
4/18/2014,0.069,0.079,0.038,0.109,0,0.034,0.088,0.0065,0.0046,-0.0055,-0.83,-0.0048,-1.95,-0.0069
4/25/2014,-0.056,0.028,-0.002,-0.084,0.14,-0.013,-0.046,0.0062,-0.0021,-0.0003,0.29,-0.0012,0.49,0.0081
5/2/2014,0.038,0.068,-0.018,0.056,0.06,0.045,0.045,0.0003,-0.0031,-0.0072,-0.1,0.0055,-0.9,0.0112
5/9/2014,0.012,0.015,0.014,0.089,0.05,0.042,0.071,-0.0075,0.0116,0.0025,0.44,0.0081,0.98,-0.0148
5/16/2014,-0.039,0.092,0.002,-0.047,0.21,-0.004,-0.018,-0.0006,0.0059,0.0032,0.32,0.0042,0.83,0.001
5/23/2014,0.154,0.132,0.021,0.127,-0.06,0.137,0.107,0.0136,0.0066,-0.0004,-0.47,-0.0008,-0.83,0.0044
5/30/2014,-0.076,-0.06,-0.007,-0.012,0.06,-0.091,-0.026,-0.0074,-0.0007,0.0071,0.18,0.0028,1.03,-0.0152
6/6/2014,0.077,0.097,0.011,0.082,0.04,0.059,0.063,-0.0023,-0.0013,-0.0047,-0.72,-0.0087,-1.68,-0.0024
6/13/2014,-0.074,-0.1,-0.018,-0.101,-0.05,0.013,-0.064,-0.0065,0.0106,-0.0164,0.56,0.0072,-0.74,0.0138
6/20/2014,-0.065,0.018,-0.009,0.013,-0.02,-0.004,0.026,0.0016,-0.006,-0.004,-0.06,0.0103,-0.51,0.0052
6/27/2014,-0.021,0.097,0.019,-0.043,0.04,0.013,-0.012,-0.0045,-0.0054,-0.0022,0.66,0.0095,0.93,0.0042
7/4/2014,0.124,0.146,0.02,0.067,-0.01,0.088,0.048,0.0058,0.0051,-0.0123,-0.63,0.0007,-2.32,0.0028
7/11/2014,-0.111,-0.035,-0.005,-0.121,-0.04,-0.003,-0.09,-0.003,-0.0015,0.0043,0.74,-0.0079,1.73,0.0048
7/18/2014,0.167,0.165,0.028,0.113,0.08,0.056,0.122,-0.001,0.008,0.0034,-0.02,-0.0004,0.33,-0.0163
7/25/2014,0.029,0.073,-0.015,0.046,-0.11,0.057,0.051,1.00E-04,0.0098,0.0105,-0.48,-0.0078,0.24,-0.018
8/1/2014,0.012,-0.039,0.006,0.017,0.004,0.01,0.049,0.0086,0.0008,0.016,-0.8,-0.0113,0.27,0.0037
8/8/2014,0.03,-0.114,-0.009,-0.021,0.016,0.023,0.009,0.0032,0.0015,0.0047,0.49,-0.0052,1.31,-0.0022
8/15/2014,0.093,0.138,0.021,0.081,0.021,0.091,0.09,-0.0047,0.0009,0.0077,-0.22,0.0082,0.44,-0.0022
8/22/2014,0.151,-0.004,0.009,0.091,0.093,0.115,0.048,0.0007,0.0149,0.0143,-1.58,-0.0057,-1.17,-0.0111
8/29/2014,-0.014,-0.115,-0.012,-0.037,-0.028,0.003,-0.028,-0.0048,0.0052,-0.0061,0.17,0.0094,-0.36,-0.0039
9/5/2014,0.111,0.188,0.013,0.048,0.032,0.07,0.054,-0.0049,0.0178,0.0262,-0.91,-0.0008,1.24,-0.0096
9/12/2014,-0.09,-0.173,-0.045,-0.068,-0.025,-0.038,-0.041,0.0323,0.0006,-0.0069,-2.19,-0.0211,-4.35,0.0176
9/19/2014,-0.047,-0.186,-0.042,-0.177,-0.008,-0.15,-0.134,0.0087,0.0131,-0.003,-1.66,0.014,-3.05,0.0075
9/26/2014,-0.007,-0.079,0.017,0.018,0.148,0.043,-0.031,0.0167,0.0145,0.0046,-0.27,-0.0195,0.07,-0.0182
10/3/2014,0.044,0.172,0.034,0.031,0.102,0.049,0.064,0.0082,0.0171,0.0262,-0.46,-0.0103,2.12,-0.003
10/10/2014,0.082,0.069,0,0.052,0,0.067,0.058,-0.001,-0.0101,-0.0092,1.99,0.0036,2.27,0.0048
10/17/2014,0.148,0.111,0.023,0.125,-0.017,0.025,0.081,-0.0083,-0.0132,-0.0022,0.57,-0.0077,0.69,0.0059
10/24/2014,0.005,0.035,0.019,-0.003,0.218,0.016,-0.001,-0.0033,0.0089,0.0007,-1.05,0.0049,-1.62,-0.0155
10/31/2014,-0.049,0.053,0.017,-0.091,-0.018,-0.035,-0.051,0.0006,0.0153,0.0099,-4.11,-0.0026,-5.51,-0.0091
11/7/2014,0.007,0.025,0.013,-0.066,0.064,0.058,-0.024,0.0125,0.0057,0.01,-1.66,-0.0054,-1.51,0.0118
11/14/2014,0.016,-0.027,-0.035,0.013,0.165,-0.002,0.016,-0.0117,-0.0063,0.0211,-1.79,0.0049,-0.44,0.006
11/21/2014,0.069,-0.039,-0.017,-0.025,-0.019,0.032,-0.042,0.0089,0.013,0.0009,-1.12,0.0054,-1.65,0.0033
11/28/2014,0.039,0.02,0.009,-0.005,0.049,0,0.018,0.0156,-0.0073,0.001,-0.81,-0.0196,-1.15,0.014
12/5/2014,0.115,0.218,0.04,0.137,0.087,0.07,0.166,0.0151,0.0158,0.0061,-2.58,-0.0003,-3.3,0.0049
12/12/2014,-0.113,-0.04,-0.015,-0.153,-0.134,-0.085,-0.102,0.0046,-0.0168,-0.0153,3.15,-0.0134,3.09,0.0189
12/19/2014,0.229,0.162,0.035,0.207,0.063,0.157,0.185,0.011,0.0249,0.0102,-1.3,-0.0034,-0.82,0.0097
12/26/2014,-0.033,-0.105,0.028,-0.044,0.021,0.035,-0.045,0.0019,0.0044,0.0072,-0.85,-0.0014,-0.48,0.005
1/2/2015,-0.038,-0.009,0.019,-0.063,0.051,0,-0.097,0.0018,0.0174,0.0223,-0.09,-0.0137,2.47,-0.0049
1/9/2015,0.139,0.073,-0.005,0.102,0.052,0.087,0.126,-0.0131,0.0105,0.0118,1.97,-0.007,4.39,0.0062
1/16/2015,0.126,0.042,0.045,0.133,-0.004,0.011,0.079,-0.0015,0.0298,0.0033,0.62,-0.0113,1.33,-0.0118
1/23/2015,0.067,0.118,0.011,0.15,0.105,0.039,0.143,0.0304,0.0352,0.0143,-0.39,-0.0447,1.1,-0.0056
1/30/2015,0.059,-0.023,0,0.01,0.078,0.097,0.028,0.0104,-0.0152,-0.0056,0.22,-0.0261,-0.33,-0.0069
2/6/2015,0.154,0.145,-0.054,0.142,-0.044,0.04,0.155,-0.0033,-0.0007,-0.0144,-1.73,0.0164,-4.32,0.0107
2/13/2015,-0.305,-0.052,-0.063,-0.265,0.089,-0.057,-0.153,0,-0.0088,-0.0168,0.29,0.0064,-1.55,0.0157
2/20/2015,-0.05,0.055,-0.072,-0.126,0.067,0.02,-0.033,-0.0076,0.0016,0.0023,-0.45,-0.0087,-0.41,-0.0034
2/27/2015,-0.073,-0.002,0.032,-0.106,0.032,-0.017,0.027,0.0027,0.0191,-0.0048,-0.54,0.0029,-1.42,0.0088
3/6/2015,0.013,0.127,0.047,0.108,-0.005,0.056,0.121,0.0085,0.0331,0.0377,-1.02,-0.0104,2.98,-0.0143
3/13/2015,-0.168,-0.158,-0.057,-0.225,-0.084,-0.057,-0.316,0.0082,0.0345,0.0319,-0.74,-0.0177,2.76,0.007
3/20/2015,0.232,0.217,-0.008,0.111,0.059,0.123,0.109,-0.015,-0.0324,-0.0212,1.27,0.023,-0.67,0.0122
3/27/2015,0.17,0.146,0.087,0.159,0.004,0.078,0.152,0.0031,-0.0049,0.0082,0.89,-0.004,2.3,0.0038
4/3/2015,-0.034,-0.019,-0.057,-0.0364,-0.012,-0.035,-0.082,0.0103,-0.0081,-0.0023,0.22,0.0124,0.06,0.0184
4/10/2015,-0.041,0.08,0.018,0.0384,0.073,0.003,0.051,-0.0048,0.0388,0.0273,-1.33,-0.0116,1.31,-0.013
4/17/2015,0.005,-0.055,0.013,-0.1213,-0.131,0.029,-0.098,-0.0112,-0.0222,-0.0335,1.44,0.0353,-1.88,0.0068
4/24/2015,0,0.005,0.031,0.0733,0.148,0.073,-0.018,-0.0021,-0.0054,-0.021,0.06,0.0056,-2.4,-0.0156
5/1/2015,-0.072,-0.157,0.011,-0.0468,0.094,-0.089,-0.03,-0.0011,-0.0345,0.0031,-1.29,0.0025,-1.58,-0.011
5/8/2015,-0.202,-0.18,-0.09,-0.2101,0.128,-0.228,-0.22,-0.0095,-0.0013,-0.0316,0.51,0.0075,-3.01,-0.0195
5/15/2015,0.024,-0.157,-0.053,-0.0307,-0.021,-0.172,-0.004,-0.0111,-0.0247,-0.0281,0.43,0.0065,-2.7,-0.0092
5/22/2015,0.035,-0.107,0.016,0.0054,0.036,-0.087,-0.004,0.0222,0.0434,0.0254,-2.17,-0.0283,-0.32,0.0097
5/29/2015,-0.056,-0.073,-0.028,-0.0668,-0.012,0.034,0.003,0.0165,-0.0002,0.0176,-2.54,-0.0135,-1.76,-0.0092
6/5/2015,0.097,0.18,0.015,0.079,-0.131,0.107,0.163,0.0022,-0.0132,0.0012,-1.48,0.0007,-2.11,-0.0048
6/12/2015,-0.245,-0.307,-0.118,-0.2845,0.04,-0.355,-0.2,-0.0111,-0.0155,-0.0296,2.18,0.0131,-0.33,-0.0261
6/19/2015,0.088,0.016,-0.018,0.0014,0.017,0.026,0.026,-0.0026,-0.0129,-0.0315,0.52,0.005,-3.05,-0.0181
6/26/2015,-0.039,0.096,0.08,0.0712,0.033,0.032,0.056,0.011,0.0197,0.013,-0.87,-0.005,0.24,0.0056
7/3/2015,-0.116,-0.151,-0.061,-0.165,-0.01,-0.11,-0.115,0.0092,-0.0118,0.0108,-0.05,-0.0215,1.26,-0.0066
7/10/2015,0.049,-0.198,-0.051,-0.0545,-0.044,-0.042,0.061,0.0024,-0.0147,0.0035,-0.8,-0.0073,-0.82,0.0135
7/17/2015,-0.116,-0.059,0.028,-0.1015,0.157,-0.168,-0.001,0.0046,0.0295,-0.0081,-1.51,-0.0291,-3.36,-0.0234
7/24/2015,0.058,0.015,0.005,0.0376,-0.016,0.098,0.154,0.0087,-0.0146,0.0094,0.33,-0.0051,1.68,0.0224
7/31/2015,0.155,0.145,0.012,0.099,0.049,0.103,0.074,-0.0035,-0.0003,-0.0106,-0.21,-0.0035,-1.64,-0.0008
8/7/2015,0.043,0.015,0.01,0.0787,0.026,0.05,0.031,-0.0098,0.0021,0.0136,-0.29,-0.0044,1.23,-0.0133
8/14/2015,0.05,-0.093,-0.017,0.0321,0.04,-0.006,-0.037,0.0033,-0.0148,-0.016,-0.07,0.0038,-2.09,-0.0059
8/21/2015,-0.017,-0.006,0.026,-0.0122,-0.051,0.013,0.055,0.0047,-0.0252,-0.0043,2.13,-0.0075,2.8,0.0322
8/28/2015,0.185,0.211,0.03,0.1524,0.003,0.089,0.09,0.0135,0.0188,0.0287,0.54,-0.0034,4.32,-0.014
9/4/2015,-0.192,-0.195,-0.032,-0.1825,0.124,-0.204,-0.207,0.0245,0.0035,0.0229,2.52,-0.0053,6.6,0.008
9/11/2015,0.136,0.093,0.014,0.0404,0.097,0.066,-0.016,-0.017,-0.0183,-0.0247,-1.58,0.0004,-5.39,-0.0224
9/18/2015,0,-0.095,0.013,-0.0393,-0.033,0.007,0.011,-0.0108,0.0054,-0.0094,0.57,0.0043,-0.26,-0.0027
9/25/2015,0.003,-0.052,0.006,0.0494,0.049,-0.004,-0.005,0.0156,0.0082,0.033,-0.45,-0.0093,3.28,0.0235
10/2/2015,0.003,0.034,-0.003,-0.018,0.003,0.014,-0.045,-0.0019,-0.0014,0.0025,0.46,0.0164,1,0.0089
10/9/2015,0.128,0.094,0.002,0.1587,0.074,0.121,0.123,-0.0272,-0.0141,-0.0145,-0.22,0.022,-2.07,-0.0019
10/16/2015,-0.134,-0.132,-0.02,-0.1041,0.015,-0.1,-0.114,0.0053,0.0007,-0.0119,0.71,0.004,-0.33,0.0283
10/23/2015,0.061,0.136,0.004,0.0194,0.085,0.065,0.013,0.0045,0.0347,0.0128,-2.09,-0.0262,-1.7,-0.0022
10/30/2015,-0.042,-0.017,0.02,-0.0603,0.12,0.038,-0.037,0.0083,0.0017,-0.0112,0.73,0.0101,-0.23,0.0163
11/6/2015,-0.075,0.042,0.016,-0.0715,-0.037,-0.013,-0.068,0.0082,0.0287,0.0403,-2.71,-0.0234,0.77,-0.0261
11/13/2015,-0.107,-0.169,-0.012,-0.185,-0.052,-0.177,-0.154,-0.0095,-0.002,-0.0183,0.67,-0.0014,-1.25,-0.0126
11/20/2015,0.066,-0.076,0.037,0.0632,-0.015,0.1354,0.093,-0.0118,0.0091,0.0031,-0.54,-0.0029,-0.44,-0.0125
11/27/2015,0.088,-0.024,-0.023,-0.0141,-0.008,0.0667,0.021,0.0037,0.005,0.0147,0.02,-0.0028,1.84,0.0014
12/4/2015,0.077,0.096,0.005,0.0528,0.112,0.0291,0.077,-0.0148,-0.0283,-0.007,-0.4,-0.0008,-1.47,0.0121
12/11/2015,-0.101,-0.104,-0.03,-0.0405,0.023,-0.2188,0.011,0.0147,-0.0114,-0.0118,2.34,-0.037,2.09,0.0195
12/18/2015,0.103,0.079,0.012,0.1529,0.031,0.1379,0.148,0.0005,0.0102,0.0273,-0.17,-0.0208,3.03,0.0049
12/25/2015,0.011,0.044,0.041,-0.0263,0.09,0.0111,0.029,-0.0102,-0.0092,-0.0019,1.05,0.009,1.33,0.002
1/1/2016,-0.075,-0.075,-0.011,-0.03,0.148,-0.0613,0.014,-0.00103,0.0102,0.0185,0.085,-0.00013,2.35,-0.003
1/8/2016,-0.089,-0.11,0.009,-0.0213,-0.012,-0.0187,-0.038,0.03205,-0.00535,0.02079,2.804,-0.02792,6.574,0.00307
1/15/2016,0.136,0.096,0.035,0.1201,-0.033,0.0564,0.051,0.00728,0.00259,0.02521,-0.152,-0.03448,2.728,0.0018
1/22/2016,0.12,0.01,0.005,0.0879,0.092,0.0536,0.174,-0.01528,0.01144,-0.00192,-1.898,0.0418,-2.937,-0.0148
1/29/2016,-0.032,-0.088,-0.018,0.0244,-0.029,0.002,-0.163,-0.00753,-0.00402,0.00183,-2.33,0.01362,-3.103,-0.01232
2/5/2016,0.13,0.105,0.135,0.1327,-0.011,0.156,0.083,-0.00099,-0.03237,-0.02632,4.418,0.00817,3.211,0.02678
2/19/2016,-0.001,0.065,0.064,0.0747,0.027,0.017,0.104,-0.00423,0.01073,0.01368,0.906,0.00862,2.851,-0.00472
2/26/2016,0.04,0.044,0.066,0.0343,0.019,0.094,0.05,0.00106,0.01782,0.04317,-1.352,0.02679,2.987,0.00094
3/4/2016,0.05,0.062,0.075,-0.0106,-0.009,0.059,-0.056,-0.03098,-0.00848,-0.0361,-0.262,0.0206,-4.477,-0.01137
3/11/2016,-0.101,-0.125,-0.025,-0.1325,-0.023,-0.094,-0.093,-0.0142,-0.01536,-0.01499,0.055,0.00966,-1.627,-0.02986
3/18/2016,-0.113,-0.085,-0.023,-0.1028,0.041,-0.064,-0.096,-0.00528,-0.01084,-0.01051,2.156,0.02292,1.927,0.00291
3/25/2016,0.116,0.123,0.088,0.0931,0.014,0.055,0.084,0.00697,0.0096,0.03163,-1.264,-0.02074,1.737,-0.00443
4/1/2016,-0.006,0.001,0.002,-0.025,0.003,0.039,0.018,-0.01752,-0.02261,-0.0097,1.675,0.02672,1.337,0.0112
4/8/2016,0.006,0.025,-0.035,0.1244,0.041,0.033,0.042,0.01247,-0.00037,0.00946,3.409,0.00248,5.869,0.0041
4/15/2016,0.054,0.123,0.015,0.0364,-0.025,0.022,0.016,-0.01654,0.01235,-0.0072,-0.633,0.01556,-1.676,-0.0073
4/22/2016,-0.065,-0.148,0.03,-0.0316,0.003,-0.029,-0.024,-0.00485,0.00701,-0.02208,-3.451,0.02756,-7.361,-0.01271
4/29/2016,-0.199,-0.074,-0.004,-0.1587,0.008,-0.118,-0.231,0.01055,-0.02231,-0.01538,5.317,0.01116,6.063,0.03535
5/6/2016,-0.01,0.147,-0.035,0.0492,0.074,-0.073,-0.001,0.02419,0.00598,0.01665,-0.81,-0.03731,0.603,0.01287
5/13/2016,0.191,0.249,0.021,0.0403,0.03,0.12,0.168,0.00961,0.00856,0.00539,-1.44,-0.00102,-1.492,0.00521
5/20/2016,0.054,0.056,-0.006,0.0822,0.072,0.038,0.091,0.00329,0.00861,-0.01358,-1.488,-0.01728,-3.632,0.00527
5/27/2016,-0.083,-0.041,-0.009,-0.135,0.009,-0.022,-0.069,0.00465,0.01087,-0.01097,-0.28,0.00755,-1.618,-0.0056
6/3/2016,-0.014,0.043,0.007,-0.0108,0.019,0.016,0.008,-0.01868,-0.0241,0.00913,3.776,0.0085,6.486,0.01274
6/10/2016,0.192,0.057,-0.012,0.1715,-0.035,0.072,0.182,-0.00136,0.01125,0.02194,-0.264,0.01849,1.959,0.01566
6/17/2016,0.044,0.043,0.031,0.0618,0,0.047,0.046,-0.00253,-0.0031,-0.01222,2.629,-0.01023,2.469,-0.00074
6/24/2016,0.062,-0.009,-0.013,0.012,0.071,-0.0161,-0.014,-0.0037,0.02314,0.08161,2.466,-0.01513,11.909,0.00157
7/1/2016,0.092,0.1,0.038,0.0806,0.01,0.1071,0.002,-0.00678,-0.0094,0.01352,-0.716,0.01245,0.426,0.00312
7/8/2016,0.18,0.125,0.07,0.0494,0.049,0.0392,0.061,-0.01055,0.00828,0.03361,2.194,-0.0124,6.29,0.00289
7/15/2016,0.126,0.1,0.022,0.0542,-0.005,0.0544,0.112,-0.00372,-0.00183,-0.02739,-4.88,0.01101,-9.208,-0.02633
7/22/2016,-0.111,-0.093,-0.057,-0.204,-0.037,-0.1941,-0.146,0.01274,0.00767,0.01067,-0.699,-0.01982,0.208,-0.0035
7/29/2016,0.019,0.115,-0.004,0.0087,0.057,0.029,0.066,-0.0136,-0.02083,-0.01155,4.147,0.00871,4.266,0.01492
8/5/2016,0.098,0.071,-0.041,0.1201,0.005,0.089,0.09,-0.00246,0.00938,0.01692,0.423,-0.01263,2.284,-0.01289
8/12/2016,0.026,-0.042,-0.091,-0.1099,0.068,-0.048,0.013,-0.00471,-0.00742,0.01705,0.655,0.0221,2.582,0.00577
8/19/2016,0.155,0.061,0.037,0.0802,0.065,0.046,0.055,0.00308,-0.01591,-0.01621,1.099,0.00979,-0.202,0.01619
8/26/2016,-0.086,-0.026,-0.028,-0.0714,0,-0.052,-0.078,0.00502,0.01239,-0.00625,-1.179,-0.01223,-2.178,0.00332
9/2/2016,0.071,0.014,-0.005,-0.0275,0.006,0.046,0.014,-0.00145,0.00297,-0.01792,-2.093,0.00155,-4.61,0.00789
9/9/2016,-0.062,0.067,-0.054,0.0169,0.001,-0.006,0.025,0.00251,-0.00714,0.00265,1.379,-0.00408,2.135,0.00913
9/16/2016,-0.159,-0.081,-0.006,-0.0605,0.011,-0.05,-0.101,0.00532,0.00812,0.02621,0.254,-0.01718,3.02,-0.00148
9/23/2016,0.01,-0.057,0.034,-0.0211,-0.019,0.016,-0.037,-0.01325,-0.00767,0.00411,1.225,0.00495,2.008,-0.02171
9/30/2016,0.146,0.11,0.008,0.0725,0.027,0.084,0.153,-0.00384,-0.00045,0.00035,-0.387,0.00537,-0.466,0.00243
10/14/2016,-0.022,0.08,0.039,0.0188,0.021,0.048,0.031,-0.00114,0.02191,0.0261,-1.099,0.01164,1.355,-0.01335
10/21/2016,-0.138,-0.075,-0.001,-0.0339,0.03,-0.047,-0.006,0.00176,0.00894,-0.00522,0.516,-0.01898,0.086,0.01277
10/28/2016,0.098,0.025,0.003,0.0525,0.12,0.06,0.122,0.00054,-0.0103,0.00321,-0.864,-0.00391,-0.719,0.00074
11/4/2016,-0.195,-0.083,-0.01,-0.1156,-0.005,-0.172,-0.131,-0.00857,-0.01611,-0.03287,1.514,0.00139,-1.544,0.01293
11/11/2016,0.12,0.016,-0.04,0.0724,-0.053,0.037,0.044,0.01247,0.02373,-0.01254,-2.917,-0.018,-4.977,-0.01264
11/18/2016,-0.173,-0.205,-0.031,-0.3311,-0.103,-0.141,-0.246,0.02102,0.02439,0.02185,-3.998,0.00074,-2.604,0.01233
11/25/2016,-0.01,-0.076,-0.062,-0.1164,-0.095,0.082,0.008,-0.0108,-0.0005,-0.01114,-2.175,-0.00165,-3.945,-0.00897
12/2/2016,0.021,-0.06,0.004,-0.0346,0.049,0.049,-0.003,-0.00105,-0.00658,-0.0258,-0.686,0.02328,-3.786,0.01246
12/9/2016,-0.004,-0.163,-0.007,-0.0582,-0.171,-0.051,-0.063,-0.00397,-0.0025,0.00586,-2.207,0.01567,-2.114,0.00136
12/16/2016,-0.037,-0.031,-0.02,-0.086,-0.065,-0.063,-0.074,0.01408,0.01038,0.01117,-2.452,-0.02049,-1.77,-0.00424
12/23/2016,0.061,0.021,-0.017,-0.0819,-0.255,0.098,-0.06,0.01066,-1.00E-04,0.02108,0.493,-0.02031,3.089,0.00222
12/30/2016,0.111,-0.012,0.031,0.0377,0.085,0.101,0.013,-0.0031,-0.00702,-0.00459,0.247,0.0089,-0.232,0.00278
1/6/2017,0.066,0.121,0.012,0.1136,0.234,0.013,0.082,-0.00921,-0.00188,0.00595,-0.114,0.02088,0.555,-0.00935
1/13/2017,-0.117,0.093,-0.013,0.0583,-0.198,-0.111,0.025,-0.02051,-0.01042,0.00671,2.587,0.01209,3.94,-0.00446
1/20/2017,-0.022,0.048,0.008,0.0322,0.032,-0.032,-0.03,-0.0066,-0.00739,-0.03144,-0.077,-0.01956,-3.694,-0.003
1/27/2017,-0.098,-0.076,-0.01,-0.1124,-0.031,-0.114,-0.045,0.00103,0.00071,-0.01745,-0.736,0.01885,-2.918,0.0147
2/3/2017,-0.065,-0.014,-0.018,-0.0522,-0.074,-0.065,-0.062,-0.01247,-0.00653,0.00844,2.2,0.0103,3.715,-0.01065
2/10/2017,0.137,-0.061,-0.011,0.0119,0.002,0.072,0.015,0.00026,0.0148,-0.00071,-0.796,-0.00614,-1.074,-0.01618
2/17/2017,0.091,0.098,0.012,0.0539,0.071,0.095,0.032,-0.00037,0.00231,0.00752,0.755,-0.0006,1.792,-0.00286
2/24/2017,0.065,-0.09,-0.004,0.0051,0.087,0.024,0.005,-0.00026,0.00583,-0.00387,0.864,-0.00158,0.638,0.00139
3/3/2017,0.152,0.056,0.025,0.1263,0.035,0.136,0.124,0.00797,-0.00582,0.01552,-1.674,-0.02729,-0.317,-0.0123
3/10/2017,-0.034,-0.108,-0.022,-0.1415,0.04,-0.153,-0.099,0.004,-0.00751,0.01156,-0.634,-0.00816,0.548,-0.00933
3/17/2017,-0.084,-0.161,-0.014,-0.1001,-0.056,-0.151,-0.132,-0.01677,-0.00583,-0.02299,2.193,0.01137,0.077,-0.00934
3/24/2017,-0.04,0.088,0.025,0.0796,0.119,0.031,0.082,0.00768,-0.00563,-0.00859,1.387,-0.00426,0.762,0.01273
3/31/2017,0.056,0.067,0.004,0.0792,0.044,0.035,0.127,-0.00069,0.01657,-0.00343,-0.378,0.00553,-0.854,-0.00505
4/7/2017,0.083,0.025,-0.008,-0.0307,-0.03,0.054,-0.049,0.01305,0.00652,0.0167,0.196,-0.01018,2.103,0.00822
4/14/2017,0.074,0.155,0.014,0.016,0.067,0.088,0.041,-0.00771,-0.00291,-0.01542,2.485,0.00863,1.399,-0.00062
4/21/2017,0.035,0.082,0.043,0.1521,-0.029,0.053,0.085,0.00398,-0.00901,-0.02659,-0.372,-0.01847,-3.368,0.00836
4/28/2017,-0.002,-0.014,-0.004,-0.032,-0.039,-0.075,0.032,0.00848,0.00056,-0.01244,-1.207,-0.01695,-2.934,-0.0151
5/5/2017,-0.049,-0.043,0.009,0.0269,0.013,0.037,-0.031,0.00613,-0.00988,-0.00957,-1.067,-0.00055,-1.922,0.01707
5/12/2017,-0.014,-0.087,-0.006,-0.0577,-0.074,-0.088,-0.001,0.00174,0.00838,0.01036,-0.395,-0.00486,0.662,-0.00432
5/19/2017,0.034,0.055,-0.024,0.0249,-0.089,0.022,-0.048,-0.00623,-0.0271,-0.01418,1.988,0.01928,0.987,0.00269
